order_id,order_date,region,product_category,sales_rep,lead_source,units_sold,unit_price,revenue,month
500001,2025-03-09,Midwest,Smart Blinds,Rep A,Canvassing,2,340.46,680.92,2025-03
500002,2025-11-20,West,Smart Blinds,Rep E,Inbound Call,4,156.0,624.0,2025-11
500003,2024-10-24,West,Outdoor Shades,Rep D,Partner,1,268.26,268.26,2024-10
500004,2024-01-30,West,Outdoor Shades,Rep A,Website,5,541.26,2706.3,2024-01
500005,2024-09-22,West,Accessories,Rep A,Canvassing,5,372.42,1862.1,2024-09
500006,2025-08-24,Midwest,Window Treatments,Rep A,Partner,4,163.09,652.36,2025-08
500007,2025-12-04,Midwest,Window Treatments,Rep A,Referral,1,592.75,592.75,2025-12
500008,2025-11-02,South,Window Treatments,Rep E,Partner,5,252.42,1262.1,2025-11
500009,2025-03-04,West,Outdoor Shades,Rep A,Inbound Call,4,504.83,2019.32,2025-03
500010,2025-02-17,South,Window Treatments,Rep C,Referral,2,968.79,1937.58,2025-02
500011,2025-06-27,West,Window Treatments,Rep D,Referral,3,1080.49,3241.47,2025-06
500012,2025-09-16,East,Smart Blinds,Rep C,Website,2,701.84,1403.68,2025-09
500013,2024-11-14,East,Window Treatments,Rep E,Referral,5,295.89,1479.45,2024-11
500014,2024-06-26,Midwest,Outdoor Shades,Rep A,Canvassing,5,647.8,3239.0,2024-06
500015,2024-03-25,West,Smart Blinds,Rep E,Partner,4,589.57,2358.28,2024-03
500016,2025-08-09,East,Window Treatments,Rep C,Inbound Call,5,142.47,712.35,2025-08
500017,2025-09-08,South,Accessories,Rep D,Canvassing,4,187.11,748.44,2025-09
500018,2025-04-17,South,Window Treatments,Rep E,Referral,3,319.6,958.8,2025-04
500019,2024-02-12,East,Window Treatments,Rep C,Website,1,381.28,381.28,2024-02
500020,2025-01-27,South,Accessories,Rep A,Website,1,134.57,134.57,2025-01
500021,2024-10-02,West,Outdoor Shades,Rep D,Website,5,284.83,1424.15,2024-10
500022,2024-12-11,South,Window Treatments,Rep E,Referral,1,847.7,847.7,2024-12
500023,2024-12-17,West,Window Treatments,Rep B,Canvassing,3,133.19,399.57,2024-12
500024,2025-01-24,West,Outdoor Shades,Rep A,Website,4,834.54,3338.16,2025-01
500025,2025-02-06,West,Smart Blinds,Rep D,Inbound Call,3,856.68,2570.04,2025-02
500026,2025-11-10,East,Outdoor Shades,Rep A,Website,2,906.64,1813.28,2025-11
500027,2025-09-04,South,Smart Blinds,Rep A,Canvassing,1,565.53,565.53,2025-09
500028,2025-10-14,Midwest,Accessories,Rep E,Referral,3,827.22,2481.66,2025-10
500029,2025-02-22,West,Window Treatments,Rep A,Partner,5,789.38,3946.9,2025-02
500030,2024-08-18,South,Window Treatments,Rep D,Partner,1,454.13,454.13,2024-08
500031,2024-11-22,Midwest,Smart Blinds,Rep D,Website,2,351.54,703.08,2024-11
500032,2024-11-20,Midwest,Window Treatments,Rep A,Referral,4,476.84,1907.36,2024-11
500033,2025-04-23,East,Accessories,Rep E,Canvassing,1,275.38,275.38,2025-04
500034,2024-10-24,Midwest,Smart Blinds,Rep C,Website,1,820.01,820.01,2024-10
500035,2024-07-12,South,Window Treatments,Rep A,Partner,3,707.24,2121.72,2024-07
500036,2025-09-18,Midwest,Accessories,Rep A,Website,5,335.43,1677.15,2025-09
500037,2024-01-03,West,Window Treatments,Rep E,Partner,3,767.81,2303.43,2024-01
500038,2024-12-26,West,Outdoor Shades,Rep A,Canvassing,4,238.03,952.12,2024-12
500039,2024-04-26,West,Smart Blinds,Rep B,Website,1,383.18,383.18,2024-04
500040,2025-06-28,East,Smart Blinds,Rep E,Inbound Call,1,729.05,729.05,2025-06
500041,2024-06-08,East,Smart Blinds,Rep B,Canvassing,1,371.14,371.14,2024-06
500042,2025-10-25,East,Outdoor Shades,Rep C,Referral,2,283.56,567.12,2025-10
500043,2024-07-01,Midwest,Window Treatments,Rep D,Inbound Call,2,957.03,1914.06,2024-07
500044,2024-03-09,East,Outdoor Shades,Rep D,Canvassing,2,666.05,1332.1,2024-03
500045,2024-02-29,Midwest,Window Treatments,Rep E,Partner,3,1016.2,3048.6,2024-02
500046,2024-09-12,Midwest,Accessories,Rep B,Partner,2,582.35,1164.7,2024-09
500047,2025-11-19,East,Outdoor Shades,Rep B,Partner,4,758.9,3035.6,2025-11
500048,2024-03-08,East,Window Treatments,Rep B,Referral,1,380.95,380.95,2024-03
500049,2025-03-18,South,Smart Blinds,Rep D,Canvassing,4,262.68,1050.72,2025-03
500050,2025-06-22,Midwest,Outdoor Shades,Rep D,Canvassing,1,556.04,556.04,2025-06
500051,2025-12-14,West,Window Treatments,Rep B,Inbound Call,1,545.7,545.7,2025-12
500052,2025-02-21,South,Window Treatments,Rep B,Canvassing,2,317.25,634.5,2025-02
500053,2024-12-07,South,Window Treatments,Rep E,Inbound Call,1,369.06,369.06,2024-12
500054,2024-04-19,South,Outdoor Shades,Rep D,Website,3,914.04,2742.12,2024-04
500055,2025-04-15,South,Accessories,Rep D,Referral,2,873.42,1746.84,2025-04
500056,2025-04-16,East,Smart Blinds,Rep A,Referral,5,966.12,4830.6,2025-04
500057,2024-03-08,East,Smart Blinds,Rep E,Website,3,179.13,537.39,2024-03
500058,2025-04-07,Midwest,Window Treatments,Rep E,Website,3,590.25,1770.75,2025-04
500059,2024-03-30,West,Outdoor Shades,Rep B,Partner,3,339.57,1018.71,2024-03
500060,2025-09-04,South,Outdoor Shades,Rep C,Partner,5,711.18,3555.9,2025-09
500061,2024-08-07,West,Window Treatments,Rep D,Partner,3,615.97,1847.91,2024-08
500062,2024-12-21,Midwest,Smart Blinds,Rep A,Canvassing,4,782.14,3128.56,2024-12
500063,2025-04-30,East,Smart Blinds,Rep E,Canvassing,5,703.24,3516.2,2025-04
500064,2024-09-13,South,Outdoor Shades,Rep B,Referral,1,698.9,698.9,2024-09
500065,2025-01-07,East,Smart Blinds,Rep C,Website,1,749.97,749.97,2025-01
500066,2024-10-28,West,Window Treatments,Rep B,Referral,3,481.57,1444.71,2024-10
500067,2025-04-30,Midwest,Window Treatments,Rep D,Website,1,271.84,271.84,2025-04
500068,2025-03-19,West,Window Treatments,Rep A,Canvassing,1,1042.32,1042.32,2025-03
500069,2024-02-08,East,Smart Blinds,Rep A,Referral,5,1000.5,5002.5,2024-02
500070,2025-05-09,South,Outdoor Shades,Rep E,Partner,1,1082.64,1082.64,2025-05
500071,2024-06-02,South,Accessories,Rep E,Referral,1,850.99,850.99,2024-06
500072,2024-04-27,East,Outdoor Shades,Rep E,Website,5,387.02,1935.1,2024-04
500073,2024-10-30,West,Smart Blinds,Rep B,Referral,4,751.97,3007.88,2024-10
500074,2024-05-26,South,Window Treatments,Rep E,Canvassing,1,369.92,369.92,2024-05
500075,2024-09-25,Midwest,Window Treatments,Rep D,Website,3,1021.09,3063.27,2024-09
500076,2024-02-22,West,Window Treatments,Rep D,Canvassing,4,174.2,696.8,2024-02
500077,2025-07-10,East,Smart Blinds,Rep C,Referral,4,314.07,1256.28,2025-07
500078,2025-07-07,East,Outdoor Shades,Rep C,Partner,5,989.86,4949.3,2025-07
500079,2025-12-21,West,Window Treatments,Rep A,Canvassing,1,632.21,632.21,2025-12
500080,2024-11-25,West,Outdoor Shades,Rep A,Partner,5,301.88,1509.4,2024-11
500081,2025-04-11,East,Smart Blinds,Rep E,Inbound Call,2,521.8,1043.6,2025-04
500082,2024-04-15,Midwest,Accessories,Rep D,Referral,3,200.52,601.56,2024-04
500083,2024-07-02,East,Window Treatments,Rep D,Referral,5,133.14,665.7,2024-07
500084,2024-02-13,South,Smart Blinds,Rep A,Canvassing,2,169.76,339.52,2024-02
500085,2024-08-23,Midwest,Window Treatments,Rep D,Canvassing,5,591.88,2959.4,2024-08
500086,2025-09-23,Midwest,Window Treatments,Rep C,Website,2,791.7,1583.4,2025-09
500087,2024-11-08,East,Smart Blinds,Rep A,Canvassing,1,899.75,899.75,2024-11
500088,2025-10-23,East,Outdoor Shades,Rep D,Partner,4,291.46,1165.84,2025-10
500089,2024-11-13,Midwest,Window Treatments,Rep B,Canvassing,4,359.25,1437.0,2024-11
500090,2024-01-02,East,Accessories,Rep C,Partner,1,203.39,203.39,2024-01
500091,2024-03-14,Midwest,Smart Blinds,Rep B,Inbound Call,5,280.29,1401.45,2024-03
500092,2025-10-24,East,Outdoor Shades,Rep C,Canvassing,2,313.28,626.56,2025-10
500093,2025-11-21,East,Window Treatments,Rep C,Referral,5,1089.99,5449.95,2025-11
500094,2024-04-01,West,Window Treatments,Rep E,Inbound Call,1,1093.29,1093.29,2024-04
500095,2025-11-21,Midwest,Window Treatments,Rep C,Inbound Call,1,185.1,185.1,2025-11
500096,2025-03-12,West,Outdoor Shades,Rep C,Canvassing,1,719.44,719.44,2025-03
500097,2025-10-01,East,Accessories,Rep C,Website,5,184.66,923.3,2025-10
500098,2024-12-05,Midwest,Outdoor Shades,Rep C,Website,3,681.17,2043.51,2024-12
500099,2025-03-30,South,Outdoor Shades,Rep D,Referral,2,333.48,666.96,2025-03
500100,2025-10-12,West,Accessories,Rep D,Referral,3,727.85,2183.55,2025-10
500101,2025-01-21,Midwest,Outdoor Shades,Rep A,Referral,4,804.35,3217.4,2025-01
500102,2024-12-06,South,Window Treatments,Rep B,Referral,4,472.24,1888.96,2024-12
500103,2025-06-08,East,Outdoor Shades,Rep E,Partner,4,770.46,3081.84,2025-06
500104,2025-04-02,East,Window Treatments,Rep B,Website,4,363.02,1452.08,2025-04
500105,2024-03-11,Midwest,Window Treatments,Rep C,Referral,5,123.17,615.85,2024-03
500106,2025-01-16,West,Window Treatments,Rep C,Inbound Call,3,462.29,1386.87,2025-01
500107,2025-12-25,East,Window Treatments,Rep B,Website,4,793.92,3175.68,2025-12
500108,2025-06-27,West,Smart Blinds,Rep C,Partner,1,1053.74,1053.74,2025-06
500109,2024-07-25,Midwest,Outdoor Shades,Rep D,Inbound Call,2,441.57,883.14,2024-07
500110,2024-02-25,East,Outdoor Shades,Rep E,Referral,3,793.3,2379.9,2024-02
500111,2024-09-02,West,Window Treatments,Rep A,Partner,4,520.07,2080.28,2024-09
500112,2025-09-02,Midwest,Outdoor Shades,Rep D,Inbound Call,2,799.55,1599.1,2025-09
500113,2025-07-30,South,Window Treatments,Rep A,Website,5,569.43,2847.15,2025-07
500114,2024-06-24,Midwest,Accessories,Rep C,Website,1,961.73,961.73,2024-06
500115,2025-04-25,South,Outdoor Shades,Rep C,Inbound Call,4,609.46,2437.84,2025-04
500116,2024-10-19,East,Window Treatments,Rep D,Inbound Call,4,710.89,2843.56,2024-10
500117,2025-12-24,South,Smart Blinds,Rep C,Referral,1,659.12,659.12,2025-12
500118,2024-05-18,South,Outdoor Shades,Rep B,Canvassing,5,157.36,786.8,2024-05
500119,2025-11-26,West,Outdoor Shades,Rep B,Website,5,398.03,1990.15,2025-11
500120,2024-10-07,Midwest,Window Treatments,Rep A,Referral,5,948.25,4741.25,2024-10
500121,2024-02-23,East,Window Treatments,Rep C,Website,1,656.3,656.3,2024-02
500122,2024-06-05,South,Window Treatments,Rep A,Referral,1,177.26,177.26,2024-06
500123,2024-10-26,East,Smart Blinds,Rep D,Canvassing,3,205.24,615.72,2024-10
500124,2024-07-26,East,Outdoor Shades,Rep B,Website,5,817.2,4086.0,2024-07
500125,2024-05-07,West,Outdoor Shades,Rep B,Website,3,813.52,2440.56,2024-05
500126,2025-08-11,West,Window Treatments,Rep B,Inbound Call,3,783.94,2351.82,2025-08
500127,2025-10-26,East,Window Treatments,Rep D,Inbound Call,2,344.68,689.36,2025-10
500128,2025-12-30,Midwest,Window Treatments,Rep C,Partner,5,164.27,821.35,2025-12
500129,2025-05-16,Midwest,Window Treatments,Rep D,Inbound Call,1,169.13,169.13,2025-05
500130,2025-05-10,East,Smart Blinds,Rep A,Canvassing,1,619.4,619.4,2025-05
500131,2025-09-08,South,Window Treatments,Rep A,Canvassing,3,1066.5,3199.5,2025-09
500132,2024-06-27,Midwest,Smart Blinds,Rep B,Inbound Call,1,402.85,402.85,2024-06
500133,2025-04-17,West,Accessories,Rep C,Partner,2,988.91,1977.82,2025-04
500134,2024-06-13,Midwest,Smart Blinds,Rep E,Website,4,805.42,3221.68,2024-06
500135,2025-02-20,West,Accessories,Rep B,Website,2,605.93,1211.86,2025-02
500136,2025-06-06,East,Outdoor Shades,Rep C,Referral,3,708.23,2124.69,2025-06
500137,2024-04-24,West,Window Treatments,Rep D,Referral,5,380.24,1901.2,2024-04
500138,2025-03-25,East,Smart Blinds,Rep B,Website,3,291.83,875.49,2025-03
500139,2024-08-07,South,Outdoor Shades,Rep A,Referral,3,281.71,845.13,2024-08
500140,2025-09-21,Midwest,Outdoor Shades,Rep E,Website,3,498.34,1495.02,2025-09
500141,2025-08-28,South,Window Treatments,Rep E,Canvassing,1,890.42,890.42,2025-08
500142,2025-08-27,South,Window Treatments,Rep E,Referral,5,992.08,4960.4,2025-08
500143,2024-02-16,South,Outdoor Shades,Rep B,Referral,4,138.17,552.68,2024-02
500144,2024-11-14,East,Accessories,Rep D,Inbound Call,4,542.93,2171.72,2024-11
500145,2025-07-13,Midwest,Outdoor Shades,Rep D,Inbound Call,2,152.69,305.38,2025-07
500146,2025-04-01,Midwest,Outdoor Shades,Rep B,Canvassing,3,1057.32,3171.96,2025-04
500147,2024-07-30,East,Outdoor Shades,Rep B,Inbound Call,1,177.08,177.08,2024-07
500148,2025-05-29,South,Window Treatments,Rep C,Website,4,951.45,3805.8,2025-05
500149,2025-02-05,West,Accessories,Rep E,Website,2,246.13,492.26,2025-02
500150,2025-03-28,Midwest,Accessories,Rep B,Referral,2,1046.01,2092.02,2025-03
500151,2025-07-21,West,Accessories,Rep C,Website,4,376.02,1504.08,2025-07
500152,2024-10-11,West,Smart Blinds,Rep C,Referral,3,348.19,1044.57,2024-10
500153,2024-09-08,Midwest,Smart Blinds,Rep B,Website,1,1052.33,1052.33,2024-09
500154,2024-02-15,South,Outdoor Shades,Rep C,Canvassing,5,461.01,2305.05,2024-02
500155,2025-10-17,South,Window Treatments,Rep D,Partner,1,729.26,729.26,2025-10
500156,2025-07-18,West,Window Treatments,Rep E,Website,4,640.52,2562.08,2025-07
500157,2024-08-10,East,Window Treatments,Rep B,Referral,5,652.57,3262.85,2024-08
500158,2024-06-16,West,Smart Blinds,Rep D,Referral,4,1018.3,4073.2,2024-06
500159,2024-10-31,Midwest,Outdoor Shades,Rep A,Website,2,1066.29,2132.58,2024-10
500160,2024-06-18,West,Window Treatments,Rep A,Website,4,957.24,3828.96,2024-06
500161,2025-09-03,East,Window Treatments,Rep E,Canvassing,4,429.89,1719.56,2025-09
500162,2024-11-13,South,Window Treatments,Rep A,Partner,5,402.62,2013.1,2024-11
500163,2024-10-30,East,Smart Blinds,Rep A,Partner,4,338.51,1354.04,2024-10
500164,2024-12-11,South,Outdoor Shades,Rep A,Referral,4,309.55,1238.2,2024-12
500165,2024-04-08,East,Window Treatments,Rep B,Website,1,147.43,147.43,2024-04
500166,2024-05-22,Midwest,Window Treatments,Rep E,Canvassing,4,530.84,2123.36,2024-05
500167,2025-10-07,South,Window Treatments,Rep D,Referral,1,559.77,559.77,2025-10
500168,2025-09-26,South,Window Treatments,Rep A,Referral,2,695.55,1391.1,2025-09
500169,2025-10-18,East,Outdoor Shades,Rep A,Website,4,475.99,1903.96,2025-10
500170,2025-05-27,East,Smart Blinds,Rep D,Referral,4,755.14,3020.56,2025-05
500171,2025-04-24,East,Accessories,Rep C,Website,5,282.96,1414.8,2025-04
500172,2025-02-17,Midwest,Accessories,Rep D,Canvassing,2,715.15,1430.3,2025-02
500173,2024-06-11,Midwest,Smart Blinds,Rep B,Referral,1,589.27,589.27,2024-06
500174,2024-10-11,West,Outdoor Shades,Rep B,Referral,1,381.2,381.2,2024-10
500175,2024-07-21,East,Window Treatments,Rep C,Referral,3,183.43,550.29,2024-07
500176,2025-01-18,West,Window Treatments,Rep B,Partner,2,767.56,1535.12,2025-01
500177,2024-11-03,West,Smart Blinds,Rep C,Referral,2,287.62,575.24,2024-11
500178,2024-07-22,Midwest,Window Treatments,Rep E,Inbound Call,2,258.59,517.18,2024-07
500179,2024-03-26,South,Accessories,Rep D,Referral,4,1060.07,4240.28,2024-03
500180,2025-03-25,West,Smart Blinds,Rep E,Canvassing,1,933.2,933.2,2025-03
500181,2025-08-27,Midwest,Outdoor Shades,Rep B,Referral,4,196.79,787.16,2025-08
500182,2025-01-03,South,Outdoor Shades,Rep A,Partner,3,179.43,538.29,2025-01
500183,2024-12-11,Midwest,Smart Blinds,Rep D,Partner,3,272.12,816.36,2024-12
500184,2025-01-07,East,Outdoor Shades,Rep C,Website,5,593.66,2968.3,2025-01
500185,2025-07-23,Midwest,Window Treatments,Rep B,Partner,3,353.42,1060.26,2025-07
500186,2025-11-02,West,Window Treatments,Rep C,Partner,4,157.33,629.32,2025-11
500187,2024-09-11,East,Outdoor Shades,Rep D,Partner,2,527.64,1055.28,2024-09
500188,2024-04-11,East,Smart Blinds,Rep D,Website,5,738.79,3693.95,2024-04
500189,2025-06-25,East,Smart Blinds,Rep B,Partner,3,833.23,2499.69,2025-06
500190,2025-07-28,Midwest,Outdoor Shades,Rep E,Website,1,807.85,807.85,2025-07
500191,2025-09-14,Midwest,Window Treatments,Rep B,Referral,4,1054.35,4217.4,2025-09
500192,2025-10-12,West,Smart Blinds,Rep D,Partner,1,594.64,594.64,2025-10
500193,2025-03-16,South,Smart Blinds,Rep D,Website,4,209.36,837.44,2025-03
500194,2025-12-28,South,Smart Blinds,Rep A,Referral,3,433.56,1300.68,2025-12
500195,2024-03-18,Midwest,Accessories,Rep D,Website,2,981.74,1963.48,2024-03
500196,2024-05-06,Midwest,Smart Blinds,Rep B,Inbound Call,5,712.0,3560.0,2024-05
500197,2024-04-22,West,Window Treatments,Rep A,Referral,3,804.7,2414.1,2024-04
500198,2024-08-14,South,Window Treatments,Rep A,Website,4,473.94,1895.76,2024-08
500199,2024-10-01,East,Window Treatments,Rep E,Canvassing,3,755.21,2265.63,2024-10
500200,2025-02-01,Midwest,Smart Blinds,Rep A,Website,4,511.81,2047.24,2025-02
500201,2025-07-11,Midwest,Window Treatments,Rep A,Canvassing,3,546.3,1638.9,2025-07
500202,2025-12-07,South,Smart Blinds,Rep B,Referral,3,660.1,1980.3,2025-12
500203,2024-09-12,South,Smart Blinds,Rep C,Website,2,739.74,1479.48,2024-09
500204,2024-08-25,South,Window Treatments,Rep B,Referral,1,833.57,833.57,2024-08
500205,2024-12-22,East,Accessories,Rep B,Referral,1,1072.77,1072.77,2024-12
500206,2025-01-14,West,Smart Blinds,Rep C,Website,2,230.04,460.08,2025-01
500207,2024-11-28,West,Window Treatments,Rep D,Canvassing,1,261.53,261.53,2024-11
500208,2025-04-24,East,Outdoor Shades,Rep A,Referral,3,308.82,926.46,2025-04
500209,2025-02-28,Midwest,Window Treatments,Rep D,Canvassing,4,1010.06,4040.24,2025-02
500210,2025-09-29,West,Accessories,Rep B,Canvassing,3,418.72,1256.16,2025-09
500211,2024-04-25,Midwest,Window Treatments,Rep B,Inbound Call,3,417.6,1252.8,2024-04
500212,2025-12-29,South,Outdoor Shades,Rep E,Website,4,986.32,3945.28,2025-12
500213,2025-09-21,East,Outdoor Shades,Rep A,Website,1,960.56,960.56,2025-09
500214,2025-06-10,East,Window Treatments,Rep C,Canvassing,2,460.23,920.46,2025-06
500215,2024-08-11,Midwest,Smart Blinds,Rep E,Website,4,647.15,2588.6,2024-08
500216,2025-01-06,East,Outdoor Shades,Rep D,Website,3,818.59,2455.77,2025-01
500217,2024-05-18,West,Accessories,Rep B,Inbound Call,5,150.6,753.0,2024-05
500218,2024-07-13,East,Smart Blinds,Rep A,Inbound Call,2,702.61,1405.22,2024-07
500219,2025-12-23,East,Smart Blinds,Rep B,Inbound Call,1,316.23,316.23,2025-12
500220,2024-05-14,Midwest,Smart Blinds,Rep A,Website,1,1083.65,1083.65,2024-05
500221,2024-09-11,South,Outdoor Shades,Rep B,Partner,2,948.47,1896.94,2024-09
500222,2024-09-07,South,Outdoor Shades,Rep E,Referral,2,642.87,1285.74,2024-09
500223,2025-09-19,South,Outdoor Shades,Rep C,Referral,4,209.78,839.12,2025-09
500224,2024-02-17,Midwest,Window Treatments,Rep D,Website,4,770.34,3081.36,2024-02
500225,2025-04-24,Midwest,Smart Blinds,Rep E,Inbound Call,5,716.65,3583.25,2025-04
500226,2024-06-12,East,Outdoor Shades,Rep C,Referral,3,1055.34,3166.02,2024-06
500227,2024-11-06,East,Window Treatments,Rep E,Referral,5,521.37,2606.85,2024-11
500228,2025-11-05,South,Outdoor Shades,Rep C,Inbound Call,4,731.09,2924.36,2025-11
500229,2025-03-08,Midwest,Window Treatments,Rep E,Inbound Call,3,553.66,1660.98,2025-03
500230,2024-10-13,South,Smart Blinds,Rep B,Partner,4,640.71,2562.84,2024-10
500231,2025-03-23,Midwest,Accessories,Rep D,Inbound Call,4,202.86,811.44,2025-03
500232,2024-02-14,East,Accessories,Rep B,Partner,1,597.64,597.64,2024-02
500233,2025-12-01,East,Outdoor Shades,Rep C,Website,3,832.2,2496.6,2025-12
500234,2024-12-22,East,Outdoor Shades,Rep D,Partner,4,511.15,2044.6,2024-12
500235,2024-04-21,South,Accessories,Rep B,Partner,2,537.42,1074.84,2024-04
500236,2025-07-10,Midwest,Window Treatments,Rep A,Partner,4,991.99,3967.96,2025-07
500237,2024-06-30,Midwest,Smart Blinds,Rep B,Inbound Call,2,975.69,1951.38,2024-06
500238,2024-06-09,South,Smart Blinds,Rep E,Website,3,378.31,1134.93,2024-06
500239,2024-12-13,South,Outdoor Shades,Rep A,Inbound Call,3,125.83,377.49,2024-12
500240,2024-01-15,East,Accessories,Rep C,Website,3,297.3,891.9,2024-01
500241,2024-10-26,South,Outdoor Shades,Rep D,Canvassing,1,947.81,947.81,2024-10
500242,2025-12-15,Midwest,Outdoor Shades,Rep E,Partner,2,533.6,1067.2,2025-12
500243,2024-12-24,South,Window Treatments,Rep B,Website,1,225.91,225.91,2024-12
500244,2024-05-14,Midwest,Outdoor Shades,Rep C,Partner,3,626.16,1878.48,2024-05
500245,2024-11-17,East,Smart Blinds,Rep D,Inbound Call,5,558.52,2792.6,2024-11
500246,2024-07-18,West,Outdoor Shades,Rep D,Referral,5,403.73,2018.65,2024-07
500247,2025-10-28,West,Window Treatments,Rep E,Website,5,415.99,2079.95,2025-10
500248,2024-07-19,East,Window Treatments,Rep E,Website,3,1050.81,3152.43,2024-07
500249,2024-11-01,South,Window Treatments,Rep C,Canvassing,5,270.45,1352.25,2024-11
500250,2025-05-25,West,Window Treatments,Rep E,Inbound Call,2,623.48,1246.96,2025-05
500251,2025-12-14,East,Outdoor Shades,Rep C,Inbound Call,3,854.56,2563.68,2025-12
500252,2025-12-10,East,Smart Blinds,Rep A,Inbound Call,4,963.2,3852.8,2025-12
500253,2024-01-14,Midwest,Window Treatments,Rep E,Canvassing,2,570.33,1140.66,2024-01
500254,2025-10-05,East,Window Treatments,Rep C,Canvassing,3,944.43,2833.29,2025-10
500255,2024-06-18,South,Smart Blinds,Rep B,Canvassing,3,938.42,2815.26,2024-06
500256,2025-09-13,South,Window Treatments,Rep D,Referral,1,198.26,198.26,2025-09
500257,2024-02-16,South,Accessories,Rep C,Inbound Call,5,963.06,4815.3,2024-02
500258,2024-02-02,West,Window Treatments,Rep D,Website,5,730.61,3653.05,2024-02
500259,2025-03-30,West,Window Treatments,Rep D,Canvassing,3,736.84,2210.52,2025-03
500260,2025-04-21,South,Outdoor Shades,Rep D,Website,5,822.47,4112.35,2025-04
500261,2024-04-04,West,Smart Blinds,Rep A,Partner,3,654.46,1963.38,2024-04
500262,2024-09-01,Midwest,Outdoor Shades,Rep C,Canvassing,5,834.84,4174.2,2024-09
500263,2024-12-17,East,Window Treatments,Rep E,Website,4,1050.21,4200.84,2024-12
500264,2024-01-08,East,Window Treatments,Rep D,Inbound Call,3,161.42,484.26,2024-01
500265,2025-11-13,West,Smart Blinds,Rep B,Website,2,976.74,1953.48,2025-11
500266,2024-06-19,South,Window Treatments,Rep C,Referral,5,321.91,1609.55,2024-06
500267,2024-06-13,South,Window Treatments,Rep A,Canvassing,5,760.56,3802.8,2024-06
500268,2025-11-26,Midwest,Smart Blinds,Rep D,Partner,1,1059.7,1059.7,2025-11
500269,2025-10-08,West,Window Treatments,Rep A,Canvassing,4,415.53,1662.12,2025-10
500270,2025-08-09,Midwest,Smart Blinds,Rep E,Website,4,389.62,1558.48,2025-08
500271,2025-04-13,Midwest,Outdoor Shades,Rep B,Referral,3,836.63,2509.89,2025-04
500272,2025-10-13,Midwest,Outdoor Shades,Rep C,Canvassing,3,802.38,2407.14,2025-10
500273,2024-07-10,Midwest,Window Treatments,Rep B,Website,4,126.71,506.84,2024-07
500274,2024-03-07,South,Window Treatments,Rep E,Canvassing,4,473.63,1894.52,2024-03
500275,2024-01-15,East,Window Treatments,Rep C,Inbound Call,4,335.27,1341.08,2024-01
500276,2024-04-06,South,Smart Blinds,Rep B,Referral,4,314.77,1259.08,2024-04
500277,2025-04-01,West,Window Treatments,Rep A,Canvassing,3,708.14,2124.42,2025-04
500278,2025-05-14,West,Smart Blinds,Rep A,Website,2,1077.8,2155.6,2025-05
500279,2024-11-19,East,Accessories,Rep D,Partner,2,492.27,984.54,2024-11
500280,2024-09-05,East,Accessories,Rep C,Inbound Call,2,321.88,643.76,2024-09
500281,2024-01-03,West,Window Treatments,Rep B,Inbound Call,1,166.91,166.91,2024-01
500282,2025-07-31,West,Window Treatments,Rep D,Referral,3,791.69,2375.07,2025-07
500283,2025-10-23,South,Window Treatments,Rep D,Website,2,262.15,524.3,2025-10
500284,2025-08-18,Midwest,Window Treatments,Rep E,Inbound Call,3,1093.81,3281.43,2025-08
500285,2025-09-12,Midwest,Outdoor Shades,Rep E,Inbound Call,2,1093.05,2186.1,2025-09
500286,2024-01-20,South,Accessories,Rep D,Website,1,1040.18,1040.18,2024-01
500287,2025-11-12,South,Outdoor Shades,Rep E,Referral,1,336.87,336.87,2025-11
500288,2025-06-22,West,Window Treatments,Rep E,Website,4,142.5,570.0,2025-06
500289,2024-02-23,South,Window Treatments,Rep D,Canvassing,4,905.6,3622.4,2024-02
500290,2024-09-25,South,Outdoor Shades,Rep D,Website,4,144.67,578.68,2024-09
500291,2025-07-01,South,Window Treatments,Rep E,Referral,1,854.9,854.9,2025-07
500292,2025-07-25,East,Smart Blinds,Rep D,Website,3,543.28,1629.84,2025-07
500293,2024-12-13,West,Smart Blinds,Rep B,Canvassing,5,242.08,1210.4,2024-12
500294,2024-09-29,East,Smart Blinds,Rep D,Website,4,362.0,1448.0,2024-09
500295,2024-04-07,Midwest,Smart Blinds,Rep C,Partner,5,923.6,4618.0,2024-04
500296,2025-08-22,West,Outdoor Shades,Rep C,Website,3,1074.97,3224.91,2025-08
500297,2024-10-03,West,Outdoor Shades,Rep D,Inbound Call,1,710.44,710.44,2024-10
500298,2024-12-19,South,Smart Blinds,Rep E,Referral,1,973.42,973.42,2024-12
500299,2024-02-27,West,Outdoor Shades,Rep D,Website,5,937.73,4688.65,2024-02
500300,2025-10-14,Midwest,Window Treatments,Rep B,Inbound Call,3,715.26,2145.78,2025-10
500301,2025-01-10,West,Smart Blinds,Rep B,Inbound Call,1,603.18,603.18,2025-01
500302,2025-08-21,East,Accessories,Rep E,Partner,2,569.3,1138.6,2025-08
500303,2024-08-17,West,Accessories,Rep D,Inbound Call,4,143.32,573.28,2024-08
500304,2025-01-25,Midwest,Outdoor Shades,Rep D,Partner,3,289.79,869.37,2025-01
500305,2024-05-03,West,Accessories,Rep B,Canvassing,1,934.13,934.13,2024-05
500306,2025-02-06,West,Accessories,Rep A,Website,3,480.93,1442.79,2025-02
500307,2025-02-25,West,Window Treatments,Rep E,Inbound Call,1,611.58,611.58,2025-02
500308,2025-07-08,West,Window Treatments,Rep E,Partner,5,411.95,2059.75,2025-07
500309,2024-01-18,South,Smart Blinds,Rep D,Website,3,137.5,412.5,2024-01
500310,2024-07-06,Midwest,Smart Blinds,Rep E,Website,4,1055.53,4222.12,2024-07
500311,2025-12-09,East,Accessories,Rep E,Canvassing,2,377.31,754.62,2025-12
500312,2025-01-21,South,Accessories,Rep C,Partner,2,816.9,1633.8,2025-01
500313,2025-11-03,East,Outdoor Shades,Rep C,Website,1,240.97,240.97,2025-11
500314,2024-01-01,East,Window Treatments,Rep A,Canvassing,1,780.59,780.59,2024-01
500315,2025-01-19,Midwest,Window Treatments,Rep B,Canvassing,3,696.95,2090.85,2025-01
500316,2024-02-15,East,Smart Blinds,Rep E,Referral,1,549.02,549.02,2024-02
500317,2025-08-22,East,Outdoor Shades,Rep E,Partner,2,371.3,742.6,2025-08
500318,2025-09-19,East,Smart Blinds,Rep E,Partner,4,293.08,1172.32,2025-09
500319,2025-02-01,East,Accessories,Rep A,Website,4,147.86,591.44,2025-02
500320,2025-12-02,Midwest,Window Treatments,Rep A,Referral,4,705.47,2821.88,2025-12
500321,2024-02-26,Midwest,Window Treatments,Rep E,Website,5,377.32,1886.6,2024-02
500322,2025-11-23,West,Window Treatments,Rep A,Partner,5,480.27,2401.35,2025-11
500323,2024-08-24,Midwest,Accessories,Rep D,Canvassing,2,861.29,1722.58,2024-08
500324,2025-12-14,South,Outdoor Shades,Rep D,Partner,2,824.28,1648.56,2025-12
500325,2025-05-13,East,Accessories,Rep E,Referral,3,620.86,1862.58,2025-05
500326,2024-03-31,South,Window Treatments,Rep D,Canvassing,2,245.29,490.58,2024-03
500327,2024-12-31,Midwest,Window Treatments,Rep A,Partner,3,963.27,2889.81,2024-12
500328,2024-08-30,East,Window Treatments,Rep E,Canvassing,1,939.43,939.43,2024-08
500329,2025-09-23,East,Smart Blinds,Rep E,Partner,5,430.34,2151.7,2025-09
500330,2024-05-18,West,Smart Blinds,Rep B,Website,5,1010.95,5054.75,2024-05
500331,2025-11-26,South,Smart Blinds,Rep C,Canvassing,5,974.69,4873.45,2025-11
500332,2025-10-24,Midwest,Window Treatments,Rep D,Website,5,453.03,2265.15,2025-10
500333,2024-11-07,West,Accessories,Rep E,Inbound Call,2,1048.67,2097.34,2024-11
500334,2024-08-24,Midwest,Outdoor Shades,Rep C,Website,1,844.87,844.87,2024-08
500335,2025-01-02,Midwest,Smart Blinds,Rep B,Partner,3,780.77,2342.31,2025-01
500336,2025-07-29,West,Outdoor Shades,Rep B,Website,1,999.6,999.6,2025-07
500337,2024-05-25,East,Window Treatments,Rep A,Inbound Call,1,646.07,646.07,2024-05
500338,2024-05-12,West,Smart Blinds,Rep A,Canvassing,2,609.31,1218.62,2024-05
500339,2025-10-15,West,Outdoor Shades,Rep E,Referral,3,310.31,930.93,2025-10
500340,2024-05-20,East,Smart Blinds,Rep D,Canvassing,1,655.92,655.92,2024-05
500341,2025-03-14,East,Window Treatments,Rep E,Website,1,501.49,501.49,2025-03
500342,2024-08-30,West,Outdoor Shades,Rep E,Inbound Call,1,986.44,986.44,2024-08
500343,2024-09-14,Midwest,Window Treatments,Rep C,Referral,5,551.27,2756.35,2024-09
500344,2025-10-21,South,Accessories,Rep C,Canvassing,1,771.35,771.35,2025-10
500345,2025-06-17,Midwest,Smart Blinds,Rep A,Referral,2,1026.69,2053.38,2025-06
500346,2024-03-26,Midwest,Window Treatments,Rep A,Website,4,541.0,2164.0,2024-03
500347,2025-03-22,South,Outdoor Shades,Rep B,Inbound Call,2,650.74,1301.48,2025-03
500348,2025-04-29,East,Smart Blinds,Rep B,Website,2,678.46,1356.92,2025-04
500349,2024-12-02,West,Smart Blinds,Rep A,Canvassing,2,1048.3,2096.6,2024-12
500350,2025-08-09,South,Window Treatments,Rep B,Partner,5,1004.74,5023.7,2025-08
500351,2025-08-20,South,Window Treatments,Rep B,Inbound Call,4,929.96,3719.84,2025-08
500352,2024-09-30,East,Window Treatments,Rep D,Inbound Call,3,1070.03,3210.09,2024-09
500353,2024-08-07,East,Window Treatments,Rep A,Inbound Call,4,960.87,3843.48,2024-08
500354,2024-02-07,East,Smart Blinds,Rep D,Inbound Call,4,885.0,3540.0,2024-02
500355,2025-10-05,East,Accessories,Rep C,Referral,3,121.74,365.22,2025-10
500356,2024-03-15,West,Window Treatments,Rep A,Referral,1,661.71,661.71,2024-03
500357,2025-11-28,South,Smart Blinds,Rep E,Referral,4,295.64,1182.56,2025-11
500358,2024-12-14,West,Window Treatments,Rep A,Canvassing,2,497.61,995.22,2024-12
500359,2024-12-27,West,Outdoor Shades,Rep C,Partner,3,1085.73,3257.19,2024-12
500360,2024-05-05,West,Window Treatments,Rep B,Website,3,656.2,1968.6,2024-05
500361,2024-06-22,West,Window Treatments,Rep C,Canvassing,5,172.26,861.3,2024-06
500362,2025-08-02,Midwest,Window Treatments,Rep C,Partner,4,166.91,667.64,2025-08
500363,2025-04-01,West,Outdoor Shades,Rep D,Partner,1,357.15,357.15,2025-04
500364,2025-12-12,Midwest,Outdoor Shades,Rep D,Canvassing,4,487.6,1950.4,2025-12
500365,2025-09-30,West,Smart Blinds,Rep C,Partner,4,514.07,2056.28,2025-09
500366,2024-08-17,Midwest,Outdoor Shades,Rep B,Website,5,538.4,2692.0,2024-08
500367,2025-02-05,Midwest,Outdoor Shades,Rep A,Canvassing,3,764.17,2292.51,2025-02
500368,2024-05-01,East,Outdoor Shades,Rep C,Inbound Call,3,380.11,1140.33,2024-05
500369,2025-12-12,South,Window Treatments,Rep C,Website,5,1012.71,5063.55,2025-12
500370,2025-04-30,Midwest,Window Treatments,Rep D,Canvassing,4,638.1,2552.4,2025-04
500371,2024-02-23,South,Window Treatments,Rep C,Website,2,743.98,1487.96,2024-02
500372,2025-09-09,South,Outdoor Shades,Rep E,Partner,4,484.86,1939.44,2025-09
500373,2024-04-19,East,Smart Blinds,Rep B,Partner,3,176.05,528.15,2024-04
500374,2025-12-10,South,Window Treatments,Rep A,Website,3,558.08,1674.24,2025-12
500375,2025-05-23,South,Window Treatments,Rep E,Canvassing,4,917.7,3670.8,2025-05
500376,2025-11-17,East,Window Treatments,Rep E,Canvassing,2,448.28,896.56,2025-11
500377,2025-10-14,East,Outdoor Shades,Rep D,Inbound Call,4,296.03,1184.12,2025-10
500378,2025-04-01,East,Smart Blinds,Rep D,Referral,3,901.0,2703.0,2025-04
500379,2024-06-20,Midwest,Outdoor Shades,Rep B,Website,2,912.72,1825.44,2024-06
500380,2024-11-03,South,Window Treatments,Rep A,Website,3,742.41,2227.23,2024-11
500381,2025-11-12,South,Window Treatments,Rep D,Canvassing,3,265.81,797.43,2025-11
500382,2024-05-06,Midwest,Smart Blinds,Rep B,Referral,5,852.95,4264.75,2024-05
500383,2025-04-26,East,Outdoor Shades,Rep C,Website,2,940.36,1880.72,2025-04
500384,2024-06-12,West,Outdoor Shades,Rep A,Referral,3,943.25,2829.75,2024-06
500385,2025-05-08,West,Outdoor Shades,Rep E,Canvassing,5,942.76,4713.8,2025-05
500386,2024-02-16,Midwest,Window Treatments,Rep D,Partner,1,369.46,369.46,2024-02
500387,2024-02-01,West,Window Treatments,Rep A,Referral,2,691.4,1382.8,2024-02
500388,2024-02-17,South,Outdoor Shades,Rep D,Inbound Call,3,239.48,718.44,2024-02
500389,2025-11-04,South,Window Treatments,Rep D,Website,5,1004.45,5022.25,2025-11
500390,2024-11-03,Midwest,Window Treatments,Rep E,Website,1,816.05,816.05,2024-11
500391,2024-03-14,East,Window Treatments,Rep A,Canvassing,1,1028.0,1028.0,2024-03
500392,2025-07-29,South,Outdoor Shades,Rep E,Canvassing,3,585.65,1756.95,2025-07
500393,2024-12-01,East,Accessories,Rep B,Canvassing,4,272.39,1089.56,2024-12
500394,2024-03-31,East,Window Treatments,Rep E,Website,5,455.09,2275.45,2024-03
500395,2025-09-24,Midwest,Window Treatments,Rep A,Canvassing,1,835.47,835.47,2025-09
500396,2025-02-16,Midwest,Outdoor Shades,Rep E,Inbound Call,4,747.06,2988.24,2025-02
500397,2024-01-02,West,Accessories,Rep C,Canvassing,2,849.69,1699.38,2024-01
500398,2025-03-27,South,Window Treatments,Rep A,Inbound Call,4,472.45,1889.8,2025-03
500399,2025-07-26,East,Window Treatments,Rep B,Canvassing,5,894.58,4472.9,2025-07
500400,2024-12-07,East,Outdoor Shades,Rep C,Website,2,699.48,1398.96,2024-12
500401,2025-04-02,East,Smart Blinds,Rep A,Canvassing,1,862.97,862.97,2025-04
500402,2025-10-06,East,Outdoor Shades,Rep E,Partner,4,394.57,1578.28,2025-10
500403,2024-11-23,West,Window Treatments,Rep B,Partner,5,1070.37,5351.85,2024-11
500404,2025-05-09,West,Outdoor Shades,Rep D,Website,5,857.57,4287.85,2025-05
500405,2025-10-02,Midwest,Smart Blinds,Rep A,Referral,3,387.5,1162.5,2025-10
500406,2024-07-19,West,Window Treatments,Rep A,Inbound Call,5,348.7,1743.5,2024-07
500407,2025-02-22,West,Window Treatments,Rep D,Partner,2,811.44,1622.88,2025-02
500408,2025-05-12,West,Window Treatments,Rep B,Website,4,618.78,2475.12,2025-05
500409,2024-07-19,South,Window Treatments,Rep C,Canvassing,4,497.93,1991.72,2024-07
500410,2025-09-14,East,Smart Blinds,Rep A,Canvassing,1,1036.37,1036.37,2025-09
500411,2025-06-08,East,Outdoor Shades,Rep D,Partner,4,632.73,2530.92,2025-06
500412,2024-04-06,South,Window Treatments,Rep B,Inbound Call,4,447.68,1790.72,2024-04
500413,2025-02-23,South,Window Treatments,Rep B,Referral,5,930.74,4653.7,2025-02
500414,2024-05-25,East,Smart Blinds,Rep A,Referral,4,874.6,3498.4,2024-05
500415,2024-02-25,South,Window Treatments,Rep E,Partner,4,901.75,3607.0,2024-02
500416,2024-12-16,South,Accessories,Rep C,Website,1,712.75,712.75,2024-12
500417,2024-09-12,East,Window Treatments,Rep B,Partner,2,907.44,1814.88,2024-09
500418,2024-02-12,South,Window Treatments,Rep A,Inbound Call,3,194.59,583.77,2024-02
500419,2024-09-02,South,Window Treatments,Rep E,Canvassing,2,884.56,1769.12,2024-09
500420,2024-07-25,East,Outdoor Shades,Rep A,Referral,1,150.05,150.05,2024-07
500421,2025-03-22,Midwest,Smart Blinds,Rep E,Inbound Call,5,420.57,2102.85,2025-03
500422,2025-09-05,South,Window Treatments,Rep D,Website,4,639.63,2558.52,2025-09
500423,2025-11-02,West,Window Treatments,Rep E,Referral,4,316.68,1266.72,2025-11
500424,2025-10-02,West,Smart Blinds,Rep A,Canvassing,3,882.22,2646.66,2025-10
500425,2025-12-11,Midwest,Accessories,Rep C,Website,4,774.25,3097.0,2025-12
500426,2024-11-22,South,Smart Blinds,Rep D,Canvassing,3,519.24,1557.72,2024-11
500427,2025-02-17,East,Outdoor Shades,Rep E,Inbound Call,3,1017.16,3051.48,2025-02
500428,2024-05-10,Midwest,Smart Blinds,Rep A,Partner,1,248.09,248.09,2024-05
500429,2024-02-24,East,Smart Blinds,Rep D,Partner,2,227.5,455.0,2024-02
500430,2025-10-06,East,Smart Blinds,Rep D,Partner,3,749.14,2247.42,2025-10
500431,2025-10-21,West,Window Treatments,Rep C,Website,5,178.6,893.0,2025-10
500432,2025-08-19,Midwest,Smart Blinds,Rep A,Inbound Call,3,453.97,1361.91,2025-08
500433,2025-05-31,South,Smart Blinds,Rep C,Partner,1,249.15,249.15,2025-05
500434,2025-11-18,South,Window Treatments,Rep B,Website,1,245.01,245.01,2025-11
500435,2024-03-21,Midwest,Window Treatments,Rep B,Partner,2,577.47,1154.94,2024-03
500436,2024-05-28,South,Accessories,Rep B,Inbound Call,2,672.69,1345.38,2024-05
500437,2024-02-06,East,Accessories,Rep B,Inbound Call,1,166.19,166.19,2024-02
500438,2025-06-17,South,Accessories,Rep B,Partner,5,272.63,1363.15,2025-06
500439,2025-08-26,West,Outdoor Shades,Rep D,Canvassing,5,411.34,2056.7,2025-08
500440,2025-06-17,South,Accessories,Rep C,Website,2,1034.44,2068.88,2025-06
500441,2025-05-31,East,Outdoor Shades,Rep C,Inbound Call,4,538.1,2152.4,2025-05
500442,2025-08-01,East,Accessories,Rep E,Referral,2,558.92,1117.84,2025-08
500443,2024-06-01,East,Window Treatments,Rep E,Website,3,760.02,2280.06,2024-06
500444,2025-07-29,Midwest,Window Treatments,Rep C,Inbound Call,5,509.02,2545.1,2025-07
500445,2025-06-13,East,Smart Blinds,Rep A,Website,3,571.61,1714.83,2025-06
500446,2025-04-09,West,Window Treatments,Rep C,Canvassing,3,141.99,425.97,2025-04
500447,2025-05-21,East,Outdoor Shades,Rep A,Inbound Call,3,341.22,1023.66,2025-05
500448,2024-12-04,South,Outdoor Shades,Rep C,Inbound Call,1,150.24,150.24,2024-12
500449,2025-04-02,West,Smart Blinds,Rep B,Partner,3,938.89,2816.67,2025-04
500450,2025-09-22,South,Outdoor Shades,Rep B,Website,4,384.5,1538.0,2025-09
500451,2025-06-13,South,Smart Blinds,Rep C,Inbound Call,4,394.48,1577.92,2025-06
500452,2024-07-12,West,Window Treatments,Rep A,Referral,4,276.41,1105.64,2024-07
500453,2025-11-22,West,Window Treatments,Rep E,Canvassing,5,822.15,4110.75,2025-11
500454,2025-03-26,East,Smart Blinds,Rep D,Website,3,747.8,2243.4,2025-03
500455,2024-11-26,East,Outdoor Shades,Rep E,Website,2,524.12,1048.24,2024-11
500456,2025-03-10,South,Outdoor Shades,Rep E,Referral,2,217.21,434.42,2025-03
500457,2025-08-18,Midwest,Smart Blinds,Rep D,Canvassing,1,296.29,296.29,2025-08
500458,2024-12-30,East,Accessories,Rep D,Referral,4,385.03,1540.12,2024-12
500459,2025-02-04,West,Window Treatments,Rep D,Inbound Call,5,1019.69,5098.45,2025-02
500460,2024-11-16,East,Outdoor Shades,Rep A,Canvassing,2,779.7,1559.4,2024-11
500461,2024-01-12,South,Smart Blinds,Rep C,Website,3,698.73,2096.19,2024-01
500462,2024-10-16,East,Smart Blinds,Rep E,Referral,4,524.5,2098.0,2024-10
500463,2024-08-30,South,Smart Blinds,Rep B,Website,2,623.35,1246.7,2024-08
500464,2024-10-17,East,Window Treatments,Rep C,Inbound Call,5,654.54,3272.7,2024-10
500465,2024-05-08,West,Smart Blinds,Rep B,Referral,3,594.98,1784.94,2024-05
500466,2025-06-14,South,Window Treatments,Rep C,Partner,5,548.55,2742.75,2025-06
500467,2024-09-10,West,Window Treatments,Rep E,Referral,2,492.71,985.42,2024-09
500468,2024-09-04,South,Outdoor Shades,Rep E,Referral,4,844.07,3376.28,2024-09
500469,2024-05-01,East,Smart Blinds,Rep A,Partner,4,983.39,3933.56,2024-05
500470,2025-10-28,East,Outdoor Shades,Rep A,Website,4,245.04,980.16,2025-10
500471,2024-08-02,Midwest,Outdoor Shades,Rep B,Website,5,520.97,2604.85,2024-08
500472,2024-07-25,East,Smart Blinds,Rep A,Referral,5,681.01,3405.05,2024-07
500473,2025-09-28,East,Accessories,Rep A,Canvassing,5,321.97,1609.85,2025-09
500474,2025-12-13,East,Window Treatments,Rep A,Canvassing,2,787.95,1575.9,2025-12
500475,2025-11-12,South,Outdoor Shades,Rep C,Website,5,218.79,1093.95,2025-11
500476,2025-11-27,East,Window Treatments,Rep C,Canvassing,1,361.09,361.09,2025-11
500477,2024-05-17,Midwest,Smart Blinds,Rep D,Referral,4,161.84,647.36,2024-05
500478,2025-11-07,East,Window Treatments,Rep E,Referral,5,803.26,4016.3,2025-11
500479,2025-11-03,Midwest,Window Treatments,Rep C,Inbound Call,3,1028.74,3086.22,2025-11
500480,2024-02-28,East,Accessories,Rep B,Inbound Call,5,997.33,4986.65,2024-02
500481,2024-02-26,South,Outdoor Shades,Rep B,Website,2,124.19,248.38,2024-02
500482,2024-02-09,East,Accessories,Rep D,Canvassing,1,411.8,411.8,2024-02
500483,2025-07-19,South,Smart Blinds,Rep C,Canvassing,2,333.9,667.8,2025-07
500484,2025-02-27,South,Smart Blinds,Rep E,Canvassing,5,295.96,1479.8,2025-02
500485,2024-06-18,Midwest,Outdoor Shades,Rep A,Inbound Call,5,238.51,1192.55,2024-06
500486,2024-02-09,East,Outdoor Shades,Rep E,Canvassing,3,400.81,1202.43,2024-02
500487,2025-11-01,East,Outdoor Shades,Rep C,Referral,2,168.93,337.86,2025-11
500488,2024-07-25,South,Outdoor Shades,Rep D,Inbound Call,2,542.89,1085.78,2024-07
500489,2024-08-17,South,Window Treatments,Rep E,Website,1,460.67,460.67,2024-08
500490,2025-01-31,West,Accessories,Rep C,Inbound Call,5,252.4,1262.0,2025-01
500491,2024-01-27,Midwest,Smart Blinds,Rep B,Website,4,868.32,3473.28,2024-01
500492,2024-02-25,East,Window Treatments,Rep C,Inbound Call,5,1043.61,5218.05,2024-02
500493,2024-12-13,East,Smart Blinds,Rep C,Referral,4,218.45,873.8,2024-12
500494,2024-03-15,East,Outdoor Shades,Rep B,Website,1,978.39,978.39,2024-03
500495,2025-04-16,Midwest,Window Treatments,Rep C,Referral,1,562.13,562.13,2025-04
500496,2025-01-15,South,Accessories,Rep E,Referral,1,563.78,563.78,2025-01
500497,2025-12-08,East,Outdoor Shades,Rep D,Referral,1,1059.64,1059.64,2025-12
500498,2025-07-08,Midwest,Outdoor Shades,Rep E,Referral,3,260.85,782.55,2025-07
500499,2024-07-31,East,Window Treatments,Rep D,Partner,2,174.54,349.08,2024-07
500500,2024-10-23,Midwest,Window Treatments,Rep A,Inbound Call,2,735.57,1471.14,2024-10
500501,2024-07-21,West,Outdoor Shades,Rep B,Website,1,513.63,513.63,2024-07
500502,2025-10-11,East,Outdoor Shades,Rep C,Website,3,693.16,2079.48,2025-10
500503,2025-02-16,South,Window Treatments,Rep E,Inbound Call,3,306.73,920.19,2025-02
500504,2025-02-12,Midwest,Window Treatments,Rep D,Canvassing,2,770.86,1541.72,2025-02
500505,2024-11-11,East,Smart Blinds,Rep A,Referral,3,815.64,2446.92,2024-11
500506,2024-06-17,West,Smart Blinds,Rep D,Partner,2,611.86,1223.72,2024-06
500507,2024-06-27,Midwest,Window Treatments,Rep D,Website,4,139.96,559.84,2024-06
500508,2025-05-02,East,Outdoor Shades,Rep E,Inbound Call,5,368.96,1844.8,2025-05
500509,2024-08-16,West,Window Treatments,Rep B,Referral,2,926.49,1852.98,2024-08
500510,2024-01-07,East,Smart Blinds,Rep C,Website,2,503.03,1006.06,2024-01
500511,2025-05-26,Midwest,Window Treatments,Rep B,Canvassing,5,641.01,3205.05,2025-05
500512,2024-11-24,South,Accessories,Rep C,Inbound Call,5,542.12,2710.6,2024-11
500513,2025-09-07,East,Outdoor Shades,Rep D,Referral,1,129.41,129.41,2025-09
500514,2025-06-28,West,Accessories,Rep E,Referral,2,955.91,1911.82,2025-06
500515,2024-02-18,Midwest,Outdoor Shades,Rep A,Partner,4,409.0,1636.0,2024-02
500516,2025-04-14,East,Outdoor Shades,Rep B,Partner,1,292.13,292.13,2025-04
500517,2025-03-23,South,Window Treatments,Rep C,Partner,3,392.64,1177.92,2025-03
500518,2025-07-12,West,Smart Blinds,Rep B,Website,5,1079.61,5398.05,2025-07
500519,2025-09-27,South,Outdoor Shades,Rep A,Website,5,190.45,952.25,2025-09
500520,2025-05-14,East,Smart Blinds,Rep B,Referral,3,737.18,2211.54,2025-05
500521,2024-09-09,West,Outdoor Shades,Rep B,Website,3,479.08,1437.24,2024-09
500522,2025-01-02,Midwest,Window Treatments,Rep B,Partner,3,417.88,1253.64,2025-01
500523,2025-06-15,Midwest,Smart Blinds,Rep E,Canvassing,5,562.21,2811.05,2025-06
500524,2025-05-29,Midwest,Window Treatments,Rep D,Partner,5,159.88,799.4,2025-05
500525,2024-09-05,Midwest,Accessories,Rep C,Referral,5,903.2,4516.0,2024-09
500526,2025-08-08,South,Smart Blinds,Rep C,Partner,5,663.62,3318.1,2025-08
500527,2024-02-15,East,Smart Blinds,Rep C,Website,4,899.45,3597.8,2024-02
500528,2025-06-13,West,Window Treatments,Rep E,Inbound Call,5,707.41,3537.05,2025-06
500529,2025-11-25,South,Smart Blinds,Rep A,Canvassing,2,972.4,1944.8,2025-11
500530,2024-11-10,South,Outdoor Shades,Rep E,Canvassing,2,762.55,1525.1,2024-11
500531,2024-10-12,Midwest,Window Treatments,Rep E,Canvassing,2,884.24,1768.48,2024-10
500532,2025-12-20,West,Outdoor Shades,Rep A,Referral,5,692.99,3464.95,2025-12
500533,2024-03-12,Midwest,Outdoor Shades,Rep E,Partner,5,619.16,3095.8,2024-03
500534,2024-08-29,East,Smart Blinds,Rep C,Canvassing,2,955.19,1910.38,2024-08
500535,2024-07-19,South,Smart Blinds,Rep E,Inbound Call,2,887.77,1775.54,2024-07
500536,2025-02-03,South,Smart Blinds,Rep C,Website,2,856.88,1713.76,2025-02
500537,2024-03-10,East,Smart Blinds,Rep D,Website,5,370.55,1852.75,2024-03
500538,2024-01-15,East,Accessories,Rep A,Website,3,433.53,1300.59,2024-01
500539,2025-03-31,East,Window Treatments,Rep E,Canvassing,3,225.84,677.52,2025-03
500540,2025-12-16,South,Outdoor Shades,Rep E,Partner,2,363.01,726.02,2025-12
500541,2025-02-25,East,Window Treatments,Rep D,Referral,5,924.0,4620.0,2025-02
500542,2025-07-27,West,Accessories,Rep D,Website,3,386.01,1158.03,2025-07
500543,2025-02-06,West,Accessories,Rep C,Partner,3,823.13,2469.39,2025-02
500544,2024-03-11,South,Smart Blinds,Rep C,Inbound Call,4,584.77,2339.08,2024-03
500545,2024-11-23,West,Accessories,Rep B,Website,1,249.67,249.67,2024-11
500546,2025-10-16,East,Window Treatments,Rep A,Inbound Call,4,608.04,2432.16,2025-10
500547,2025-10-23,Midwest,Accessories,Rep E,Website,2,240.38,480.76,2025-10
500548,2025-05-15,South,Window Treatments,Rep C,Website,1,493.45,493.45,2025-05
500549,2025-08-17,Midwest,Window Treatments,Rep E,Partner,3,851.73,2555.19,2025-08
500550,2025-02-15,Midwest,Smart Blinds,Rep B,Partner,2,355.64,711.28,2025-02
500551,2025-04-22,South,Outdoor Shades,Rep B,Inbound Call,1,494.18,494.18,2025-04
500552,2025-10-16,East,Accessories,Rep E,Partner,1,992.28,992.28,2025-10
500553,2024-10-21,West,Outdoor Shades,Rep C,Referral,4,451.73,1806.92,2024-10
500554,2025-09-27,East,Smart Blinds,Rep C,Inbound Call,2,932.47,1864.94,2025-09
500555,2024-03-28,Midwest,Outdoor Shades,Rep D,Referral,1,789.3,789.3,2024-03
500556,2025-04-23,East,Outdoor Shades,Rep A,Website,1,239.86,239.86,2025-04
500557,2024-05-19,South,Outdoor Shades,Rep A,Partner,2,269.62,539.24,2024-05
500558,2024-07-06,South,Outdoor Shades,Rep E,Referral,5,728.4,3642.0,2024-07
500559,2024-09-07,West,Outdoor Shades,Rep D,Referral,2,181.9,363.8,2024-09
500560,2024-08-31,West,Outdoor Shades,Rep C,Canvassing,1,530.12,530.12,2024-08
500561,2024-05-11,East,Smart Blinds,Rep E,Partner,3,689.59,2068.77,2024-05
500562,2025-09-09,Midwest,Outdoor Shades,Rep B,Referral,5,364.59,1822.95,2025-09
500563,2024-08-29,West,Window Treatments,Rep A,Website,2,505.42,1010.84,2024-08
500564,2025-10-24,East,Smart Blinds,Rep A,Website,3,172.4,517.2,2025-10
500565,2024-12-23,East,Smart Blinds,Rep D,Inbound Call,4,986.57,3946.28,2024-12
500566,2024-12-11,South,Window Treatments,Rep E,Partner,5,870.46,4352.3,2024-12
500567,2025-06-30,South,Window Treatments,Rep C,Website,2,771.36,1542.72,2025-06
500568,2024-12-06,West,Smart Blinds,Rep E,Canvassing,4,290.14,1160.56,2024-12
500569,2025-09-28,South,Accessories,Rep B,Referral,1,184.33,184.33,2025-09
500570,2025-09-10,East,Smart Blinds,Rep E,Referral,3,530.19,1590.57,2025-09
500571,2025-05-04,South,Accessories,Rep B,Referral,5,1057.23,5286.15,2025-05
500572,2024-11-15,South,Outdoor Shades,Rep D,Referral,5,275.78,1378.9,2024-11
500573,2025-06-26,East,Accessories,Rep E,Inbound Call,5,676.0,3380.0,2025-06
500574,2025-10-21,East,Window Treatments,Rep A,Canvassing,2,407.81,815.62,2025-10
500575,2025-12-01,Midwest,Outdoor Shades,Rep D,Referral,3,423.92,1271.76,2025-12
500576,2024-12-08,South,Accessories,Rep B,Website,3,343.46,1030.38,2024-12
500577,2025-06-02,West,Window Treatments,Rep A,Website,4,886.36,3545.44,2025-06
500578,2025-09-04,West,Outdoor Shades,Rep D,Partner,2,181.32,362.64,2025-09
500579,2024-09-17,Midwest,Outdoor Shades,Rep C,Partner,5,689.13,3445.65,2024-09
500580,2025-12-09,South,Window Treatments,Rep E,Inbound Call,2,837.67,1675.34,2025-12
500581,2025-12-06,East,Outdoor Shades,Rep E,Referral,4,1048.5,4194.0,2025-12
500582,2025-03-30,South,Outdoor Shades,Rep A,Referral,1,209.47,209.47,2025-03
500583,2024-09-27,South,Smart Blinds,Rep C,Website,3,798.39,2395.17,2024-09
500584,2025-04-22,West,Window Treatments,Rep B,Website,5,476.55,2382.75,2025-04
500585,2025-03-14,South,Outdoor Shades,Rep B,Inbound Call,2,267.13,534.26,2025-03
500586,2024-09-17,South,Outdoor Shades,Rep B,Referral,4,683.63,2734.52,2024-09
500587,2024-07-17,West,Accessories,Rep B,Website,2,874.66,1749.32,2024-07
500588,2024-02-25,Midwest,Window Treatments,Rep D,Inbound Call,5,577.93,2889.65,2024-02
500589,2025-07-17,West,Outdoor Shades,Rep E,Inbound Call,4,1059.51,4238.04,2025-07
500590,2025-01-17,West,Smart Blinds,Rep A,Canvassing,1,327.64,327.64,2025-01
500591,2025-06-15,West,Smart Blinds,Rep E,Partner,5,180.59,902.95,2025-06
500592,2024-10-08,West,Accessories,Rep D,Inbound Call,4,384.24,1536.96,2024-10
500593,2025-11-19,West,Accessories,Rep A,Partner,5,736.08,3680.4,2025-11
500594,2025-05-10,South,Smart Blinds,Rep E,Referral,2,431.57,863.14,2025-05
500595,2025-05-17,Midwest,Window Treatments,Rep D,Canvassing,1,685.23,685.23,2025-05
500596,2025-04-24,South,Outdoor Shades,Rep C,Inbound Call,5,650.54,3252.7,2025-04
500597,2025-12-23,West,Window Treatments,Rep A,Referral,3,455.89,1367.67,2025-12
500598,2024-09-29,West,Accessories,Rep E,Referral,1,199.22,199.22,2024-09
500599,2025-05-22,West,Window Treatments,Rep E,Partner,3,951.31,2853.93,2025-05
500600,2024-06-26,South,Window Treatments,Rep D,Inbound Call,4,962.83,3851.32,2024-06
500601,2025-08-21,South,Window Treatments,Rep E,Inbound Call,3,668.61,2005.83,2025-08
500602,2025-10-07,East,Window Treatments,Rep D,Canvassing,5,519.05,2595.25,2025-10
500603,2025-09-23,Midwest,Window Treatments,Rep E,Website,3,1083.15,3249.45,2025-09
500604,2024-11-27,South,Window Treatments,Rep E,Referral,3,1070.15,3210.45,2024-11
500605,2025-04-07,East,Outdoor Shades,Rep E,Inbound Call,3,815.8,2447.4,2025-04
500606,2025-04-29,Midwest,Window Treatments,Rep D,Canvassing,2,498.77,997.54,2025-04
500607,2025-04-13,East,Accessories,Rep C,Partner,2,202.97,405.94,2025-04
500608,2025-06-09,Midwest,Smart Blinds,Rep B,Canvassing,4,308.78,1235.12,2025-06
500609,2024-03-18,East,Window Treatments,Rep D,Website,3,1069.19,3207.57,2024-03
500610,2025-06-27,Midwest,Window Treatments,Rep B,Referral,3,440.94,1322.82,2025-06
500611,2025-04-06,Midwest,Window Treatments,Rep A,Website,5,975.0,4875.0,2025-04
500612,2024-01-12,East,Accessories,Rep C,Inbound Call,4,172.99,691.96,2024-01
500613,2025-07-17,East,Outdoor Shades,Rep A,Referral,4,262.9,1051.6,2025-07
500614,2025-01-05,East,Outdoor Shades,Rep E,Canvassing,4,977.94,3911.76,2025-01
500615,2025-04-26,Midwest,Window Treatments,Rep C,Canvassing,2,494.13,988.26,2025-04
500616,2025-01-07,East,Outdoor Shades,Rep A,Referral,5,760.14,3800.7,2025-01
500617,2024-03-17,East,Window Treatments,Rep C,Website,3,328.82,986.46,2024-03
500618,2025-10-28,South,Accessories,Rep C,Website,5,656.15,3280.75,2025-10
500619,2025-12-03,Midwest,Outdoor Shades,Rep B,Referral,5,900.49,4502.45,2025-12
500620,2025-02-06,East,Outdoor Shades,Rep C,Referral,5,1024.16,5120.8,2025-02
500621,2025-08-25,East,Outdoor Shades,Rep A,Canvassing,5,748.87,3744.35,2025-08
500622,2025-08-11,Midwest,Outdoor Shades,Rep C,Website,5,769.53,3847.65,2025-08
500623,2025-02-01,East,Smart Blinds,Rep A,Referral,2,994.84,1989.68,2025-02
500624,2024-08-20,East,Accessories,Rep E,Referral,4,747.23,2988.92,2024-08
500625,2024-09-27,East,Window Treatments,Rep B,Inbound Call,4,136.89,547.56,2024-09
500626,2025-12-28,Midwest,Outdoor Shades,Rep B,Inbound Call,3,739.95,2219.85,2025-12
500627,2025-07-27,Midwest,Outdoor Shades,Rep C,Website,4,773.18,3092.72,2025-07
500628,2025-08-17,South,Outdoor Shades,Rep D,Website,3,476.98,1430.94,2025-08
500629,2025-11-26,Midwest,Outdoor Shades,Rep E,Referral,2,222.04,444.08,2025-11
500630,2024-07-15,West,Smart Blinds,Rep C,Partner,4,752.2,3008.8,2024-07
500631,2025-10-23,South,Smart Blinds,Rep A,Referral,2,199.75,399.5,2025-10
500632,2025-04-13,East,Outdoor Shades,Rep A,Referral,1,413.52,413.52,2025-04
500633,2025-04-10,South,Window Treatments,Rep D,Inbound Call,1,123.53,123.53,2025-04
500634,2025-12-31,South,Outdoor Shades,Rep D,Referral,2,330.56,661.12,2025-12
500635,2024-02-26,West,Outdoor Shades,Rep E,Inbound Call,1,877.05,877.05,2024-02
500636,2024-05-10,West,Outdoor Shades,Rep D,Partner,4,541.05,2164.2,2024-05
500637,2025-03-04,West,Smart Blinds,Rep D,Partner,2,453.37,906.74,2025-03
500638,2024-08-15,South,Smart Blinds,Rep D,Partner,4,1082.6,4330.4,2024-08
500639,2024-05-02,East,Window Treatments,Rep B,Partner,2,317.61,635.22,2024-05
500640,2024-01-11,West,Smart Blinds,Rep E,Inbound Call,3,127.73,383.19,2024-01
500641,2025-10-18,South,Accessories,Rep D,Inbound Call,4,174.92,699.68,2025-10
500642,2024-03-26,South,Window Treatments,Rep E,Inbound Call,3,517.28,1551.84,2024-03
500643,2025-02-01,Midwest,Window Treatments,Rep B,Partner,4,927.31,3709.24,2025-02
500644,2025-09-03,South,Window Treatments,Rep C,Canvassing,3,1018.37,3055.11,2025-09
500645,2025-08-22,Midwest,Accessories,Rep D,Canvassing,1,365.54,365.54,2025-08
500646,2025-09-18,South,Smart Blinds,Rep C,Inbound Call,3,1083.26,3249.78,2025-09
500647,2024-08-23,East,Smart Blinds,Rep E,Referral,5,1052.34,5261.7,2024-08
500648,2024-04-21,West,Smart Blinds,Rep D,Canvassing,4,175.73,702.92,2024-04
500649,2024-01-09,Midwest,Window Treatments,Rep E,Canvassing,1,1039.13,1039.13,2024-01
500650,2024-03-31,West,Window Treatments,Rep B,Canvassing,2,1006.63,2013.26,2024-03
500651,2025-02-26,South,Window Treatments,Rep D,Partner,4,239.1,956.4,2025-02
500652,2024-05-02,South,Accessories,Rep A,Partner,3,251.34,754.02,2024-05
500653,2024-09-21,South,Accessories,Rep D,Website,2,154.98,309.96,2024-09
500654,2024-04-21,East,Outdoor Shades,Rep D,Inbound Call,1,600.99,600.99,2024-04
500655,2025-12-12,East,Window Treatments,Rep A,Canvassing,3,881.1,2643.3,2025-12
500656,2025-09-17,East,Smart Blinds,Rep E,Inbound Call,4,482.94,1931.76,2025-09
500657,2025-11-04,West,Window Treatments,Rep E,Canvassing,4,642.91,2571.64,2025-11
500658,2024-12-17,East,Accessories,Rep C,Referral,4,795.56,3182.24,2024-12
500659,2024-08-29,Midwest,Window Treatments,Rep D,Website,2,931.79,1863.58,2024-08
500660,2024-02-05,West,Window Treatments,Rep A,Referral,1,257.01,257.01,2024-02
500661,2024-03-10,East,Outdoor Shades,Rep B,Referral,2,510.56,1021.12,2024-03
500662,2025-02-09,South,Window Treatments,Rep B,Referral,3,622.17,1866.51,2025-02
500663,2025-01-19,West,Smart Blinds,Rep A,Website,5,910.79,4553.95,2025-01
500664,2025-07-17,South,Outdoor Shades,Rep E,Canvassing,3,404.68,1214.04,2025-07
500665,2025-11-01,Midwest,Window Treatments,Rep D,Inbound Call,1,523.22,523.22,2025-11
500666,2025-11-06,Midwest,Window Treatments,Rep B,Partner,1,413.24,413.24,2025-11
500667,2025-04-14,Midwest,Window Treatments,Rep B,Referral,2,503.12,1006.24,2025-04
500668,2025-07-21,South,Outdoor Shades,Rep D,Canvassing,3,644.03,1932.09,2025-07
500669,2025-12-21,East,Accessories,Rep E,Referral,1,215.46,215.46,2025-12
500670,2025-04-15,East,Window Treatments,Rep C,Partner,1,731.47,731.47,2025-04
500671,2024-02-07,South,Smart Blinds,Rep C,Canvassing,5,887.25,4436.25,2024-02
500672,2024-02-04,East,Smart Blinds,Rep C,Referral,4,382.9,1531.6,2024-02
500673,2025-03-04,Midwest,Smart Blinds,Rep E,Canvassing,2,221.42,442.84,2025-03
500674,2025-08-18,Midwest,Outdoor Shades,Rep D,Website,3,876.72,2630.16,2025-08
500675,2024-06-18,West,Outdoor Shades,Rep A,Inbound Call,1,443.37,443.37,2024-06
500676,2024-03-26,South,Window Treatments,Rep C,Website,4,286.31,1145.24,2024-03
500677,2025-08-02,Midwest,Window Treatments,Rep C,Referral,5,448.68,2243.4,2025-08
500678,2024-08-11,East,Window Treatments,Rep E,Website,4,341.77,1367.08,2024-08
500679,2025-02-07,East,Outdoor Shades,Rep E,Canvassing,5,475.87,2379.35,2025-02
500680,2025-11-10,West,Smart Blinds,Rep E,Partner,5,452.67,2263.35,2025-11
500681,2024-03-16,West,Window Treatments,Rep A,Canvassing,4,287.85,1151.4,2024-03
500682,2025-03-17,West,Window Treatments,Rep D,Canvassing,5,595.67,2978.35,2025-03
500683,2025-08-23,South,Window Treatments,Rep B,Partner,2,177.97,355.94,2025-08
500684,2025-07-16,Midwest,Smart Blinds,Rep B,Partner,5,868.2,4341.0,2025-07
500685,2024-10-01,West,Window Treatments,Rep B,Inbound Call,3,916.25,2748.75,2024-10
500686,2025-06-26,South,Window Treatments,Rep A,Canvassing,4,1058.36,4233.44,2025-06
500687,2025-08-11,West,Window Treatments,Rep A,Referral,5,618.31,3091.55,2025-08
500688,2024-08-26,Midwest,Outdoor Shades,Rep D,Website,4,1042.83,4171.32,2024-08
500689,2025-09-09,East,Outdoor Shades,Rep A,Referral,4,715.3,2861.2,2025-09
500690,2024-01-10,Midwest,Outdoor Shades,Rep D,Referral,5,760.48,3802.4,2024-01
500691,2024-09-25,Midwest,Outdoor Shades,Rep E,Inbound Call,3,854.76,2564.28,2024-09
500692,2025-08-20,West,Smart Blinds,Rep A,Inbound Call,1,252.32,252.32,2025-08
500693,2024-05-29,East,Smart Blinds,Rep A,Website,1,716.37,716.37,2024-05
500694,2025-06-07,South,Window Treatments,Rep B,Inbound Call,2,503.51,1007.02,2025-06
500695,2024-06-18,Midwest,Smart Blinds,Rep C,Inbound Call,1,785.24,785.24,2024-06
500696,2024-06-03,Midwest,Smart Blinds,Rep A,Referral,1,1042.98,1042.98,2024-06
500697,2025-02-13,South,Window Treatments,Rep A,Canvassing,5,456.63,2283.15,2025-02
500698,2024-01-23,West,Accessories,Rep D,Referral,3,298.56,895.68,2024-01
500699,2025-03-25,East,Window Treatments,Rep C,Canvassing,1,1041.32,1041.32,2025-03
500700,2024-08-30,East,Outdoor Shades,Rep B,Partner,1,648.37,648.37,2024-08
500701,2024-09-25,Midwest,Smart Blinds,Rep A,Canvassing,2,569.63,1139.26,2024-09
500702,2024-05-27,East,Outdoor Shades,Rep E,Website,5,425.82,2129.1,2024-05
500703,2024-09-14,West,Accessories,Rep C,Inbound Call,4,718.17,2872.68,2024-09
500704,2025-01-06,Midwest,Window Treatments,Rep A,Canvassing,5,706.43,3532.15,2025-01
500705,2024-12-07,South,Window Treatments,Rep D,Canvassing,1,885.11,885.11,2024-12
500706,2025-11-19,West,Outdoor Shades,Rep A,Referral,5,603.97,3019.85,2025-11
500707,2024-12-31,West,Window Treatments,Rep B,Website,4,1057.16,4228.64,2024-12
500708,2025-08-11,West,Window Treatments,Rep C,Canvassing,5,860.41,4302.05,2025-08
500709,2024-11-18,South,Outdoor Shades,Rep E,Canvassing,5,999.87,4999.35,2024-11
500710,2024-02-03,Midwest,Outdoor Shades,Rep A,Referral,3,959.79,2879.37,2024-02
500711,2025-05-09,West,Smart Blinds,Rep C,Website,2,929.96,1859.92,2025-05
500712,2025-09-05,Midwest,Outdoor Shades,Rep A,Partner,2,467.13,934.26,2025-09
500713,2024-02-20,West,Outdoor Shades,Rep C,Canvassing,4,337.05,1348.2,2024-02
500714,2024-03-28,West,Outdoor Shades,Rep E,Canvassing,3,170.51,511.53,2024-03
500715,2025-03-31,South,Smart Blinds,Rep E,Inbound Call,3,1085.23,3255.69,2025-03
500716,2025-12-06,West,Window Treatments,Rep D,Canvassing,4,1011.01,4044.04,2025-12
500717,2024-10-07,Midwest,Smart Blinds,Rep C,Inbound Call,2,342.93,685.86,2024-10
500718,2025-11-27,Midwest,Smart Blinds,Rep D,Canvassing,5,1086.28,5431.4,2025-11
500719,2025-08-21,East,Window Treatments,Rep D,Canvassing,1,635.5,635.5,2025-08
500720,2024-08-05,South,Window Treatments,Rep C,Canvassing,2,942.62,1885.24,2024-08
500721,2025-09-05,South,Smart Blinds,Rep C,Inbound Call,4,422.63,1690.52,2025-09
500722,2024-03-24,Midwest,Accessories,Rep C,Inbound Call,4,238.6,954.4,2024-03
500723,2025-07-05,South,Smart Blinds,Rep B,Canvassing,4,787.46,3149.84,2025-07
500724,2024-09-18,Midwest,Outdoor Shades,Rep E,Website,4,185.13,740.52,2024-09
500725,2025-05-16,South,Accessories,Rep C,Partner,2,997.81,1995.62,2025-05
500726,2024-06-08,Midwest,Smart Blinds,Rep C,Inbound Call,1,240.35,240.35,2024-06
500727,2025-09-04,Midwest,Window Treatments,Rep D,Website,5,515.65,2578.25,2025-09
500728,2025-09-04,West,Smart Blinds,Rep E,Canvassing,4,879.38,3517.52,2025-09
500729,2024-08-23,South,Outdoor Shades,Rep C,Canvassing,1,377.28,377.28,2024-08
500730,2024-02-07,Midwest,Outdoor Shades,Rep C,Partner,2,833.12,1666.24,2024-02
500731,2025-11-29,East,Smart Blinds,Rep E,Canvassing,2,450.72,901.44,2025-11
500732,2025-04-13,Midwest,Accessories,Rep B,Inbound Call,1,941.46,941.46,2025-04
500733,2025-10-04,South,Window Treatments,Rep A,Referral,5,933.52,4667.6,2025-10
500734,2024-03-28,Midwest,Smart Blinds,Rep C,Inbound Call,5,131.54,657.7,2024-03
500735,2025-08-02,East,Outdoor Shades,Rep C,Partner,5,654.08,3270.4,2025-08
500736,2025-09-05,West,Accessories,Rep A,Partner,5,480.06,2400.3,2025-09
500737,2024-02-16,South,Outdoor Shades,Rep D,Partner,4,587.02,2348.08,2024-02
500738,2024-07-05,West,Outdoor Shades,Rep A,Partner,4,923.19,3692.76,2024-07
500739,2025-03-29,South,Outdoor Shades,Rep B,Inbound Call,3,154.61,463.83,2025-03
500740,2024-08-23,South,Window Treatments,Rep A,Inbound Call,4,461.76,1847.04,2024-08
500741,2024-01-15,Midwest,Window Treatments,Rep E,Inbound Call,4,370.91,1483.64,2024-01
500742,2025-04-15,West,Window Treatments,Rep D,Inbound Call,3,926.95,2780.85,2025-04
500743,2024-09-02,Midwest,Outdoor Shades,Rep C,Website,2,956.21,1912.42,2024-09
500744,2025-09-21,West,Window Treatments,Rep E,Referral,3,695.0,2085.0,2025-09
500745,2024-05-05,Midwest,Smart Blinds,Rep D,Canvassing,1,864.07,864.07,2024-05
500746,2025-02-11,East,Window Treatments,Rep D,Canvassing,4,399.33,1597.32,2025-02
500747,2025-07-25,South,Outdoor Shades,Rep B,Partner,2,1014.73,2029.46,2025-07
500748,2024-08-09,Midwest,Window Treatments,Rep C,Partner,3,742.65,2227.95,2024-08
500749,2024-12-28,South,Window Treatments,Rep E,Inbound Call,5,470.32,2351.6,2024-12
500750,2025-07-24,West,Outdoor Shades,Rep E,Partner,3,670.5,2011.5,2025-07
500751,2025-01-15,West,Window Treatments,Rep B,Inbound Call,3,377.83,1133.49,2025-01
500752,2024-08-18,Midwest,Smart Blinds,Rep A,Inbound Call,1,970.27,970.27,2024-08
500753,2024-07-02,West,Window Treatments,Rep D,Referral,5,988.34,4941.7,2024-07
500754,2024-06-18,West,Window Treatments,Rep D,Inbound Call,4,371.16,1484.64,2024-06
500755,2024-10-09,West,Outdoor Shades,Rep B,Website,2,697.67,1395.34,2024-10
500756,2025-06-24,Midwest,Window Treatments,Rep A,Partner,1,744.1,744.1,2025-06
500757,2025-03-15,Midwest,Smart Blinds,Rep A,Referral,1,1059.41,1059.41,2025-03
500758,2025-03-02,West,Outdoor Shades,Rep A,Inbound Call,4,488.78,1955.12,2025-03
500759,2025-02-11,South,Smart Blinds,Rep E,Canvassing,3,433.49,1300.47,2025-02
500760,2024-05-15,West,Window Treatments,Rep B,Inbound Call,3,1079.4,3238.2,2024-05
500761,2025-04-30,East,Window Treatments,Rep D,Inbound Call,2,1097.85,2195.7,2025-04
500762,2025-05-18,West,Smart Blinds,Rep A,Canvassing,3,183.82,551.46,2025-05
500763,2025-05-27,Midwest,Window Treatments,Rep D,Website,4,490.13,1960.52,2025-05
500764,2024-04-05,South,Smart Blinds,Rep E,Website,4,701.28,2805.12,2024-04
500765,2025-12-15,South,Accessories,Rep E,Partner,5,592.35,2961.75,2025-12
500766,2024-05-11,West,Window Treatments,Rep C,Inbound Call,1,325.68,325.68,2024-05
500767,2024-05-27,West,Window Treatments,Rep B,Referral,2,1041.87,2083.74,2024-05
500768,2024-04-19,East,Outdoor Shades,Rep C,Partner,4,888.92,3555.68,2024-04
500769,2025-03-11,South,Smart Blinds,Rep B,Partner,4,360.94,1443.76,2025-03
500770,2024-09-11,Midwest,Window Treatments,Rep A,Inbound Call,2,685.33,1370.66,2024-09
500771,2024-11-09,West,Outdoor Shades,Rep B,Inbound Call,5,899.19,4495.95,2024-11
500772,2025-01-30,Midwest,Accessories,Rep A,Website,4,617.34,2469.36,2025-01
500773,2024-09-17,West,Window Treatments,Rep E,Inbound Call,2,917.17,1834.34,2024-09
500774,2024-10-12,South,Outdoor Shades,Rep B,Canvassing,1,776.04,776.04,2024-10
500775,2024-10-05,East,Window Treatments,Rep A,Canvassing,3,969.02,2907.06,2024-10
500776,2025-12-19,South,Window Treatments,Rep A,Inbound Call,4,431.52,1726.08,2025-12
500777,2024-11-22,West,Window Treatments,Rep D,Website,1,1098.2,1098.2,2024-11
500778,2024-09-12,East,Smart Blinds,Rep C,Website,3,820.07,2460.21,2024-09
500779,2024-05-22,West,Window Treatments,Rep B,Website,2,346.42,692.84,2024-05
500780,2025-08-15,Midwest,Window Treatments,Rep E,Website,2,902.73,1805.46,2025-08
500781,2025-09-30,Midwest,Accessories,Rep B,Canvassing,1,894.65,894.65,2025-09
500782,2025-02-15,West,Accessories,Rep A,Partner,1,292.98,292.98,2025-02
500783,2025-11-08,Midwest,Window Treatments,Rep A,Referral,1,565.84,565.84,2025-11
500784,2024-08-02,Midwest,Outdoor Shades,Rep A,Website,1,849.32,849.32,2024-08
500785,2024-04-26,South,Window Treatments,Rep C,Website,3,647.5,1942.5,2024-04
500786,2025-01-07,West,Smart Blinds,Rep D,Website,2,322.8,645.6,2025-01
500787,2025-05-14,West,Smart Blinds,Rep E,Partner,2,510.2,1020.4,2025-05
500788,2025-08-02,South,Window Treatments,Rep C,Canvassing,4,235.32,941.28,2025-08
500789,2024-08-30,Midwest,Window Treatments,Rep E,Canvassing,2,239.45,478.9,2024-08
500790,2025-09-17,Midwest,Window Treatments,Rep D,Referral,3,239.86,719.58,2025-09
500791,2024-09-15,Midwest,Outdoor Shades,Rep D,Referral,2,192.81,385.62,2024-09
500792,2025-06-25,West,Window Treatments,Rep D,Partner,4,1024.61,4098.44,2025-06
500793,2024-05-19,West,Window Treatments,Rep A,Inbound Call,3,173.78,521.34,2024-05
500794,2024-02-10,South,Outdoor Shades,Rep C,Inbound Call,5,385.26,1926.3,2024-02
500795,2024-06-07,Midwest,Outdoor Shades,Rep E,Inbound Call,3,831.37,2494.11,2024-06
500796,2025-10-17,West,Outdoor Shades,Rep B,Website,1,601.92,601.92,2025-10
500797,2025-02-27,South,Accessories,Rep E,Website,3,946.79,2840.37,2025-02
500798,2024-06-18,West,Window Treatments,Rep A,Referral,3,235.96,707.88,2024-06
500799,2025-08-13,West,Outdoor Shades,Rep D,Inbound Call,5,905.25,4526.25,2025-08
500800,2024-12-06,East,Outdoor Shades,Rep C,Referral,1,207.29,207.29,2024-12
500801,2025-07-22,West,Window Treatments,Rep B,Website,3,1029.49,3088.47,2025-07
500802,2025-09-01,East,Window Treatments,Rep D,Inbound Call,5,925.99,4629.95,2025-09
500803,2024-07-06,West,Outdoor Shades,Rep A,Inbound Call,5,153.27,766.35,2024-07
500804,2024-11-22,South,Accessories,Rep D,Inbound Call,3,420.89,1262.67,2024-11
500805,2024-10-13,East,Accessories,Rep B,Partner,5,428.36,2141.8,2024-10
500806,2024-07-18,Midwest,Outdoor Shades,Rep B,Partner,1,766.6,766.6,2024-07
500807,2024-03-14,Midwest,Outdoor Shades,Rep B,Canvassing,4,900.0,3600.0,2024-03
500808,2024-06-03,South,Smart Blinds,Rep E,Partner,2,329.48,658.96,2024-06
500809,2025-02-18,South,Outdoor Shades,Rep A,Inbound Call,4,544.47,2177.88,2025-02
500810,2025-11-01,East,Smart Blinds,Rep D,Partner,1,986.21,986.21,2025-11
500811,2024-02-14,South,Window Treatments,Rep D,Partner,4,733.47,2933.88,2024-02
500812,2025-03-03,Midwest,Accessories,Rep A,Website,5,424.96,2124.8,2025-03
500813,2025-09-08,Midwest,Smart Blinds,Rep E,Partner,3,762.27,2286.81,2025-09
500814,2025-05-12,East,Window Treatments,Rep C,Canvassing,5,947.52,4737.6,2025-05
500815,2025-06-24,South,Accessories,Rep A,Inbound Call,3,1008.95,3026.85,2025-06
500816,2025-02-04,Midwest,Outdoor Shades,Rep B,Referral,3,481.13,1443.39,2025-02
500817,2025-12-29,West,Smart Blinds,Rep A,Inbound Call,5,193.14,965.7,2025-12
500818,2024-01-26,West,Window Treatments,Rep D,Canvassing,1,908.17,908.17,2024-01
500819,2024-12-30,South,Smart Blinds,Rep D,Inbound Call,2,1044.18,2088.36,2024-12
500820,2025-02-13,Midwest,Accessories,Rep D,Canvassing,1,496.05,496.05,2025-02
500821,2024-06-04,South,Outdoor Shades,Rep C,Canvassing,5,502.9,2514.5,2024-06
500822,2024-05-03,Midwest,Outdoor Shades,Rep E,Partner,3,664.76,1994.28,2024-05
500823,2024-09-15,South,Smart Blinds,Rep E,Inbound Call,1,832.7,832.7,2024-09
500824,2025-09-20,East,Window Treatments,Rep B,Canvassing,4,554.09,2216.36,2025-09
500825,2024-10-20,West,Smart Blinds,Rep B,Website,4,359.28,1437.12,2024-10
500826,2025-05-26,West,Window Treatments,Rep A,Website,2,1031.43,2062.86,2025-05
500827,2025-01-07,East,Outdoor Shades,Rep A,Inbound Call,4,805.38,3221.52,2025-01
500828,2024-04-13,East,Window Treatments,Rep A,Website,1,436.52,436.52,2024-04
500829,2025-03-24,West,Window Treatments,Rep C,Canvassing,5,1021.93,5109.65,2025-03
500830,2025-04-14,Midwest,Smart Blinds,Rep E,Canvassing,1,150.51,150.51,2025-04
500831,2025-08-12,East,Window Treatments,Rep C,Referral,4,592.96,2371.84,2025-08
500832,2024-12-18,East,Accessories,Rep E,Referral,5,702.37,3511.85,2024-12
500833,2024-01-28,East,Accessories,Rep D,Referral,2,965.14,1930.28,2024-01
500834,2024-05-09,West,Window Treatments,Rep C,Partner,5,276.31,1381.55,2024-05
500835,2025-09-05,South,Outdoor Shades,Rep E,Referral,5,572.32,2861.6,2025-09
500836,2024-10-31,South,Window Treatments,Rep C,Inbound Call,3,327.66,982.98,2024-10
500837,2025-12-24,West,Window Treatments,Rep B,Canvassing,3,493.2,1479.6,2025-12
500838,2025-10-25,West,Outdoor Shades,Rep D,Partner,3,190.43,571.29,2025-10
500839,2025-01-08,South,Window Treatments,Rep D,Partner,3,372.55,1117.65,2025-01
500840,2025-05-26,West,Smart Blinds,Rep C,Website,1,1037.41,1037.41,2025-05
500841,2025-12-05,South,Window Treatments,Rep C,Partner,1,650.27,650.27,2025-12
500842,2024-11-01,East,Window Treatments,Rep B,Website,4,513.89,2055.56,2024-11
500843,2025-01-21,Midwest,Accessories,Rep A,Inbound Call,2,220.84,441.68,2025-01
500844,2024-05-09,Midwest,Window Treatments,Rep B,Partner,3,826.64,2479.92,2024-05
500845,2024-01-19,East,Accessories,Rep D,Partner,3,285.74,857.22,2024-01
500846,2024-03-13,East,Accessories,Rep B,Inbound Call,4,929.59,3718.36,2024-03
500847,2025-05-14,West,Window Treatments,Rep D,Canvassing,1,362.68,362.68,2025-05
500848,2025-07-20,East,Accessories,Rep B,Inbound Call,5,565.08,2825.4,2025-07
500849,2024-01-21,East,Accessories,Rep D,Canvassing,5,130.63,653.15,2024-01
500850,2025-10-11,East,Accessories,Rep C,Canvassing,2,974.3,1948.6,2025-10
500851,2024-07-28,East,Window Treatments,Rep E,Website,3,979.8,2939.4,2024-07
500852,2024-09-04,Midwest,Smart Blinds,Rep D,Referral,1,565.44,565.44,2024-09
500853,2024-02-28,East,Accessories,Rep D,Partner,2,805.66,1611.32,2024-02
500854,2024-09-18,East,Window Treatments,Rep A,Website,3,464.75,1394.25,2024-09
500855,2025-12-22,Midwest,Window Treatments,Rep A,Canvassing,5,703.08,3515.4,2025-12
500856,2025-09-27,East,Smart Blinds,Rep D,Referral,3,751.32,2253.96,2025-09
500857,2025-11-21,South,Window Treatments,Rep C,Inbound Call,5,381.04,1905.2,2025-11
500858,2025-12-28,East,Window Treatments,Rep A,Canvassing,5,406.47,2032.35,2025-12
500859,2025-04-23,Midwest,Outdoor Shades,Rep E,Website,1,899.41,899.41,2025-04
500860,2025-03-16,West,Accessories,Rep A,Website,3,447.49,1342.47,2025-03
500861,2025-06-14,Midwest,Accessories,Rep A,Inbound Call,3,483.16,1449.48,2025-06
500862,2025-02-01,South,Outdoor Shades,Rep C,Inbound Call,2,166.89,333.78,2025-02
500863,2024-06-22,East,Outdoor Shades,Rep E,Website,4,563.01,2252.04,2024-06
500864,2025-03-16,Midwest,Outdoor Shades,Rep E,Website,4,140.84,563.36,2025-03
500865,2025-10-31,West,Smart Blinds,Rep E,Inbound Call,5,505.61,2528.05,2025-10
500866,2025-04-18,Midwest,Outdoor Shades,Rep D,Referral,1,428.06,428.06,2025-04
500867,2024-07-03,East,Smart Blinds,Rep A,Partner,4,977.27,3909.08,2024-07
500868,2025-03-25,West,Window Treatments,Rep A,Canvassing,4,687.01,2748.04,2025-03
500869,2025-08-01,West,Outdoor Shades,Rep C,Website,4,390.51,1562.04,2025-08
500870,2025-12-01,East,Smart Blinds,Rep D,Partner,3,320.17,960.51,2025-12
500871,2024-12-08,West,Window Treatments,Rep C,Canvassing,3,313.03,939.09,2024-12
500872,2024-08-19,South,Window Treatments,Rep A,Referral,1,441.51,441.51,2024-08
500873,2024-05-31,Midwest,Outdoor Shades,Rep B,Website,1,521.64,521.64,2024-05
500874,2024-08-11,West,Accessories,Rep C,Partner,5,154.49,772.45,2024-08
500875,2024-05-29,Midwest,Outdoor Shades,Rep C,Canvassing,4,259.51,1038.04,2024-05
500876,2025-06-14,East,Outdoor Shades,Rep A,Referral,2,571.33,1142.66,2025-06
500877,2025-09-25,South,Window Treatments,Rep E,Referral,4,899.23,3596.92,2025-09
500878,2025-09-16,South,Accessories,Rep D,Inbound Call,3,428.2,1284.6,2025-09
500879,2024-02-09,South,Window Treatments,Rep C,Referral,2,656.85,1313.7,2024-02
500880,2024-12-30,East,Smart Blinds,Rep D,Canvassing,3,304.97,914.91,2024-12
500881,2024-07-23,East,Window Treatments,Rep D,Partner,1,664.09,664.09,2024-07
500882,2025-01-20,West,Outdoor Shades,Rep E,Canvassing,2,965.93,1931.86,2025-01
500883,2025-01-01,West,Outdoor Shades,Rep C,Canvassing,5,957.34,4786.7,2025-01
500884,2024-06-13,East,Window Treatments,Rep A,Website,5,422.75,2113.75,2024-06
500885,2025-04-07,East,Window Treatments,Rep E,Website,3,546.62,1639.86,2025-04
500886,2025-10-25,South,Smart Blinds,Rep E,Referral,5,883.13,4415.65,2025-10
500887,2024-09-06,West,Accessories,Rep D,Inbound Call,1,320.61,320.61,2024-09
500888,2024-04-03,West,Accessories,Rep D,Partner,5,597.05,2985.25,2024-04
500889,2025-03-11,West,Accessories,Rep C,Canvassing,2,148.57,297.14,2025-03
500890,2024-07-05,East,Window Treatments,Rep E,Website,2,372.96,745.92,2024-07
500891,2024-05-28,South,Outdoor Shades,Rep A,Referral,5,312.17,1560.85,2024-05
500892,2024-10-13,South,Window Treatments,Rep B,Referral,3,782.24,2346.72,2024-10
500893,2025-06-03,Midwest,Smart Blinds,Rep C,Inbound Call,1,576.99,576.99,2025-06
500894,2024-11-23,South,Outdoor Shades,Rep A,Inbound Call,3,515.3,1545.9,2024-11
500895,2025-11-02,West,Accessories,Rep A,Partner,1,568.41,568.41,2025-11
500896,2025-01-19,Midwest,Window Treatments,Rep B,Canvassing,3,133.3,399.9,2025-01
500897,2024-01-30,South,Window Treatments,Rep C,Inbound Call,1,1006.7,1006.7,2024-01
500898,2024-08-17,South,Outdoor Shades,Rep C,Website,1,485.52,485.52,2024-08
500899,2025-02-12,South,Window Treatments,Rep E,Inbound Call,4,353.15,1412.6,2025-02
500900,2025-08-01,Midwest,Window Treatments,Rep B,Referral,3,1025.12,3075.36,2025-08
500901,2024-06-25,Midwest,Window Treatments,Rep A,Inbound Call,4,447.23,1788.92,2024-06
500902,2024-07-10,South,Window Treatments,Rep E,Inbound Call,5,512.86,2564.3,2024-07
500903,2025-02-26,Midwest,Outdoor Shades,Rep C,Referral,5,217.32,1086.6,2025-02
500904,2024-05-22,West,Window Treatments,Rep C,Canvassing,3,766.19,2298.57,2024-05
500905,2024-05-31,West,Outdoor Shades,Rep E,Referral,5,909.96,4549.8,2024-05
500906,2025-05-18,West,Outdoor Shades,Rep D,Canvassing,5,1071.9,5359.5,2025-05
500907,2024-03-08,South,Outdoor Shades,Rep E,Canvassing,2,266.79,533.58,2024-03
500908,2024-12-23,Midwest,Smart Blinds,Rep D,Referral,2,704.81,1409.62,2024-12
500909,2025-08-31,South,Accessories,Rep B,Referral,1,877.22,877.22,2025-08
500910,2025-05-29,South,Outdoor Shades,Rep A,Canvassing,1,151.88,151.88,2025-05
500911,2025-07-07,South,Outdoor Shades,Rep D,Canvassing,5,897.28,4486.4,2025-07
500912,2025-02-27,Midwest,Window Treatments,Rep C,Inbound Call,5,573.76,2868.8,2025-02
500913,2024-10-21,South,Outdoor Shades,Rep E,Referral,3,729.65,2188.95,2024-10
500914,2024-03-07,Midwest,Outdoor Shades,Rep A,Referral,1,602.86,602.86,2024-03
500915,2025-07-17,Midwest,Window Treatments,Rep B,Referral,1,891.28,891.28,2025-07
500916,2024-08-21,South,Smart Blinds,Rep E,Inbound Call,1,176.15,176.15,2024-08
500917,2025-04-30,Midwest,Outdoor Shades,Rep E,Website,5,160.28,801.4,2025-04
500918,2024-08-29,West,Outdoor Shades,Rep B,Inbound Call,1,146.41,146.41,2024-08
500919,2024-09-06,West,Outdoor Shades,Rep B,Inbound Call,2,189.0,378.0,2024-09
500920,2024-01-16,Midwest,Window Treatments,Rep D,Inbound Call,1,670.01,670.01,2024-01
500921,2024-01-05,Midwest,Smart Blinds,Rep C,Website,3,205.69,617.07,2024-01
500922,2024-03-07,Midwest,Outdoor Shades,Rep D,Canvassing,5,909.27,4546.35,2024-03
500923,2025-11-25,West,Window Treatments,Rep D,Canvassing,5,920.47,4602.35,2025-11
500924,2025-11-22,West,Window Treatments,Rep B,Referral,4,1067.26,4269.04,2025-11
500925,2024-04-22,West,Window Treatments,Rep B,Canvassing,1,969.77,969.77,2024-04
500926,2025-07-07,Midwest,Window Treatments,Rep C,Inbound Call,5,955.39,4776.95,2025-07
500927,2025-04-30,West,Outdoor Shades,Rep B,Website,3,167.62,502.86,2025-04
500928,2024-06-16,West,Accessories,Rep B,Inbound Call,1,428.96,428.96,2024-06
500929,2024-06-20,East,Smart Blinds,Rep B,Website,5,825.5,4127.5,2024-06
500930,2025-11-24,South,Outdoor Shades,Rep B,Referral,5,885.54,4427.7,2025-11
500931,2025-11-16,Midwest,Window Treatments,Rep C,Website,4,206.66,826.64,2025-11
500932,2025-11-22,South,Smart Blinds,Rep C,Website,1,218.27,218.27,2025-11
500933,2025-03-07,East,Smart Blinds,Rep D,Website,3,501.1,1503.3,2025-03
500934,2025-12-07,West,Window Treatments,Rep D,Inbound Call,3,876.69,2630.07,2025-12
500935,2024-07-25,Midwest,Window Treatments,Rep E,Inbound Call,3,458.88,1376.64,2024-07
500936,2025-06-16,South,Smart Blinds,Rep E,Inbound Call,1,455.86,455.86,2025-06
500937,2025-05-29,Midwest,Accessories,Rep D,Inbound Call,3,1022.5,3067.5,2025-05
500938,2024-05-02,West,Window Treatments,Rep A,Canvassing,5,154.11,770.55,2024-05
500939,2025-09-15,East,Accessories,Rep E,Referral,4,405.96,1623.84,2025-09
500940,2024-01-05,West,Window Treatments,Rep A,Website,3,367.03,1101.09,2024-01
500941,2025-03-21,West,Window Treatments,Rep C,Inbound Call,4,202.56,810.24,2025-03
500942,2025-01-20,West,Outdoor Shades,Rep B,Referral,5,435.77,2178.85,2025-01
500943,2025-12-18,East,Window Treatments,Rep E,Partner,3,1061.18,3183.54,2025-12
500944,2024-10-11,East,Accessories,Rep A,Referral,3,724.14,2172.42,2024-10
500945,2024-10-21,West,Window Treatments,Rep A,Referral,5,131.73,658.65,2024-10
500946,2024-03-27,South,Outdoor Shades,Rep D,Inbound Call,1,339.57,339.57,2024-03
500947,2024-07-03,East,Window Treatments,Rep D,Website,2,720.73,1441.46,2024-07
500948,2024-10-17,East,Accessories,Rep A,Partner,1,257.2,257.2,2024-10
500949,2025-08-10,East,Outdoor Shades,Rep C,Partner,4,216.34,865.36,2025-08
500950,2024-03-11,South,Window Treatments,Rep C,Canvassing,1,422.39,422.39,2024-03
500951,2024-05-12,East,Outdoor Shades,Rep C,Referral,4,840.46,3361.84,2024-05
500952,2025-02-16,South,Smart Blinds,Rep A,Canvassing,4,725.63,2902.52,2025-02
500953,2025-04-17,South,Window Treatments,Rep A,Inbound Call,5,603.11,3015.55,2025-04
500954,2025-04-15,East,Outdoor Shades,Rep A,Referral,1,155.62,155.62,2025-04
500955,2024-03-11,South,Accessories,Rep A,Referral,5,1000.72,5003.6,2024-03
500956,2024-10-02,Midwest,Accessories,Rep A,Partner,5,501.08,2505.4,2024-10
500957,2024-09-03,East,Outdoor Shades,Rep D,Canvassing,3,980.03,2940.09,2024-09
500958,2024-04-23,South,Window Treatments,Rep E,Partner,3,973.89,2921.67,2024-04
500959,2025-02-16,Midwest,Outdoor Shades,Rep B,Partner,3,230.38,691.14,2025-02
500960,2025-03-19,West,Smart Blinds,Rep A,Partner,2,797.63,1595.26,2025-03
500961,2025-04-04,East,Window Treatments,Rep D,Inbound Call,4,296.72,1186.88,2025-04
500962,2025-06-18,South,Window Treatments,Rep C,Website,3,808.15,2424.45,2025-06
500963,2025-12-10,Midwest,Window Treatments,Rep A,Website,4,1098.76,4395.04,2025-12
500964,2025-08-26,South,Smart Blinds,Rep E,Partner,3,297.73,893.19,2025-08
500965,2025-01-03,South,Outdoor Shades,Rep C,Partner,5,182.76,913.8,2025-01
500966,2024-10-23,East,Outdoor Shades,Rep E,Referral,1,474.56,474.56,2024-10
500967,2025-02-14,West,Window Treatments,Rep D,Partner,4,461.13,1844.52,2025-02
500968,2024-06-01,South,Smart Blinds,Rep D,Website,4,252.53,1010.12,2024-06
500969,2024-09-23,South,Outdoor Shades,Rep E,Website,3,344.15,1032.45,2024-09
500970,2025-08-13,South,Accessories,Rep C,Website,5,615.93,3079.65,2025-08
500971,2024-01-27,South,Window Treatments,Rep D,Website,3,623.32,1869.96,2024-01
500972,2024-10-19,Midwest,Window Treatments,Rep B,Canvassing,1,547.19,547.19,2024-10
500973,2024-07-27,West,Smart Blinds,Rep A,Referral,1,1032.74,1032.74,2024-07
500974,2024-10-18,West,Outdoor Shades,Rep D,Canvassing,1,342.0,342.0,2024-10
500975,2025-08-01,West,Accessories,Rep E,Partner,2,554.79,1109.58,2025-08
500976,2024-05-27,Midwest,Window Treatments,Rep B,Referral,1,283.2,283.2,2024-05
500977,2025-01-25,South,Outdoor Shades,Rep B,Website,4,610.39,2441.56,2025-01
500978,2025-09-30,East,Accessories,Rep C,Partner,5,582.74,2913.7,2025-09
500979,2024-02-25,West,Smart Blinds,Rep B,Inbound Call,5,856.97,4284.85,2024-02
500980,2024-08-07,West,Accessories,Rep E,Referral,3,388.06,1164.18,2024-08
500981,2024-09-11,East,Window Treatments,Rep B,Partner,2,847.69,1695.38,2024-09
500982,2024-10-23,South,Window Treatments,Rep E,Referral,3,1084.73,3254.19,2024-10
500983,2025-04-27,East,Outdoor Shades,Rep B,Website,1,718.9,718.9,2025-04
500984,2025-12-07,Midwest,Accessories,Rep A,Website,2,913.65,1827.3,2025-12
500985,2025-11-12,West,Outdoor Shades,Rep B,Partner,1,682.7,682.7,2025-11
500986,2024-07-06,West,Window Treatments,Rep A,Referral,1,1009.56,1009.56,2024-07
500987,2024-04-01,Midwest,Window Treatments,Rep B,Canvassing,3,438.63,1315.89,2024-04
500988,2025-07-09,South,Accessories,Rep B,Inbound Call,5,1058.65,5293.25,2025-07
500989,2025-01-27,West,Outdoor Shades,Rep E,Referral,2,428.41,856.82,2025-01
500990,2025-04-30,Midwest,Window Treatments,Rep E,Inbound Call,4,960.42,3841.68,2025-04
500991,2025-11-22,Midwest,Accessories,Rep E,Canvassing,4,1054.87,4219.48,2025-11
500992,2024-02-09,West,Window Treatments,Rep D,Partner,5,124.01,620.05,2024-02
500993,2025-09-24,Midwest,Outdoor Shades,Rep B,Partner,3,599.04,1797.12,2025-09
500994,2025-01-21,East,Accessories,Rep A,Website,4,882.29,3529.16,2025-01
500995,2024-05-03,Midwest,Outdoor Shades,Rep E,Website,1,127.23,127.23,2024-05
500996,2024-02-01,West,Outdoor Shades,Rep C,Referral,1,537.04,537.04,2024-02
500997,2024-11-25,South,Outdoor Shades,Rep B,Website,3,563.03,1689.09,2024-11
500998,2024-10-24,West,Window Treatments,Rep B,Canvassing,2,903.49,1806.98,2024-10
500999,2025-05-30,West,Window Treatments,Rep E,Website,2,1002.62,2005.24,2025-05
501000,2024-01-19,West,Smart Blinds,Rep A,Canvassing,5,556.91,2784.55,2024-01
501001,2024-04-01,Midwest,Outdoor Shades,Rep D,Canvassing,4,230.93,923.72,2024-04
501002,2025-03-05,Midwest,Window Treatments,Rep A,Partner,4,1096.25,4385.0,2025-03
501003,2025-02-05,Midwest,Window Treatments,Rep D,Canvassing,5,228.64,1143.2,2025-02
501004,2025-10-24,East,Outdoor Shades,Rep D,Inbound Call,5,527.56,2637.8,2025-10
501005,2025-08-16,South,Window Treatments,Rep A,Inbound Call,4,339.07,1356.28,2025-08
501006,2024-12-28,East,Window Treatments,Rep A,Canvassing,2,1002.8,2005.6,2024-12
501007,2024-10-13,West,Smart Blinds,Rep C,Website,5,426.12,2130.6,2024-10
501008,2025-10-16,Midwest,Outdoor Shades,Rep D,Partner,1,738.84,738.84,2025-10
501009,2024-01-21,Midwest,Window Treatments,Rep A,Partner,3,239.81,719.43,2024-01
501010,2024-03-08,Midwest,Window Treatments,Rep D,Referral,2,907.83,1815.66,2024-03
501011,2024-04-25,South,Window Treatments,Rep B,Website,1,437.07,437.07,2024-04
501012,2025-01-14,Midwest,Window Treatments,Rep E,Partner,3,427.85,1283.55,2025-01
501013,2024-12-04,West,Smart Blinds,Rep E,Website,1,346.33,346.33,2024-12
501014,2025-02-09,Midwest,Window Treatments,Rep E,Referral,1,589.62,589.62,2025-02
501015,2024-09-22,West,Outdoor Shades,Rep A,Inbound Call,1,1055.88,1055.88,2024-09
501016,2025-07-18,Midwest,Smart Blinds,Rep D,Inbound Call,2,385.38,770.76,2025-07
501017,2025-12-15,West,Smart Blinds,Rep B,Canvassing,1,885.85,885.85,2025-12
501018,2025-12-29,South,Outdoor Shades,Rep D,Website,4,508.52,2034.08,2025-12
501019,2025-06-24,West,Accessories,Rep B,Inbound Call,1,512.12,512.12,2025-06
501020,2024-08-15,South,Window Treatments,Rep D,Inbound Call,5,710.84,3554.2,2024-08
501021,2024-12-31,West,Outdoor Shades,Rep B,Canvassing,3,586.93,1760.79,2024-12
501022,2025-05-03,South,Window Treatments,Rep A,Canvassing,5,815.5,4077.5,2025-05
501023,2025-10-18,Midwest,Window Treatments,Rep E,Inbound Call,5,1074.66,5373.3,2025-10
501024,2025-10-25,South,Window Treatments,Rep B,Partner,3,454.0,1362.0,2025-10
501025,2025-12-07,Midwest,Outdoor Shades,Rep D,Partner,2,257.67,515.34,2025-12
501026,2024-06-12,Midwest,Outdoor Shades,Rep A,Website,3,137.73,413.19,2024-06
501027,2024-06-23,South,Window Treatments,Rep D,Inbound Call,4,177.28,709.12,2024-06
501028,2024-09-09,West,Window Treatments,Rep C,Referral,1,1047.47,1047.47,2024-09
501029,2025-03-20,East,Outdoor Shades,Rep C,Inbound Call,2,905.93,1811.86,2025-03
501030,2025-10-12,South,Window Treatments,Rep B,Referral,2,1084.71,2169.42,2025-10
501031,2025-02-24,Midwest,Outdoor Shades,Rep E,Canvassing,4,776.88,3107.52,2025-02
501032,2025-11-27,East,Outdoor Shades,Rep A,Referral,2,406.85,813.7,2025-11
501033,2025-07-27,West,Outdoor Shades,Rep B,Inbound Call,4,265.52,1062.08,2025-07
501034,2024-11-17,South,Window Treatments,Rep D,Referral,1,895.22,895.22,2024-11
501035,2025-06-13,West,Outdoor Shades,Rep E,Partner,2,865.9,1731.8,2025-06
501036,2025-01-15,East,Smart Blinds,Rep A,Website,4,617.14,2468.56,2025-01
501037,2025-09-04,South,Accessories,Rep A,Canvassing,1,619.58,619.58,2025-09
501038,2025-08-12,Midwest,Outdoor Shades,Rep B,Canvassing,2,401.73,803.46,2025-08
501039,2025-07-17,East,Outdoor Shades,Rep B,Canvassing,3,591.52,1774.56,2025-07
501040,2025-11-15,East,Window Treatments,Rep D,Website,1,923.49,923.49,2025-11
501041,2025-12-19,South,Outdoor Shades,Rep C,Website,4,289.11,1156.44,2025-12
501042,2025-10-18,West,Outdoor Shades,Rep B,Website,4,727.22,2908.88,2025-10
501043,2025-06-16,East,Accessories,Rep B,Inbound Call,1,910.37,910.37,2025-06
501044,2025-03-05,East,Smart Blinds,Rep E,Canvassing,3,277.66,832.98,2025-03
501045,2024-01-19,Midwest,Window Treatments,Rep D,Website,4,642.75,2571.0,2024-01
501046,2024-09-12,Midwest,Outdoor Shades,Rep B,Canvassing,4,733.81,2935.24,2024-09
501047,2024-10-27,East,Outdoor Shades,Rep C,Referral,4,935.32,3741.28,2024-10
501048,2024-11-12,East,Window Treatments,Rep D,Partner,4,1018.68,4074.72,2024-11
501049,2024-09-08,South,Smart Blinds,Rep B,Partner,2,793.08,1586.16,2024-09
501050,2024-05-25,South,Window Treatments,Rep A,Referral,3,595.56,1786.68,2024-05
501051,2025-04-26,West,Smart Blinds,Rep D,Referral,2,814.67,1629.34,2025-04
501052,2025-12-07,East,Outdoor Shades,Rep D,Website,5,621.73,3108.65,2025-12
501053,2024-07-17,East,Window Treatments,Rep D,Inbound Call,1,318.52,318.52,2024-07
501054,2024-12-29,Midwest,Window Treatments,Rep B,Referral,1,393.82,393.82,2024-12
501055,2024-11-11,Midwest,Window Treatments,Rep E,Inbound Call,3,830.06,2490.18,2024-11
501056,2024-07-31,West,Window Treatments,Rep E,Inbound Call,5,771.79,3858.95,2024-07
501057,2025-06-13,Midwest,Outdoor Shades,Rep E,Website,1,397.32,397.32,2025-06
501058,2024-05-14,South,Smart Blinds,Rep E,Inbound Call,5,825.14,4125.7,2024-05
501059,2024-12-23,South,Smart Blinds,Rep A,Inbound Call,2,550.66,1101.32,2024-12
501060,2024-10-25,Midwest,Outdoor Shades,Rep C,Inbound Call,3,549.95,1649.85,2024-10
501061,2025-07-22,East,Window Treatments,Rep B,Canvassing,4,1062.09,4248.36,2025-07
501062,2024-06-13,West,Window Treatments,Rep C,Referral,5,257.54,1287.7,2024-06
501063,2025-05-21,South,Outdoor Shades,Rep C,Canvassing,4,360.54,1442.16,2025-05
501064,2024-12-18,West,Window Treatments,Rep A,Canvassing,4,874.7,3498.8,2024-12
501065,2024-06-05,West,Accessories,Rep B,Partner,1,635.2,635.2,2024-06
501066,2024-06-27,West,Smart Blinds,Rep B,Canvassing,3,247.44,742.32,2024-06
501067,2025-07-29,South,Window Treatments,Rep A,Canvassing,5,802.4,4012.0,2025-07
501068,2025-08-25,West,Accessories,Rep D,Referral,4,370.93,1483.72,2025-08
501069,2025-07-07,Midwest,Smart Blinds,Rep D,Website,3,535.83,1607.49,2025-07
501070,2024-03-23,Midwest,Window Treatments,Rep E,Website,4,619.44,2477.76,2024-03
501071,2024-09-25,Midwest,Outdoor Shades,Rep C,Canvassing,2,946.15,1892.3,2024-09
501072,2024-05-31,East,Smart Blinds,Rep A,Canvassing,2,437.61,875.22,2024-05
501073,2024-12-18,West,Window Treatments,Rep D,Inbound Call,4,656.51,2626.04,2024-12
501074,2025-02-17,East,Window Treatments,Rep A,Inbound Call,3,744.81,2234.43,2025-02
501075,2024-12-11,South,Outdoor Shades,Rep E,Canvassing,2,215.38,430.76,2024-12
501076,2024-12-04,West,Smart Blinds,Rep E,Canvassing,4,702.4,2809.6,2024-12
501077,2024-12-22,East,Accessories,Rep E,Canvassing,3,821.19,2463.57,2024-12
501078,2025-10-09,South,Smart Blinds,Rep B,Website,5,923.66,4618.3,2025-10
501079,2025-05-24,Midwest,Smart Blinds,Rep C,Referral,1,540.14,540.14,2025-05
501080,2024-06-15,South,Smart Blinds,Rep C,Website,4,748.83,2995.32,2024-06
501081,2024-09-21,South,Accessories,Rep C,Canvassing,3,282.93,848.79,2024-09
501082,2024-05-07,South,Window Treatments,Rep A,Inbound Call,1,904.42,904.42,2024-05
501083,2024-10-21,Midwest,Window Treatments,Rep E,Partner,5,1077.11,5385.55,2024-10
501084,2025-05-21,Midwest,Outdoor Shades,Rep D,Canvassing,4,1071.78,4287.12,2025-05
501085,2024-06-23,South,Accessories,Rep A,Website,4,524.1,2096.4,2024-06
501086,2024-01-08,Midwest,Accessories,Rep D,Canvassing,2,574.8,1149.6,2024-01
501087,2025-05-01,East,Accessories,Rep E,Website,5,176.29,881.45,2025-05
501088,2024-05-06,South,Window Treatments,Rep A,Canvassing,5,775.61,3878.05,2024-05
501089,2024-08-03,West,Outdoor Shades,Rep E,Canvassing,3,184.89,554.67,2024-08
501090,2024-07-09,Midwest,Outdoor Shades,Rep D,Website,3,987.2,2961.6,2024-07
501091,2025-11-16,West,Outdoor Shades,Rep B,Referral,4,698.66,2794.64,2025-11
501092,2024-05-28,Midwest,Outdoor Shades,Rep E,Inbound Call,4,808.3,3233.2,2024-05
501093,2025-09-30,West,Window Treatments,Rep A,Website,3,342.98,1028.94,2025-09
501094,2024-12-14,South,Window Treatments,Rep D,Inbound Call,2,1093.96,2187.92,2024-12
501095,2024-06-26,Midwest,Smart Blinds,Rep D,Referral,5,312.81,1564.05,2024-06
501096,2024-05-26,South,Window Treatments,Rep C,Canvassing,1,410.03,410.03,2024-05
501097,2025-02-18,West,Window Treatments,Rep C,Referral,2,650.76,1301.52,2025-02
501098,2024-04-03,East,Window Treatments,Rep A,Canvassing,4,872.28,3489.12,2024-04
501099,2025-12-16,East,Accessories,Rep A,Canvassing,5,313.88,1569.4,2025-12
501100,2024-12-11,West,Smart Blinds,Rep B,Referral,2,838.88,1677.76,2024-12
501101,2024-01-07,South,Smart Blinds,Rep D,Partner,5,122.46,612.3,2024-01
501102,2025-03-19,South,Accessories,Rep C,Partner,4,305.68,1222.72,2025-03
501103,2024-04-26,West,Window Treatments,Rep E,Partner,1,596.14,596.14,2024-04
501104,2025-03-06,Midwest,Window Treatments,Rep D,Partner,1,591.89,591.89,2025-03
501105,2024-01-17,Midwest,Smart Blinds,Rep C,Referral,1,1079.22,1079.22,2024-01
501106,2025-05-29,East,Outdoor Shades,Rep D,Referral,3,858.74,2576.22,2025-05
501107,2025-11-09,West,Window Treatments,Rep E,Canvassing,5,420.98,2104.9,2025-11
501108,2024-10-30,East,Window Treatments,Rep A,Partner,3,632.94,1898.82,2024-10
501109,2024-05-18,Midwest,Window Treatments,Rep D,Canvassing,2,443.66,887.32,2024-05
501110,2025-08-08,Midwest,Outdoor Shades,Rep E,Partner,3,194.2,582.6,2025-08
501111,2024-12-15,East,Accessories,Rep A,Canvassing,5,828.88,4144.4,2024-12
501112,2024-07-17,Midwest,Window Treatments,Rep D,Referral,5,960.17,4800.85,2024-07
501113,2025-06-28,West,Accessories,Rep D,Referral,4,401.28,1605.12,2025-06
501114,2024-05-16,Midwest,Window Treatments,Rep A,Referral,3,344.36,1033.08,2024-05
501115,2024-12-17,East,Smart Blinds,Rep C,Website,5,692.71,3463.55,2024-12
501116,2024-11-22,West,Smart Blinds,Rep B,Inbound Call,4,904.36,3617.44,2024-11
501117,2025-04-13,South,Accessories,Rep E,Partner,3,286.99,860.97,2025-04
501118,2025-09-23,West,Outdoor Shades,Rep A,Canvassing,4,704.09,2816.36,2025-09
501119,2024-09-27,Midwest,Window Treatments,Rep E,Partner,3,239.31,717.93,2024-09
501120,2025-11-15,South,Smart Blinds,Rep A,Partner,4,1064.47,4257.88,2025-11
501121,2025-01-13,Midwest,Window Treatments,Rep C,Referral,2,483.22,966.44,2025-01
501122,2024-12-13,West,Window Treatments,Rep D,Partner,3,390.37,1171.11,2024-12
501123,2024-10-15,South,Outdoor Shades,Rep A,Website,4,1076.92,4307.68,2024-10
501124,2025-01-11,South,Smart Blinds,Rep A,Inbound Call,3,973.9,2921.7,2025-01
501125,2024-11-03,East,Accessories,Rep E,Partner,1,1007.17,1007.17,2024-11
501126,2024-05-15,Midwest,Outdoor Shades,Rep D,Inbound Call,3,1014.11,3042.33,2024-05
501127,2025-12-24,Midwest,Accessories,Rep D,Inbound Call,5,1035.14,5175.7,2025-12
501128,2025-04-11,South,Outdoor Shades,Rep D,Canvassing,5,264.05,1320.25,2025-04
501129,2024-10-20,West,Smart Blinds,Rep D,Referral,5,831.95,4159.75,2024-10
501130,2025-05-03,South,Outdoor Shades,Rep B,Canvassing,4,173.71,694.84,2025-05
501131,2025-05-02,South,Window Treatments,Rep C,Website,5,984.05,4920.25,2025-05
501132,2024-08-15,East,Window Treatments,Rep E,Partner,5,644.31,3221.55,2024-08
501133,2024-05-26,South,Accessories,Rep E,Referral,2,295.01,590.02,2024-05
501134,2024-06-12,South,Smart Blinds,Rep E,Partner,4,187.4,749.6,2024-06
501135,2025-01-22,West,Window Treatments,Rep E,Partner,1,820.75,820.75,2025-01
501136,2024-01-24,South,Window Treatments,Rep C,Inbound Call,2,1042.67,2085.34,2024-01
501137,2025-04-01,East,Outdoor Shades,Rep B,Partner,4,266.6,1066.4,2025-04
501138,2025-11-28,East,Window Treatments,Rep E,Website,4,440.88,1763.52,2025-11
501139,2024-12-02,West,Outdoor Shades,Rep B,Partner,5,622.69,3113.45,2024-12
501140,2025-12-30,Midwest,Window Treatments,Rep B,Inbound Call,5,438.98,2194.9,2025-12
501141,2024-06-11,Midwest,Window Treatments,Rep D,Website,4,584.05,2336.2,2024-06
501142,2024-10-10,East,Window Treatments,Rep A,Canvassing,1,147.87,147.87,2024-10
501143,2025-09-09,South,Outdoor Shades,Rep A,Inbound Call,5,992.86,4964.3,2025-09
501144,2025-07-16,East,Outdoor Shades,Rep B,Referral,2,358.52,717.04,2025-07
501145,2025-06-30,South,Window Treatments,Rep A,Canvassing,5,1006.82,5034.1,2025-06
501146,2024-03-08,Midwest,Window Treatments,Rep A,Referral,5,516.53,2582.65,2024-03
501147,2024-04-15,Midwest,Window Treatments,Rep C,Website,3,1082.78,3248.34,2024-04
501148,2024-01-24,East,Outdoor Shades,Rep A,Referral,4,544.36,2177.44,2024-01
501149,2024-09-03,South,Window Treatments,Rep D,Referral,1,1033.58,1033.58,2024-09
501150,2024-10-06,South,Window Treatments,Rep C,Partner,5,287.61,1438.05,2024-10
501151,2025-12-07,Midwest,Smart Blinds,Rep D,Canvassing,2,321.44,642.88,2025-12
501152,2024-03-19,Midwest,Window Treatments,Rep C,Canvassing,3,827.14,2481.42,2024-03
501153,2024-03-20,West,Smart Blinds,Rep C,Referral,2,395.49,790.98,2024-03
501154,2024-02-13,West,Smart Blinds,Rep D,Partner,2,919.27,1838.54,2024-02
501155,2025-09-12,Midwest,Smart Blinds,Rep A,Partner,3,789.61,2368.83,2025-09
501156,2025-09-21,South,Window Treatments,Rep D,Canvassing,1,493.49,493.49,2025-09
501157,2024-01-11,East,Smart Blinds,Rep B,Canvassing,3,787.08,2361.24,2024-01
501158,2025-02-06,West,Accessories,Rep B,Referral,2,306.15,612.3,2025-02
501159,2024-03-26,East,Window Treatments,Rep C,Website,3,640.6,1921.8,2024-03
501160,2025-05-15,Midwest,Outdoor Shades,Rep C,Canvassing,2,1003.51,2007.02,2025-05
501161,2024-01-04,East,Smart Blinds,Rep C,Partner,1,201.54,201.54,2024-01
501162,2024-01-28,Midwest,Outdoor Shades,Rep B,Canvassing,3,336.85,1010.55,2024-01
501163,2025-05-27,West,Outdoor Shades,Rep A,Inbound Call,2,598.04,1196.08,2025-05
501164,2024-03-20,East,Outdoor Shades,Rep E,Referral,3,461.28,1383.84,2024-03
501165,2024-07-20,West,Smart Blinds,Rep D,Canvassing,2,865.48,1730.96,2024-07
501166,2024-12-30,South,Smart Blinds,Rep C,Website,3,627.13,1881.39,2024-12
501167,2024-07-17,West,Window Treatments,Rep E,Website,2,320.75,641.5,2024-07
501168,2024-10-10,Midwest,Outdoor Shades,Rep D,Partner,4,355.35,1421.4,2024-10
501169,2024-02-14,Midwest,Smart Blinds,Rep C,Referral,3,367.05,1101.15,2024-02
501170,2025-06-09,East,Outdoor Shades,Rep D,Website,5,521.97,2609.85,2025-06
501171,2025-02-04,West,Accessories,Rep C,Partner,2,640.72,1281.44,2025-02
501172,2025-01-28,West,Window Treatments,Rep E,Referral,3,724.74,2174.22,2025-01
501173,2025-04-10,West,Window Treatments,Rep D,Website,2,945.75,1891.5,2025-04
501174,2024-06-03,South,Window Treatments,Rep E,Canvassing,4,175.5,702.0,2024-06
501175,2025-03-04,Midwest,Smart Blinds,Rep C,Canvassing,1,648.74,648.74,2025-03
501176,2024-11-24,East,Accessories,Rep D,Website,4,308.38,1233.52,2024-11
501177,2024-04-02,East,Outdoor Shades,Rep C,Website,2,389.57,779.14,2024-04
501178,2024-04-30,East,Accessories,Rep C,Inbound Call,2,752.96,1505.92,2024-04
501179,2025-01-12,South,Outdoor Shades,Rep A,Website,3,532.8,1598.4,2025-01
501180,2025-12-27,East,Outdoor Shades,Rep C,Website,3,1002.31,3006.93,2025-12
501181,2025-07-22,East,Window Treatments,Rep E,Inbound Call,3,357.97,1073.91,2025-07
501182,2024-07-04,Midwest,Window Treatments,Rep E,Inbound Call,5,729.87,3649.35,2024-07
501183,2024-05-26,East,Smart Blinds,Rep A,Website,3,225.4,676.2,2024-05
501184,2024-09-16,South,Window Treatments,Rep A,Canvassing,1,694.35,694.35,2024-09
501185,2024-08-05,Midwest,Smart Blinds,Rep C,Inbound Call,2,625.79,1251.58,2024-08
501186,2024-07-13,West,Accessories,Rep E,Website,1,226.75,226.75,2024-07
501187,2024-07-02,South,Outdoor Shades,Rep C,Partner,2,244.09,488.18,2024-07
501188,2024-06-06,East,Outdoor Shades,Rep D,Referral,2,1027.25,2054.5,2024-06
501189,2025-02-20,West,Accessories,Rep D,Partner,5,137.78,688.9,2025-02
501190,2025-08-20,South,Window Treatments,Rep C,Website,1,176.94,176.94,2025-08
501191,2024-10-08,South,Smart Blinds,Rep E,Referral,2,778.31,1556.62,2024-10
501192,2024-12-27,Midwest,Accessories,Rep E,Referral,1,551.22,551.22,2024-12
501193,2024-06-28,East,Smart Blinds,Rep E,Canvassing,2,1016.47,2032.94,2024-06
501194,2025-12-13,West,Window Treatments,Rep D,Referral,3,512.18,1536.54,2025-12
501195,2024-02-20,South,Window Treatments,Rep B,Referral,4,718.47,2873.88,2024-02
501196,2024-07-25,East,Window Treatments,Rep B,Website,2,369.64,739.28,2024-07
501197,2024-03-31,West,Window Treatments,Rep A,Website,3,276.39,829.17,2024-03
501198,2024-01-06,Midwest,Outdoor Shades,Rep E,Referral,3,855.4,2566.2,2024-01
501199,2024-07-24,South,Window Treatments,Rep C,Inbound Call,1,939.96,939.96,2024-07
501200,2025-08-22,East,Smart Blinds,Rep A,Partner,5,1062.61,5313.05,2025-08
501201,2024-02-16,East,Accessories,Rep C,Canvassing,3,832.49,2497.47,2024-02
501202,2025-03-18,East,Window Treatments,Rep A,Inbound Call,2,486.14,972.28,2025-03
501203,2025-08-28,Midwest,Outdoor Shades,Rep A,Canvassing,2,251.24,502.48,2025-08
501204,2025-12-10,West,Accessories,Rep A,Canvassing,5,1032.01,5160.05,2025-12
501205,2024-05-03,East,Smart Blinds,Rep C,Partner,1,617.1,617.1,2024-05
501206,2025-06-11,South,Smart Blinds,Rep D,Website,2,1006.96,2013.92,2025-06
501207,2024-06-21,East,Window Treatments,Rep C,Canvassing,5,261.23,1306.15,2024-06
501208,2025-06-04,South,Smart Blinds,Rep B,Referral,5,834.13,4170.65,2025-06
501209,2024-04-17,Midwest,Outdoor Shades,Rep E,Referral,5,895.75,4478.75,2024-04
501210,2024-10-18,Midwest,Window Treatments,Rep E,Website,3,201.09,603.27,2024-10
501211,2024-07-04,Midwest,Window Treatments,Rep D,Partner,1,224.55,224.55,2024-07
501212,2025-03-25,South,Smart Blinds,Rep E,Inbound Call,3,220.9,662.7,2025-03
501213,2025-09-13,East,Window Treatments,Rep A,Partner,1,217.54,217.54,2025-09
501214,2025-10-06,West,Outdoor Shades,Rep C,Inbound Call,3,692.23,2076.69,2025-10
501215,2024-01-01,South,Smart Blinds,Rep B,Canvassing,5,226.32,1131.6,2024-01
501216,2024-10-06,South,Outdoor Shades,Rep C,Referral,1,783.65,783.65,2024-10
501217,2025-02-24,East,Smart Blinds,Rep B,Referral,4,1048.15,4192.6,2025-02
501218,2024-12-11,South,Outdoor Shades,Rep C,Referral,2,350.38,700.76,2024-12
501219,2024-11-04,West,Outdoor Shades,Rep E,Canvassing,1,515.78,515.78,2024-11
501220,2024-11-26,West,Outdoor Shades,Rep C,Canvassing,4,755.86,3023.44,2024-11
501221,2025-11-14,Midwest,Outdoor Shades,Rep E,Canvassing,4,398.43,1593.72,2025-11
501222,2024-09-16,East,Window Treatments,Rep D,Website,1,817.4,817.4,2024-09
501223,2024-01-10,Midwest,Outdoor Shades,Rep A,Referral,1,421.3,421.3,2024-01
501224,2025-01-24,South,Outdoor Shades,Rep E,Referral,5,1015.44,5077.2,2025-01
501225,2025-10-06,South,Outdoor Shades,Rep A,Inbound Call,2,786.81,1573.62,2025-10
501226,2025-08-31,West,Outdoor Shades,Rep D,Inbound Call,3,1008.79,3026.37,2025-08
501227,2025-08-26,Midwest,Smart Blinds,Rep E,Canvassing,3,894.81,2684.43,2025-08
501228,2025-09-19,South,Smart Blinds,Rep E,Inbound Call,3,902.06,2706.18,2025-09
501229,2025-04-25,Midwest,Smart Blinds,Rep A,Referral,3,422.41,1267.23,2025-04
501230,2025-08-11,East,Window Treatments,Rep B,Canvassing,4,569.28,2277.12,2025-08
501231,2025-09-29,South,Outdoor Shades,Rep C,Partner,4,521.66,2086.64,2025-09
501232,2025-10-22,South,Smart Blinds,Rep C,Website,1,1066.89,1066.89,2025-10
501233,2025-09-05,West,Smart Blinds,Rep D,Referral,1,800.4,800.4,2025-09
501234,2025-11-27,South,Outdoor Shades,Rep D,Website,5,1053.32,5266.6,2025-11
501235,2024-03-31,East,Smart Blinds,Rep C,Inbound Call,2,461.99,923.98,2024-03
501236,2025-01-01,South,Accessories,Rep C,Website,1,140.12,140.12,2025-01
501237,2024-11-08,West,Window Treatments,Rep E,Partner,5,929.37,4646.85,2024-11
501238,2025-11-30,West,Accessories,Rep A,Inbound Call,3,481.27,1443.81,2025-11
501239,2024-02-20,West,Smart Blinds,Rep A,Partner,2,220.14,440.28,2024-02
501240,2025-10-15,South,Window Treatments,Rep A,Referral,4,989.25,3957.0,2025-10
501241,2025-12-17,East,Window Treatments,Rep B,Partner,2,172.78,345.56,2025-12
501242,2025-08-05,East,Window Treatments,Rep D,Canvassing,3,237.4,712.2,2025-08
501243,2024-12-02,East,Outdoor Shades,Rep D,Canvassing,1,466.26,466.26,2024-12
501244,2024-01-20,South,Smart Blinds,Rep E,Canvassing,5,997.65,4988.25,2024-01
501245,2025-05-15,East,Outdoor Shades,Rep A,Partner,3,1071.7,3215.1,2025-05
501246,2024-04-12,Midwest,Window Treatments,Rep E,Canvassing,2,820.31,1640.62,2024-04
501247,2025-02-18,South,Window Treatments,Rep C,Canvassing,3,240.77,722.31,2025-02
501248,2025-01-05,West,Window Treatments,Rep B,Inbound Call,5,333.45,1667.25,2025-01
501249,2025-11-17,South,Accessories,Rep C,Referral,5,380.22,1901.1,2025-11
501250,2025-04-07,East,Accessories,Rep D,Referral,3,418.93,1256.79,2025-04
501251,2024-02-20,South,Outdoor Shades,Rep D,Website,2,679.21,1358.42,2024-02
501252,2025-08-21,East,Outdoor Shades,Rep C,Referral,1,765.55,765.55,2025-08
501253,2024-06-22,East,Smart Blinds,Rep B,Inbound Call,3,548.44,1645.32,2024-06
501254,2025-09-06,East,Window Treatments,Rep A,Website,1,339.04,339.04,2025-09
501255,2025-05-09,Midwest,Window Treatments,Rep E,Website,3,172.98,518.94,2025-05
501256,2025-04-28,West,Window Treatments,Rep D,Partner,5,617.14,3085.7,2025-04
501257,2024-12-26,East,Window Treatments,Rep E,Referral,2,1021.46,2042.92,2024-12
501258,2024-01-02,East,Window Treatments,Rep C,Inbound Call,3,866.19,2598.57,2024-01
501259,2025-09-08,South,Window Treatments,Rep D,Website,5,750.89,3754.45,2025-09
501260,2025-12-29,West,Outdoor Shades,Rep C,Inbound Call,2,258.46,516.92,2025-12
501261,2024-07-02,East,Accessories,Rep C,Partner,4,879.08,3516.32,2024-07
501262,2025-11-04,East,Smart Blinds,Rep A,Referral,2,250.87,501.74,2025-11
501263,2024-10-31,East,Accessories,Rep C,Website,4,543.6,2174.4,2024-10
501264,2025-07-26,West,Window Treatments,Rep A,Website,3,858.49,2575.47,2025-07
501265,2025-08-07,East,Window Treatments,Rep C,Inbound Call,3,972.45,2917.35,2025-08
501266,2024-08-04,Midwest,Smart Blinds,Rep B,Inbound Call,5,790.58,3952.9,2024-08
501267,2024-12-30,West,Window Treatments,Rep C,Referral,3,350.24,1050.72,2024-12
501268,2025-11-13,East,Outdoor Shades,Rep D,Partner,1,195.6,195.6,2025-11
501269,2025-05-09,East,Window Treatments,Rep C,Canvassing,5,1044.39,5221.95,2025-05
501270,2024-04-02,East,Outdoor Shades,Rep B,Referral,3,726.96,2180.88,2024-04
501271,2025-10-29,East,Window Treatments,Rep C,Inbound Call,2,552.96,1105.92,2025-10
501272,2025-01-09,East,Smart Blinds,Rep D,Referral,4,345.71,1382.84,2025-01
501273,2024-10-01,East,Outdoor Shades,Rep C,Inbound Call,2,243.52,487.04,2024-10
501274,2025-06-13,West,Accessories,Rep D,Referral,4,359.49,1437.96,2025-06
501275,2025-10-30,South,Outdoor Shades,Rep A,Partner,1,865.54,865.54,2025-10
501276,2025-08-28,East,Outdoor Shades,Rep E,Inbound Call,1,146.88,146.88,2025-08
501277,2025-10-17,West,Smart Blinds,Rep B,Website,3,934.3,2802.9,2025-10
501278,2024-06-05,Midwest,Window Treatments,Rep C,Website,5,289.03,1445.15,2024-06
501279,2025-11-04,South,Smart Blinds,Rep A,Canvassing,5,966.16,4830.8,2025-11
501280,2024-05-12,Midwest,Window Treatments,Rep A,Inbound Call,3,282.77,848.31,2024-05
501281,2024-10-10,South,Outdoor Shades,Rep D,Website,2,458.36,916.72,2024-10
501282,2024-12-16,West,Window Treatments,Rep A,Inbound Call,1,269.53,269.53,2024-12
501283,2024-09-02,South,Window Treatments,Rep C,Website,5,562.31,2811.55,2024-09
501284,2025-02-01,East,Outdoor Shades,Rep D,Partner,1,394.07,394.07,2025-02
501285,2024-01-05,West,Outdoor Shades,Rep C,Partner,5,1001.56,5007.8,2024-01
501286,2025-12-27,Midwest,Smart Blinds,Rep C,Partner,1,833.67,833.67,2025-12
501287,2025-05-20,East,Outdoor Shades,Rep E,Referral,3,548.01,1644.03,2025-05
501288,2024-06-29,West,Window Treatments,Rep B,Canvassing,4,533.39,2133.56,2024-06
501289,2025-04-20,West,Window Treatments,Rep A,Partner,2,149.81,299.62,2025-04
501290,2025-02-06,Midwest,Window Treatments,Rep A,Referral,4,194.11,776.44,2025-02
501291,2025-12-10,Midwest,Window Treatments,Rep B,Referral,2,773.01,1546.02,2025-12
501292,2025-03-24,South,Smart Blinds,Rep B,Partner,1,1019.75,1019.75,2025-03
501293,2024-04-12,East,Window Treatments,Rep A,Website,4,1029.57,4118.28,2024-04
501294,2025-04-17,South,Window Treatments,Rep A,Inbound Call,5,415.19,2075.95,2025-04
501295,2025-03-11,South,Accessories,Rep D,Canvassing,3,1059.0,3177.0,2025-03
501296,2025-08-01,Midwest,Smart Blinds,Rep D,Inbound Call,4,583.54,2334.16,2025-08
501297,2024-06-17,West,Smart Blinds,Rep C,Canvassing,3,918.03,2754.09,2024-06
501298,2025-09-20,East,Smart Blinds,Rep C,Website,1,692.02,692.02,2025-09
501299,2024-03-18,South,Smart Blinds,Rep A,Partner,2,809.27,1618.54,2024-03
501300,2024-12-26,West,Outdoor Shades,Rep E,Inbound Call,4,562.08,2248.32,2024-12
501301,2025-08-01,East,Smart Blinds,Rep A,Referral,2,787.78,1575.56,2025-08
501302,2024-10-21,Midwest,Window Treatments,Rep B,Partner,1,230.55,230.55,2024-10
501303,2024-07-25,West,Window Treatments,Rep E,Inbound Call,5,126.18,630.9,2024-07
501304,2025-02-15,Midwest,Outdoor Shades,Rep A,Canvassing,1,570.1,570.1,2025-02
501305,2024-03-18,Midwest,Window Treatments,Rep B,Inbound Call,4,1077.13,4308.52,2024-03
501306,2024-09-03,South,Accessories,Rep B,Partner,3,636.21,1908.63,2024-09
501307,2024-12-05,West,Accessories,Rep C,Partner,4,141.12,564.48,2024-12
501308,2025-10-28,West,Outdoor Shades,Rep A,Referral,3,383.93,1151.79,2025-10
501309,2025-07-06,West,Window Treatments,Rep A,Canvassing,5,250.67,1253.35,2025-07
501310,2025-02-27,South,Smart Blinds,Rep C,Inbound Call,4,348.26,1393.04,2025-02
501311,2024-08-26,West,Window Treatments,Rep A,Canvassing,5,594.04,2970.2,2024-08
501312,2024-08-02,South,Window Treatments,Rep C,Canvassing,4,531.6,2126.4,2024-08
501313,2025-11-08,Midwest,Window Treatments,Rep B,Canvassing,2,194.58,389.16,2025-11
501314,2024-06-02,Midwest,Outdoor Shades,Rep A,Partner,3,458.0,1374.0,2024-06
501315,2025-11-02,Midwest,Window Treatments,Rep D,Referral,1,733.13,733.13,2025-11
501316,2025-07-17,West,Smart Blinds,Rep C,Partner,5,580.54,2902.7,2025-07
501317,2024-09-19,Midwest,Window Treatments,Rep A,Canvassing,4,561.56,2246.24,2024-09
501318,2024-05-13,Midwest,Smart Blinds,Rep D,Website,3,285.6,856.8,2024-05
501319,2024-08-25,West,Smart Blinds,Rep D,Partner,5,933.82,4669.1,2024-08
501320,2025-10-13,Midwest,Smart Blinds,Rep E,Partner,3,746.51,2239.53,2025-10
501321,2025-09-19,South,Outdoor Shades,Rep A,Website,4,568.54,2274.16,2025-09
501322,2025-04-24,South,Outdoor Shades,Rep A,Canvassing,5,990.55,4952.75,2025-04
501323,2025-07-14,East,Outdoor Shades,Rep A,Partner,1,350.21,350.21,2025-07
501324,2024-02-29,South,Accessories,Rep C,Website,2,364.35,728.7,2024-02
501325,2024-12-04,West,Outdoor Shades,Rep A,Referral,3,207.6,622.8,2024-12
501326,2024-11-12,Midwest,Smart Blinds,Rep C,Referral,2,973.09,1946.18,2024-11
501327,2024-05-21,South,Smart Blinds,Rep E,Website,4,330.82,1323.28,2024-05
501328,2024-03-07,East,Smart Blinds,Rep B,Referral,3,595.96,1787.88,2024-03
501329,2024-12-07,West,Smart Blinds,Rep A,Referral,2,883.64,1767.28,2024-12
501330,2025-06-27,West,Window Treatments,Rep A,Canvassing,1,673.69,673.69,2025-06
501331,2025-11-28,West,Outdoor Shades,Rep B,Partner,3,493.98,1481.94,2025-11
501332,2024-05-10,West,Accessories,Rep E,Canvassing,4,966.68,3866.72,2024-05
501333,2024-04-06,West,Window Treatments,Rep E,Partner,5,213.83,1069.15,2024-04
501334,2024-02-27,East,Window Treatments,Rep A,Inbound Call,2,615.29,1230.58,2024-02
501335,2024-10-17,East,Window Treatments,Rep C,Inbound Call,4,1074.22,4296.88,2024-10
501336,2025-05-01,South,Smart Blinds,Rep D,Canvassing,5,1064.83,5324.15,2025-05
501337,2025-06-08,Midwest,Outdoor Shades,Rep B,Partner,5,787.85,3939.25,2025-06
501338,2024-11-12,South,Accessories,Rep C,Website,1,839.18,839.18,2024-11
501339,2025-05-13,West,Accessories,Rep C,Website,2,862.66,1725.32,2025-05
501340,2024-06-04,Midwest,Smart Blinds,Rep B,Canvassing,2,812.87,1625.74,2024-06
501341,2024-01-17,East,Outdoor Shades,Rep E,Website,4,537.43,2149.72,2024-01
501342,2024-03-06,West,Outdoor Shades,Rep C,Referral,3,173.73,521.19,2024-03
501343,2024-02-03,South,Outdoor Shades,Rep B,Partner,2,357.43,714.86,2024-02
501344,2024-09-24,East,Window Treatments,Rep B,Referral,3,397.91,1193.73,2024-09
501345,2024-12-13,South,Window Treatments,Rep A,Referral,5,721.92,3609.6,2024-12
501346,2024-01-11,South,Accessories,Rep B,Partner,2,398.77,797.54,2024-01
501347,2025-01-25,East,Outdoor Shades,Rep E,Referral,4,927.54,3710.16,2025-01
501348,2024-01-08,Midwest,Accessories,Rep E,Website,1,1021.52,1021.52,2024-01
501349,2025-11-27,East,Window Treatments,Rep E,Referral,5,998.24,4991.2,2025-11
501350,2025-01-15,South,Window Treatments,Rep A,Inbound Call,3,922.79,2768.37,2025-01
501351,2024-07-22,West,Window Treatments,Rep B,Website,1,787.16,787.16,2024-07
501352,2024-01-15,South,Outdoor Shades,Rep D,Website,5,1027.67,5138.35,2024-01
501353,2025-04-04,East,Window Treatments,Rep E,Canvassing,2,592.05,1184.1,2025-04
501354,2025-04-23,Midwest,Accessories,Rep A,Website,4,823.67,3294.68,2025-04
501355,2024-10-21,South,Window Treatments,Rep D,Inbound Call,2,1090.36,2180.72,2024-10
501356,2025-01-29,South,Outdoor Shades,Rep E,Inbound Call,4,299.69,1198.76,2025-01
501357,2024-03-07,South,Window Treatments,Rep D,Referral,5,873.47,4367.35,2024-03
501358,2024-10-23,Midwest,Smart Blinds,Rep C,Inbound Call,2,524.95,1049.9,2024-10
501359,2025-06-24,West,Window Treatments,Rep B,Website,5,761.82,3809.1,2025-06
501360,2024-05-18,East,Smart Blinds,Rep A,Canvassing,4,528.2,2112.8,2024-05
501361,2024-03-28,West,Accessories,Rep B,Website,2,720.14,1440.28,2024-03
501362,2025-07-19,West,Outdoor Shades,Rep D,Website,5,383.7,1918.5,2025-07
501363,2024-04-27,East,Window Treatments,Rep A,Canvassing,1,594.51,594.51,2024-04
501364,2025-07-29,South,Outdoor Shades,Rep A,Website,5,369.48,1847.4,2025-07
501365,2025-06-05,Midwest,Outdoor Shades,Rep E,Website,3,550.65,1651.95,2025-06
501366,2024-12-29,Midwest,Smart Blinds,Rep B,Canvassing,3,648.3,1944.9,2024-12
501367,2025-08-01,South,Smart Blinds,Rep E,Website,5,340.32,1701.6,2025-08
501368,2025-04-20,Midwest,Window Treatments,Rep D,Partner,5,599.34,2996.7,2025-04
501369,2025-12-15,Midwest,Window Treatments,Rep E,Referral,3,1083.61,3250.83,2025-12
501370,2024-10-30,South,Window Treatments,Rep B,Website,1,357.93,357.93,2024-10
501371,2024-07-05,Midwest,Window Treatments,Rep E,Inbound Call,5,879.97,4399.85,2024-07
501372,2024-09-03,West,Outdoor Shades,Rep B,Inbound Call,1,1069.71,1069.71,2024-09
501373,2025-09-19,South,Smart Blinds,Rep A,Inbound Call,4,317.0,1268.0,2025-09
501374,2024-08-01,West,Accessories,Rep B,Partner,2,833.49,1666.98,2024-08
501375,2025-05-14,East,Smart Blinds,Rep A,Inbound Call,4,1022.94,4091.76,2025-05
501376,2024-09-05,East,Smart Blinds,Rep D,Website,2,310.15,620.3,2024-09
501377,2025-11-14,West,Window Treatments,Rep C,Canvassing,5,263.42,1317.1,2025-11
501378,2024-09-21,South,Outdoor Shades,Rep C,Partner,2,486.18,972.36,2024-09
501379,2024-05-28,Midwest,Window Treatments,Rep C,Referral,2,922.86,1845.72,2024-05
501380,2025-03-23,Midwest,Window Treatments,Rep A,Website,3,1083.66,3250.98,2025-03
501381,2025-03-10,West,Window Treatments,Rep C,Website,2,708.16,1416.32,2025-03
501382,2024-12-24,Midwest,Window Treatments,Rep A,Inbound Call,1,241.15,241.15,2024-12
501383,2024-02-21,South,Accessories,Rep B,Inbound Call,3,322.53,967.59,2024-02
501384,2024-12-21,South,Window Treatments,Rep E,Canvassing,4,566.11,2264.44,2024-12
501385,2024-02-16,South,Smart Blinds,Rep D,Partner,4,488.6,1954.4,2024-02
501386,2025-08-27,East,Window Treatments,Rep C,Partner,3,798.72,2396.16,2025-08
501387,2024-02-21,East,Outdoor Shades,Rep C,Inbound Call,4,243.68,974.72,2024-02
501388,2025-07-27,Midwest,Outdoor Shades,Rep A,Referral,1,1054.32,1054.32,2025-07
501389,2024-02-18,East,Outdoor Shades,Rep D,Website,3,334.11,1002.33,2024-02
501390,2024-01-17,Midwest,Outdoor Shades,Rep B,Website,5,612.21,3061.05,2024-01
501391,2024-11-11,East,Outdoor Shades,Rep A,Referral,3,586.24,1758.72,2024-11
501392,2024-06-11,West,Window Treatments,Rep C,Canvassing,2,431.57,863.14,2024-06
501393,2025-04-07,Midwest,Accessories,Rep B,Website,4,965.63,3862.52,2025-04
501394,2025-04-09,South,Accessories,Rep B,Partner,1,682.23,682.23,2025-04
501395,2024-09-01,West,Outdoor Shades,Rep E,Inbound Call,3,418.87,1256.61,2024-09
501396,2024-04-26,Midwest,Outdoor Shades,Rep E,Inbound Call,5,501.4,2507.0,2024-04
501397,2025-12-18,East,Window Treatments,Rep E,Referral,2,961.7,1923.4,2025-12
501398,2024-12-14,South,Window Treatments,Rep B,Partner,1,154.48,154.48,2024-12
501399,2024-07-27,Midwest,Accessories,Rep D,Partner,5,262.8,1314.0,2024-07
501400,2025-05-11,South,Outdoor Shades,Rep A,Canvassing,1,456.52,456.52,2025-05
501401,2024-06-09,Midwest,Window Treatments,Rep A,Inbound Call,3,497.82,1493.46,2024-06
501402,2024-10-11,South,Window Treatments,Rep A,Partner,1,590.44,590.44,2024-10
501403,2025-01-19,Midwest,Outdoor Shades,Rep C,Inbound Call,1,525.01,525.01,2025-01
501404,2024-10-09,South,Window Treatments,Rep B,Canvassing,1,659.21,659.21,2024-10
501405,2025-03-08,East,Window Treatments,Rep E,Referral,3,212.32,636.96,2025-03
501406,2025-06-16,South,Accessories,Rep C,Inbound Call,3,577.27,1731.81,2025-06
501407,2024-02-27,West,Outdoor Shades,Rep E,Referral,3,943.74,2831.22,2024-02
501408,2025-11-14,South,Smart Blinds,Rep B,Referral,5,242.13,1210.65,2025-11
501409,2025-04-23,South,Window Treatments,Rep C,Website,3,900.79,2702.37,2025-04
501410,2024-05-13,East,Outdoor Shades,Rep B,Website,5,262.22,1311.1,2024-05
501411,2025-12-15,Midwest,Outdoor Shades,Rep D,Website,2,233.65,467.3,2025-12
501412,2025-03-01,West,Smart Blinds,Rep E,Partner,5,645.28,3226.4,2025-03
501413,2025-02-01,Midwest,Smart Blinds,Rep D,Partner,1,331.44,331.44,2025-02
501414,2025-11-25,East,Window Treatments,Rep B,Partner,1,617.75,617.75,2025-11
501415,2025-08-13,East,Outdoor Shades,Rep B,Partner,2,837.38,1674.76,2025-08
501416,2025-08-16,West,Smart Blinds,Rep B,Inbound Call,5,499.18,2495.9,2025-08
501417,2024-09-20,West,Outdoor Shades,Rep E,Canvassing,2,1062.3,2124.6,2024-09
501418,2024-08-31,South,Smart Blinds,Rep A,Inbound Call,3,772.43,2317.29,2024-08
501419,2024-09-27,South,Window Treatments,Rep C,Inbound Call,4,569.19,2276.76,2024-09
501420,2025-02-02,East,Window Treatments,Rep C,Canvassing,2,501.69,1003.38,2025-02
501421,2025-11-23,East,Outdoor Shades,Rep D,Partner,1,289.6,289.6,2025-11
501422,2025-01-12,South,Smart Blinds,Rep D,Partner,3,663.53,1990.59,2025-01
501423,2025-08-10,Midwest,Window Treatments,Rep A,Referral,2,1002.21,2004.42,2025-08
501424,2025-07-08,Midwest,Window Treatments,Rep C,Referral,4,1027.3,4109.2,2025-07
501425,2025-09-27,Midwest,Window Treatments,Rep C,Partner,3,659.86,1979.58,2025-09
501426,2024-02-02,West,Outdoor Shades,Rep D,Website,5,176.6,883.0,2024-02
501427,2024-06-29,West,Outdoor Shades,Rep B,Referral,1,699.41,699.41,2024-06
501428,2025-02-14,Midwest,Window Treatments,Rep B,Referral,2,154.37,308.74,2025-02
501429,2025-07-30,West,Outdoor Shades,Rep E,Partner,1,274.99,274.99,2025-07
501430,2024-04-12,West,Outdoor Shades,Rep B,Inbound Call,4,1069.7,4278.8,2024-04
501431,2025-10-10,West,Smart Blinds,Rep C,Canvassing,5,722.52,3612.6,2025-10
501432,2024-10-19,West,Window Treatments,Rep D,Referral,2,779.86,1559.72,2024-10
501433,2024-08-20,South,Smart Blinds,Rep D,Referral,3,568.87,1706.61,2024-08
501434,2025-08-03,Midwest,Outdoor Shades,Rep E,Referral,2,1091.99,2183.98,2025-08
501435,2025-03-28,South,Outdoor Shades,Rep E,Partner,3,746.65,2239.95,2025-03
501436,2025-08-14,South,Outdoor Shades,Rep D,Referral,1,962.91,962.91,2025-08
501437,2025-01-14,Midwest,Outdoor Shades,Rep C,Canvassing,2,1009.93,2019.86,2025-01
501438,2024-10-14,West,Window Treatments,Rep A,Website,5,212.19,1060.95,2024-10
501439,2025-01-23,Midwest,Outdoor Shades,Rep C,Canvassing,1,257.5,257.5,2025-01
501440,2024-05-21,West,Smart Blinds,Rep A,Referral,2,1098.34,2196.68,2024-05
501441,2024-08-09,West,Outdoor Shades,Rep A,Canvassing,4,683.08,2732.32,2024-08
501442,2024-01-18,East,Window Treatments,Rep C,Referral,2,1003.99,2007.98,2024-01
501443,2025-11-09,East,Outdoor Shades,Rep D,Inbound Call,3,830.64,2491.92,2025-11
501444,2024-03-30,South,Smart Blinds,Rep A,Referral,5,587.94,2939.7,2024-03
501445,2024-04-24,West,Outdoor Shades,Rep C,Partner,5,887.73,4438.65,2024-04
501446,2024-08-31,South,Accessories,Rep C,Canvassing,1,476.06,476.06,2024-08
501447,2025-09-02,Midwest,Window Treatments,Rep C,Website,1,663.05,663.05,2025-09
501448,2025-04-14,East,Accessories,Rep D,Inbound Call,1,155.09,155.09,2025-04
501449,2025-01-23,West,Smart Blinds,Rep E,Referral,3,908.22,2724.66,2025-01
501450,2024-09-19,East,Smart Blinds,Rep A,Inbound Call,4,208.34,833.36,2024-09
501451,2024-05-30,South,Window Treatments,Rep C,Partner,4,256.74,1026.96,2024-05
501452,2025-06-11,South,Accessories,Rep E,Partner,1,285.32,285.32,2025-06
501453,2024-03-27,South,Outdoor Shades,Rep A,Website,1,824.58,824.58,2024-03
501454,2024-11-28,South,Outdoor Shades,Rep E,Website,3,252.15,756.45,2024-11
501455,2025-04-28,South,Outdoor Shades,Rep A,Partner,5,201.65,1008.25,2025-04
501456,2024-02-01,South,Outdoor Shades,Rep A,Website,4,429.73,1718.92,2024-02
501457,2024-12-10,West,Smart Blinds,Rep E,Partner,2,595.41,1190.82,2024-12
501458,2025-11-11,West,Window Treatments,Rep A,Referral,3,491.98,1475.94,2025-11
501459,2025-05-25,Midwest,Accessories,Rep E,Website,5,1049.89,5249.45,2025-05
501460,2025-10-20,Midwest,Window Treatments,Rep C,Website,5,605.09,3025.45,2025-10
501461,2025-11-02,West,Window Treatments,Rep B,Partner,4,948.21,3792.84,2025-11
501462,2024-02-05,East,Smart Blinds,Rep B,Referral,1,1029.99,1029.99,2024-02
501463,2024-11-01,Midwest,Window Treatments,Rep E,Inbound Call,2,400.93,801.86,2024-11
501464,2024-06-01,Midwest,Outdoor Shades,Rep C,Canvassing,1,587.92,587.92,2024-06
501465,2024-07-04,East,Window Treatments,Rep B,Partner,2,1002.22,2004.44,2024-07
501466,2024-05-03,East,Outdoor Shades,Rep B,Partner,2,180.37,360.74,2024-05
501467,2025-09-18,South,Outdoor Shades,Rep D,Partner,3,370.89,1112.67,2025-09
501468,2025-05-29,East,Outdoor Shades,Rep D,Partner,3,889.89,2669.67,2025-05
501469,2025-04-20,South,Smart Blinds,Rep E,Referral,2,1006.01,2012.02,2025-04
501470,2024-10-30,West,Accessories,Rep E,Canvassing,1,868.36,868.36,2024-10
501471,2025-12-25,West,Smart Blinds,Rep C,Canvassing,4,447.69,1790.76,2025-12
501472,2025-02-17,Midwest,Smart Blinds,Rep B,Inbound Call,2,181.84,363.68,2025-02
501473,2024-06-16,South,Outdoor Shades,Rep E,Website,2,1056.72,2113.44,2024-06
501474,2024-08-16,East,Window Treatments,Rep C,Referral,3,684.39,2053.17,2024-08
501475,2024-08-03,West,Window Treatments,Rep E,Website,4,739.12,2956.48,2024-08
501476,2024-02-16,Midwest,Smart Blinds,Rep D,Partner,2,346.23,692.46,2024-02
501477,2024-09-14,South,Window Treatments,Rep E,Partner,1,862.87,862.87,2024-09
501478,2024-08-06,Midwest,Accessories,Rep A,Inbound Call,2,514.67,1029.34,2024-08
501479,2025-11-08,South,Window Treatments,Rep D,Partner,4,142.61,570.44,2025-11
501480,2025-03-02,East,Outdoor Shades,Rep D,Inbound Call,2,892.34,1784.68,2025-03
501481,2024-06-07,East,Outdoor Shades,Rep E,Partner,5,355.26,1776.3,2024-06
501482,2025-03-12,South,Smart Blinds,Rep A,Referral,3,797.3,2391.9,2025-03
501483,2025-09-08,South,Window Treatments,Rep C,Partner,1,652.7,652.7,2025-09
501484,2024-04-03,South,Window Treatments,Rep E,Canvassing,5,266.96,1334.8,2024-04
501485,2024-11-18,West,Outdoor Shades,Rep A,Referral,2,617.73,1235.46,2024-11
501486,2024-09-15,Midwest,Window Treatments,Rep B,Canvassing,1,1087.1,1087.1,2024-09
501487,2024-02-03,South,Outdoor Shades,Rep E,Canvassing,1,163.39,163.39,2024-02
501488,2024-01-06,East,Smart Blinds,Rep A,Referral,1,613.23,613.23,2024-01
501489,2024-08-06,South,Window Treatments,Rep A,Referral,1,839.55,839.55,2024-08
501490,2024-08-27,East,Smart Blinds,Rep B,Partner,5,941.91,4709.55,2024-08
501491,2024-03-23,East,Window Treatments,Rep D,Referral,2,899.27,1798.54,2024-03
501492,2024-01-01,West,Outdoor Shades,Rep D,Referral,4,987.79,3951.16,2024-01
501493,2025-01-24,East,Smart Blinds,Rep E,Website,3,784.13,2352.39,2025-01
501494,2024-05-26,East,Window Treatments,Rep A,Inbound Call,5,231.9,1159.5,2024-05
501495,2025-01-21,East,Outdoor Shades,Rep E,Partner,4,611.7,2446.8,2025-01
501496,2025-04-18,Midwest,Outdoor Shades,Rep A,Partner,4,902.32,3609.28,2025-04
501497,2025-09-18,Midwest,Window Treatments,Rep B,Inbound Call,1,218.76,218.76,2025-09
501498,2025-10-13,South,Window Treatments,Rep D,Canvassing,4,416.02,1664.08,2025-10
501499,2024-03-24,East,Smart Blinds,Rep C,Inbound Call,3,248.15,744.45,2024-03
501500,2024-05-28,East,Window Treatments,Rep B,Inbound Call,4,759.33,3037.32,2024-05
501501,2025-07-16,East,Outdoor Shades,Rep B,Partner,2,182.07,364.14,2025-07
501502,2025-08-25,West,Window Treatments,Rep B,Partner,1,192.33,192.33,2025-08
501503,2024-11-05,Midwest,Window Treatments,Rep A,Canvassing,5,992.79,4963.95,2024-11
501504,2025-09-16,West,Window Treatments,Rep D,Referral,2,482.77,965.54,2025-09
501505,2024-05-20,Midwest,Accessories,Rep A,Partner,5,1013.94,5069.7,2024-05
501506,2025-07-14,Midwest,Outdoor Shades,Rep C,Canvassing,2,668.51,1337.02,2025-07
501507,2025-12-06,Midwest,Smart Blinds,Rep E,Canvassing,3,130.0,390.0,2025-12
501508,2024-05-08,Midwest,Outdoor Shades,Rep C,Inbound Call,4,839.46,3357.84,2024-05
501509,2025-11-20,West,Outdoor Shades,Rep C,Referral,4,741.21,2964.84,2025-11
501510,2024-04-16,West,Outdoor Shades,Rep C,Website,1,156.46,156.46,2024-04
501511,2024-08-29,Midwest,Window Treatments,Rep E,Inbound Call,3,1078.93,3236.79,2024-08
501512,2024-12-11,Midwest,Window Treatments,Rep A,Canvassing,1,689.19,689.19,2024-12
501513,2025-12-07,East,Window Treatments,Rep D,Partner,5,824.24,4121.2,2025-12
501514,2024-10-22,South,Window Treatments,Rep C,Canvassing,5,557.57,2787.85,2024-10
501515,2024-05-01,East,Window Treatments,Rep E,Referral,1,686.53,686.53,2024-05
501516,2024-07-17,West,Smart Blinds,Rep B,Website,1,617.05,617.05,2024-07
501517,2024-06-12,Midwest,Window Treatments,Rep D,Partner,3,578.55,1735.65,2024-06
501518,2025-03-02,South,Accessories,Rep B,Website,3,288.14,864.42,2025-03
501519,2025-06-07,East,Window Treatments,Rep D,Canvassing,3,368.67,1106.01,2025-06
501520,2025-07-20,East,Smart Blinds,Rep B,Canvassing,2,903.03,1806.06,2025-07
501521,2024-08-10,East,Accessories,Rep E,Inbound Call,4,677.1,2708.4,2024-08
501522,2024-04-26,South,Outdoor Shades,Rep A,Inbound Call,3,1025.46,3076.38,2024-04
501523,2024-12-04,Midwest,Outdoor Shades,Rep C,Referral,4,195.59,782.36,2024-12
501524,2025-12-19,South,Smart Blinds,Rep D,Website,5,1033.67,5168.35,2025-12
501525,2024-02-28,Midwest,Window Treatments,Rep E,Partner,1,727.92,727.92,2024-02
501526,2024-03-07,East,Outdoor Shades,Rep D,Partner,4,754.65,3018.6,2024-03
501527,2025-04-08,West,Outdoor Shades,Rep D,Partner,4,755.56,3022.24,2025-04
501528,2024-08-30,West,Smart Blinds,Rep C,Referral,4,392.98,1571.92,2024-08
501529,2024-06-02,East,Window Treatments,Rep B,Website,4,856.61,3426.44,2024-06
501530,2025-03-02,West,Outdoor Shades,Rep C,Referral,2,505.44,1010.88,2025-03
501531,2024-09-21,East,Outdoor Shades,Rep E,Canvassing,1,728.86,728.86,2024-09
501532,2025-05-28,Midwest,Outdoor Shades,Rep B,Website,5,385.57,1927.85,2025-05
501533,2025-04-19,East,Accessories,Rep E,Partner,3,341.56,1024.68,2025-04
501534,2024-02-08,West,Window Treatments,Rep B,Website,1,477.81,477.81,2024-02
501535,2025-08-01,South,Window Treatments,Rep C,Partner,1,996.24,996.24,2025-08
501536,2025-12-06,South,Smart Blinds,Rep B,Inbound Call,2,377.51,755.02,2025-12
501537,2024-12-21,West,Window Treatments,Rep B,Canvassing,1,183.29,183.29,2024-12
501538,2024-11-17,East,Window Treatments,Rep B,Inbound Call,4,437.91,1751.64,2024-11
501539,2024-04-01,South,Outdoor Shades,Rep D,Referral,1,241.27,241.27,2024-04
501540,2024-05-08,South,Smart Blinds,Rep D,Referral,3,281.79,845.37,2024-05
501541,2024-08-12,West,Smart Blinds,Rep E,Inbound Call,3,1087.25,3261.75,2024-08
501542,2024-02-18,West,Smart Blinds,Rep E,Website,2,258.85,517.7,2024-02
501543,2025-12-21,South,Window Treatments,Rep D,Inbound Call,1,801.36,801.36,2025-12
501544,2025-10-04,South,Smart Blinds,Rep B,Partner,5,354.56,1772.8,2025-10
501545,2024-05-19,East,Window Treatments,Rep E,Canvassing,3,726.99,2180.97,2024-05
501546,2024-11-07,West,Window Treatments,Rep C,Website,2,433.32,866.64,2024-11
501547,2024-11-07,East,Window Treatments,Rep D,Canvassing,4,656.15,2624.6,2024-11
501548,2025-05-15,South,Accessories,Rep E,Website,5,310.05,1550.25,2025-05
501549,2025-06-17,South,Window Treatments,Rep A,Referral,1,712.21,712.21,2025-06
501550,2024-02-21,West,Outdoor Shades,Rep A,Referral,4,467.14,1868.56,2024-02
501551,2024-01-19,West,Window Treatments,Rep B,Inbound Call,4,136.9,547.6,2024-01
501552,2024-12-03,West,Window Treatments,Rep B,Partner,4,523.95,2095.8,2024-12
501553,2024-10-14,Midwest,Outdoor Shades,Rep A,Website,3,750.36,2251.08,2024-10
501554,2024-10-31,East,Smart Blinds,Rep E,Inbound Call,5,603.94,3019.7,2024-10
501555,2025-09-12,West,Smart Blinds,Rep B,Inbound Call,3,801.01,2403.03,2025-09
501556,2024-08-11,East,Smart Blinds,Rep E,Canvassing,5,897.52,4487.6,2024-08
501557,2024-02-05,South,Smart Blinds,Rep B,Inbound Call,5,168.66,843.3,2024-02
501558,2025-05-26,Midwest,Window Treatments,Rep E,Partner,3,137.18,411.54,2025-05
501559,2025-04-04,West,Smart Blinds,Rep B,Canvassing,1,812.21,812.21,2025-04
501560,2024-12-17,South,Outdoor Shades,Rep A,Canvassing,4,359.08,1436.32,2024-12
501561,2024-08-12,South,Window Treatments,Rep B,Referral,4,922.02,3688.08,2024-08
501562,2025-01-26,East,Smart Blinds,Rep C,Canvassing,3,256.25,768.75,2025-01
501563,2025-10-08,South,Window Treatments,Rep D,Partner,4,865.42,3461.68,2025-10
501564,2025-03-10,West,Outdoor Shades,Rep E,Referral,5,429.63,2148.15,2025-03
501565,2025-12-23,East,Window Treatments,Rep E,Inbound Call,3,401.34,1204.02,2025-12
501566,2025-12-07,South,Window Treatments,Rep E,Canvassing,3,954.93,2864.79,2025-12
501567,2025-05-23,West,Window Treatments,Rep C,Inbound Call,1,283.29,283.29,2025-05
501568,2024-09-09,East,Outdoor Shades,Rep C,Canvassing,4,1006.46,4025.84,2024-09
501569,2024-12-27,South,Window Treatments,Rep B,Partner,4,793.9,3175.6,2024-12
501570,2024-08-04,South,Smart Blinds,Rep E,Website,4,968.44,3873.76,2024-08
501571,2024-06-21,East,Window Treatments,Rep B,Inbound Call,2,378.73,757.46,2024-06
501572,2025-12-15,Midwest,Window Treatments,Rep A,Partner,1,1003.95,1003.95,2025-12
501573,2025-02-23,West,Smart Blinds,Rep C,Referral,4,574.67,2298.68,2025-02
501574,2024-04-19,South,Outdoor Shades,Rep D,Website,4,514.84,2059.36,2024-04
501575,2025-05-13,West,Smart Blinds,Rep A,Referral,4,742.64,2970.56,2025-05
501576,2024-05-19,Midwest,Outdoor Shades,Rep A,Website,5,952.14,4760.7,2024-05
501577,2024-10-31,West,Outdoor Shades,Rep D,Partner,4,668.57,2674.28,2024-10
501578,2024-06-09,West,Smart Blinds,Rep B,Website,3,849.98,2549.94,2024-06
501579,2024-09-21,South,Window Treatments,Rep D,Canvassing,1,635.14,635.14,2024-09
501580,2025-01-24,South,Smart Blinds,Rep D,Website,2,691.87,1383.74,2025-01
501581,2025-04-28,South,Smart Blinds,Rep E,Website,2,972.86,1945.72,2025-04
501582,2024-05-16,South,Smart Blinds,Rep D,Website,3,667.42,2002.26,2024-05
501583,2024-11-23,East,Accessories,Rep D,Canvassing,5,648.3,3241.5,2024-11
501584,2025-03-15,South,Outdoor Shades,Rep E,Inbound Call,1,168.59,168.59,2025-03
501585,2024-09-16,West,Smart Blinds,Rep A,Website,3,500.97,1502.91,2024-09
501586,2025-12-19,Midwest,Accessories,Rep D,Referral,1,223.12,223.12,2025-12
501587,2025-09-10,South,Window Treatments,Rep E,Website,4,292.58,1170.32,2025-09
501588,2024-11-24,West,Window Treatments,Rep C,Inbound Call,1,691.76,691.76,2024-11
501589,2024-09-20,West,Smart Blinds,Rep E,Referral,2,429.15,858.3,2024-09
501590,2025-08-01,West,Smart Blinds,Rep E,Canvassing,5,129.14,645.7,2025-08
501591,2024-02-03,Midwest,Window Treatments,Rep E,Inbound Call,2,593.81,1187.62,2024-02
501592,2024-06-08,Midwest,Window Treatments,Rep B,Website,5,704.09,3520.45,2024-06
501593,2025-04-20,South,Accessories,Rep D,Website,5,719.69,3598.45,2025-04
501594,2024-08-10,East,Accessories,Rep B,Website,5,170.89,854.45,2024-08
501595,2024-10-04,East,Window Treatments,Rep C,Referral,2,401.57,803.14,2024-10
501596,2024-05-24,Midwest,Window Treatments,Rep C,Inbound Call,1,232.05,232.05,2024-05
501597,2024-05-25,Midwest,Smart Blinds,Rep E,Inbound Call,5,630.68,3153.4,2024-05
501598,2024-10-09,West,Outdoor Shades,Rep A,Referral,2,784.19,1568.38,2024-10
501599,2025-06-08,South,Window Treatments,Rep C,Website,5,482.43,2412.15,2025-06
501600,2025-04-13,South,Window Treatments,Rep D,Canvassing,2,487.84,975.68,2025-04
501601,2024-02-19,East,Accessories,Rep E,Website,3,756.47,2269.41,2024-02
501602,2025-11-20,Midwest,Window Treatments,Rep A,Referral,1,535.21,535.21,2025-11
501603,2025-03-08,East,Window Treatments,Rep C,Partner,2,149.87,299.74,2025-03
501604,2024-04-27,South,Window Treatments,Rep C,Inbound Call,4,488.05,1952.2,2024-04
501605,2024-07-09,East,Smart Blinds,Rep D,Website,1,919.34,919.34,2024-07
501606,2024-09-12,East,Window Treatments,Rep D,Referral,4,423.44,1693.76,2024-09
501607,2024-04-15,Midwest,Outdoor Shades,Rep D,Inbound Call,5,131.03,655.15,2024-04
501608,2024-06-12,South,Smart Blinds,Rep E,Inbound Call,3,562.1,1686.3,2024-06
501609,2025-10-28,West,Smart Blinds,Rep D,Inbound Call,3,700.02,2100.06,2025-10
501610,2024-09-20,West,Accessories,Rep C,Referral,1,356.15,356.15,2024-09
501611,2024-08-15,Midwest,Outdoor Shades,Rep C,Inbound Call,2,748.22,1496.44,2024-08
501612,2024-06-29,Midwest,Smart Blinds,Rep E,Referral,4,521.3,2085.2,2024-06
501613,2025-04-09,South,Accessories,Rep A,Partner,5,463.05,2315.25,2025-04
501614,2025-06-07,Midwest,Smart Blinds,Rep C,Website,3,562.12,1686.36,2025-06
501615,2024-06-17,West,Outdoor Shades,Rep A,Referral,2,231.13,462.26,2024-06
501616,2024-07-17,Midwest,Window Treatments,Rep A,Canvassing,3,943.35,2830.05,2024-07
501617,2025-03-27,South,Window Treatments,Rep D,Website,5,521.52,2607.6,2025-03
501618,2024-02-08,South,Window Treatments,Rep A,Inbound Call,3,1037.89,3113.67,2024-02
501619,2025-12-02,West,Outdoor Shades,Rep D,Partner,2,896.26,1792.52,2025-12
501620,2024-06-12,South,Window Treatments,Rep A,Canvassing,3,501.02,1503.06,2024-06
501621,2025-04-29,East,Window Treatments,Rep A,Inbound Call,1,1033.13,1033.13,2025-04
501622,2025-09-04,East,Outdoor Shades,Rep D,Partner,2,405.74,811.48,2025-09
501623,2025-08-22,East,Accessories,Rep E,Referral,5,259.55,1297.75,2025-08
501624,2025-10-01,East,Window Treatments,Rep D,Canvassing,2,666.25,1332.5,2025-10
501625,2024-02-12,West,Window Treatments,Rep E,Inbound Call,2,283.07,566.14,2024-02
501626,2024-08-27,East,Accessories,Rep E,Partner,3,233.18,699.54,2024-08
501627,2025-07-21,West,Outdoor Shades,Rep C,Partner,2,753.92,1507.84,2025-07
501628,2025-05-01,South,Outdoor Shades,Rep D,Referral,1,892.22,892.22,2025-05
501629,2025-02-01,South,Window Treatments,Rep C,Website,2,494.68,989.36,2025-02
501630,2024-01-31,Midwest,Smart Blinds,Rep D,Referral,4,1055.9,4223.6,2024-01
501631,2024-02-05,Midwest,Smart Blinds,Rep C,Partner,2,150.4,300.8,2024-02
501632,2024-10-30,South,Smart Blinds,Rep C,Partner,2,186.12,372.24,2024-10
501633,2025-10-27,East,Window Treatments,Rep B,Canvassing,4,541.72,2166.88,2025-10
501634,2025-09-12,East,Accessories,Rep B,Canvassing,4,232.84,931.36,2025-09
501635,2024-10-06,East,Window Treatments,Rep C,Referral,2,393.0,786.0,2024-10
501636,2025-09-15,East,Window Treatments,Rep E,Partner,3,359.41,1078.23,2025-09
501637,2024-09-26,South,Accessories,Rep C,Partner,3,420.6,1261.8,2024-09
501638,2024-02-10,South,Window Treatments,Rep E,Canvassing,1,415.43,415.43,2024-02
501639,2024-01-27,Midwest,Window Treatments,Rep E,Website,4,456.62,1826.48,2024-01
501640,2025-09-24,South,Smart Blinds,Rep B,Inbound Call,2,344.0,688.0,2025-09
501641,2024-11-25,Midwest,Outdoor Shades,Rep B,Referral,5,1008.1,5040.5,2024-11
501642,2024-06-06,South,Outdoor Shades,Rep D,Canvassing,1,859.35,859.35,2024-06
501643,2024-08-14,East,Outdoor Shades,Rep B,Inbound Call,4,483.44,1933.76,2024-08
501644,2024-03-31,West,Accessories,Rep E,Referral,3,174.19,522.57,2024-03
501645,2024-05-01,West,Accessories,Rep A,Inbound Call,2,189.43,378.86,2024-05
501646,2025-10-25,Midwest,Window Treatments,Rep C,Referral,5,153.81,769.05,2025-10
501647,2025-12-10,West,Smart Blinds,Rep D,Website,4,1086.29,4345.16,2025-12
501648,2025-02-05,Midwest,Smart Blinds,Rep E,Inbound Call,1,209.66,209.66,2025-02
501649,2025-10-13,South,Smart Blinds,Rep C,Referral,5,437.88,2189.4,2025-10
501650,2024-11-29,South,Smart Blinds,Rep E,Partner,4,178.94,715.76,2024-11
501651,2025-03-26,West,Outdoor Shades,Rep A,Referral,5,450.66,2253.3,2025-03
501652,2024-12-04,Midwest,Window Treatments,Rep D,Inbound Call,5,413.47,2067.35,2024-12
501653,2025-09-16,West,Window Treatments,Rep E,Inbound Call,5,269.93,1349.65,2025-09
501654,2024-04-13,South,Outdoor Shades,Rep B,Partner,3,475.81,1427.43,2024-04
501655,2024-03-26,Midwest,Window Treatments,Rep B,Canvassing,2,540.9,1081.8,2024-03
501656,2024-04-29,South,Outdoor Shades,Rep A,Partner,1,627.98,627.98,2024-04
501657,2024-08-27,East,Accessories,Rep B,Partner,1,653.03,653.03,2024-08
501658,2025-03-30,East,Window Treatments,Rep E,Referral,1,397.14,397.14,2025-03
501659,2025-04-02,Midwest,Outdoor Shades,Rep C,Inbound Call,5,577.18,2885.9,2025-04
501660,2025-09-21,Midwest,Smart Blinds,Rep B,Referral,1,506.21,506.21,2025-09
501661,2024-05-19,East,Outdoor Shades,Rep D,Website,2,838.78,1677.56,2024-05
501662,2024-06-07,South,Outdoor Shades,Rep E,Canvassing,3,168.64,505.92,2024-06
501663,2025-12-08,West,Smart Blinds,Rep B,Inbound Call,4,267.95,1071.8,2025-12
501664,2024-01-10,East,Smart Blinds,Rep A,Website,5,204.48,1022.4,2024-01
501665,2024-01-04,Midwest,Window Treatments,Rep D,Partner,1,835.71,835.71,2024-01
501666,2024-11-09,South,Window Treatments,Rep A,Referral,4,855.17,3420.68,2024-11
501667,2025-12-20,West,Smart Blinds,Rep D,Referral,2,1031.71,2063.42,2025-12
501668,2025-04-19,Midwest,Window Treatments,Rep D,Canvassing,3,698.94,2096.82,2025-04
501669,2024-01-15,East,Smart Blinds,Rep C,Canvassing,2,800.44,1600.88,2024-01
501670,2025-03-19,East,Outdoor Shades,Rep B,Referral,2,265.39,530.78,2025-03
501671,2025-10-07,South,Window Treatments,Rep D,Inbound Call,1,768.94,768.94,2025-10
501672,2024-09-08,East,Accessories,Rep D,Inbound Call,2,883.23,1766.46,2024-09
501673,2024-08-20,South,Outdoor Shades,Rep C,Canvassing,4,1051.36,4205.44,2024-08
501674,2025-07-14,South,Window Treatments,Rep C,Website,2,991.82,1983.64,2025-07
501675,2024-09-26,East,Window Treatments,Rep E,Canvassing,3,920.04,2760.12,2024-09
501676,2024-10-22,West,Accessories,Rep D,Partner,1,295.58,295.58,2024-10
501677,2024-05-22,West,Accessories,Rep D,Canvassing,5,334.49,1672.45,2024-05
501678,2025-03-18,West,Outdoor Shades,Rep D,Inbound Call,2,494.22,988.44,2025-03
501679,2024-12-11,East,Window Treatments,Rep C,Canvassing,2,935.06,1870.12,2024-12
501680,2025-10-11,Midwest,Window Treatments,Rep E,Partner,1,802.65,802.65,2025-10
501681,2024-09-07,South,Outdoor Shades,Rep D,Referral,5,343.56,1717.8,2024-09
501682,2024-01-05,Midwest,Outdoor Shades,Rep A,Canvassing,4,515.35,2061.4,2024-01
501683,2024-04-08,East,Smart Blinds,Rep A,Partner,1,357.06,357.06,2024-04
501684,2024-04-25,South,Smart Blinds,Rep E,Referral,2,686.84,1373.68,2024-04
501685,2024-09-23,West,Outdoor Shades,Rep B,Website,1,966.99,966.99,2024-09
501686,2025-07-20,East,Smart Blinds,Rep D,Website,1,788.21,788.21,2025-07
501687,2024-02-28,South,Outdoor Shades,Rep E,Canvassing,5,660.03,3300.15,2024-02
501688,2024-09-14,West,Window Treatments,Rep A,Canvassing,5,809.18,4045.9,2024-09
501689,2024-03-01,West,Outdoor Shades,Rep D,Website,3,187.82,563.46,2024-03
501690,2024-09-19,West,Outdoor Shades,Rep E,Inbound Call,3,848.58,2545.74,2024-09
501691,2024-10-09,East,Accessories,Rep A,Partner,5,944.19,4720.95,2024-10
501692,2025-04-10,Midwest,Smart Blinds,Rep E,Partner,3,132.67,398.01,2025-04
501693,2024-09-10,South,Outdoor Shades,Rep E,Website,5,1020.2,5101.0,2024-09
501694,2024-08-21,South,Outdoor Shades,Rep E,Inbound Call,3,392.42,1177.26,2024-08
501695,2025-05-23,West,Outdoor Shades,Rep D,Inbound Call,4,859.06,3436.24,2025-05
501696,2024-08-07,East,Outdoor Shades,Rep E,Inbound Call,3,429.0,1287.0,2024-08
501697,2024-11-13,Midwest,Outdoor Shades,Rep D,Canvassing,4,1029.07,4116.28,2024-11
501698,2025-11-06,East,Smart Blinds,Rep C,Referral,2,471.89,943.78,2025-11
501699,2024-04-20,South,Accessories,Rep B,Inbound Call,5,990.65,4953.25,2024-04
501700,2024-11-12,East,Outdoor Shades,Rep C,Partner,5,998.66,4993.3,2024-11
501701,2024-12-14,South,Window Treatments,Rep C,Referral,5,966.83,4834.15,2024-12
501702,2025-05-02,West,Window Treatments,Rep D,Partner,2,1073.18,2146.36,2025-05
501703,2025-10-23,South,Smart Blinds,Rep B,Partner,2,883.21,1766.42,2025-10
501704,2024-10-24,South,Smart Blinds,Rep B,Inbound Call,1,266.35,266.35,2024-10
501705,2024-08-08,West,Window Treatments,Rep A,Canvassing,2,286.26,572.52,2024-08
501706,2025-08-05,West,Window Treatments,Rep D,Referral,4,1082.46,4329.84,2025-08
501707,2025-12-26,East,Window Treatments,Rep B,Website,1,650.02,650.02,2025-12
501708,2025-05-22,South,Outdoor Shades,Rep A,Inbound Call,1,714.92,714.92,2025-05
501709,2024-01-05,West,Smart Blinds,Rep E,Inbound Call,4,176.12,704.48,2024-01
501710,2025-09-13,West,Outdoor Shades,Rep D,Partner,1,211.95,211.95,2025-09
501711,2025-07-20,West,Smart Blinds,Rep C,Inbound Call,5,877.77,4388.85,2025-07
501712,2025-12-18,East,Outdoor Shades,Rep E,Inbound Call,3,486.51,1459.53,2025-12
501713,2024-11-05,East,Window Treatments,Rep E,Website,4,529.46,2117.84,2024-11
501714,2024-03-15,Midwest,Outdoor Shades,Rep E,Canvassing,4,512.92,2051.68,2024-03
501715,2024-03-02,South,Outdoor Shades,Rep C,Referral,2,590.22,1180.44,2024-03
501716,2024-10-15,South,Smart Blinds,Rep E,Canvassing,3,358.43,1075.29,2024-10
501717,2024-05-06,Midwest,Window Treatments,Rep A,Inbound Call,1,893.54,893.54,2024-05
501718,2025-09-10,East,Smart Blinds,Rep D,Website,4,397.57,1590.28,2025-09
501719,2024-06-26,East,Accessories,Rep E,Partner,5,692.55,3462.75,2024-06
501720,2024-09-23,Midwest,Outdoor Shades,Rep D,Partner,2,920.72,1841.44,2024-09
501721,2024-12-26,Midwest,Outdoor Shades,Rep A,Inbound Call,1,676.6,676.6,2024-12
501722,2025-05-06,East,Window Treatments,Rep A,Website,5,833.82,4169.1,2025-05
501723,2025-07-25,South,Window Treatments,Rep D,Inbound Call,5,1002.75,5013.75,2025-07
501724,2024-01-08,East,Accessories,Rep C,Inbound Call,5,1056.27,5281.35,2024-01
501725,2024-02-08,Midwest,Accessories,Rep A,Partner,4,121.34,485.36,2024-02
501726,2025-01-12,South,Accessories,Rep D,Website,3,549.37,1648.11,2025-01
501727,2025-04-23,South,Accessories,Rep C,Canvassing,4,931.82,3727.28,2025-04
501728,2025-11-10,East,Smart Blinds,Rep D,Partner,5,626.97,3134.85,2025-11
501729,2025-08-27,South,Window Treatments,Rep B,Referral,3,599.43,1798.29,2025-08
501730,2025-10-24,Midwest,Window Treatments,Rep D,Referral,2,331.0,662.0,2025-10
501731,2024-06-26,East,Window Treatments,Rep D,Referral,5,918.64,4593.2,2024-06
501732,2024-04-23,South,Window Treatments,Rep C,Inbound Call,1,152.76,152.76,2024-04
501733,2025-01-06,West,Accessories,Rep D,Referral,1,148.12,148.12,2025-01
501734,2025-07-24,Midwest,Outdoor Shades,Rep B,Website,1,360.64,360.64,2025-07
501735,2024-09-30,West,Accessories,Rep D,Website,4,943.13,3772.52,2024-09
501736,2025-07-04,East,Window Treatments,Rep C,Inbound Call,2,234.3,468.6,2025-07
501737,2025-01-31,South,Window Treatments,Rep B,Partner,3,1058.87,3176.61,2025-01
501738,2025-12-14,Midwest,Window Treatments,Rep D,Inbound Call,1,574.79,574.79,2025-12
501739,2024-10-14,East,Smart Blinds,Rep C,Inbound Call,4,1022.77,4091.08,2024-10
501740,2024-05-14,South,Window Treatments,Rep A,Partner,1,962.44,962.44,2024-05
501741,2024-10-20,West,Window Treatments,Rep D,Website,5,171.98,859.9,2024-10
501742,2024-01-18,South,Outdoor Shades,Rep D,Partner,5,1069.59,5347.95,2024-01
501743,2024-03-24,South,Window Treatments,Rep B,Partner,4,995.9,3983.6,2024-03
501744,2024-09-02,East,Window Treatments,Rep B,Canvassing,3,425.06,1275.18,2024-09
501745,2025-12-21,West,Outdoor Shades,Rep B,Canvassing,4,410.21,1640.84,2025-12
501746,2024-08-11,West,Outdoor Shades,Rep C,Referral,5,902.22,4511.1,2024-08
501747,2024-12-01,South,Outdoor Shades,Rep A,Canvassing,5,180.84,904.2,2024-12
501748,2025-02-10,West,Window Treatments,Rep B,Website,1,963.75,963.75,2025-02
501749,2025-03-31,South,Accessories,Rep C,Website,1,121.11,121.11,2025-03
501750,2024-09-15,East,Smart Blinds,Rep A,Canvassing,5,681.0,3405.0,2024-09
501751,2025-01-27,South,Outdoor Shades,Rep E,Referral,5,451.83,2259.15,2025-01
501752,2024-08-14,East,Window Treatments,Rep A,Canvassing,4,915.29,3661.16,2024-08
501753,2025-02-15,South,Smart Blinds,Rep B,Referral,4,528.91,2115.64,2025-02
501754,2025-01-30,West,Window Treatments,Rep C,Referral,2,876.9,1753.8,2025-01
501755,2025-05-10,Midwest,Outdoor Shades,Rep A,Canvassing,4,204.27,817.08,2025-05
501756,2025-10-06,South,Window Treatments,Rep E,Inbound Call,2,253.44,506.88,2025-10
501757,2025-01-14,West,Smart Blinds,Rep B,Partner,1,865.73,865.73,2025-01
501758,2024-09-06,East,Window Treatments,Rep B,Website,4,440.62,1762.48,2024-09
501759,2025-10-23,East,Window Treatments,Rep D,Website,2,240.4,480.8,2025-10
501760,2025-04-28,East,Window Treatments,Rep A,Canvassing,1,429.72,429.72,2025-04
501761,2025-08-20,Midwest,Window Treatments,Rep D,Inbound Call,2,424.28,848.56,2025-08
501762,2024-12-12,East,Outdoor Shades,Rep C,Website,4,693.48,2773.92,2024-12
501763,2025-11-25,South,Outdoor Shades,Rep D,Partner,2,872.78,1745.56,2025-11
501764,2025-03-15,Midwest,Outdoor Shades,Rep C,Website,2,190.25,380.5,2025-03
501765,2024-08-17,West,Smart Blinds,Rep D,Inbound Call,2,990.15,1980.3,2024-08
501766,2025-04-29,West,Window Treatments,Rep A,Inbound Call,3,1032.94,3098.82,2025-04
501767,2024-10-08,Midwest,Window Treatments,Rep E,Referral,2,1070.71,2141.42,2024-10
501768,2024-01-04,West,Window Treatments,Rep A,Referral,2,172.42,344.84,2024-01
501769,2025-08-25,West,Window Treatments,Rep C,Website,2,769.06,1538.12,2025-08
501770,2024-04-19,East,Accessories,Rep C,Website,5,242.34,1211.7,2024-04
501771,2024-08-20,Midwest,Window Treatments,Rep D,Partner,5,270.86,1354.3,2024-08
501772,2024-03-17,South,Smart Blinds,Rep D,Partner,1,793.13,793.13,2024-03
501773,2024-11-14,Midwest,Window Treatments,Rep C,Inbound Call,3,259.88,779.64,2024-11
501774,2025-07-24,West,Smart Blinds,Rep B,Partner,3,381.29,1143.87,2025-07
501775,2025-04-04,Midwest,Smart Blinds,Rep D,Website,3,262.58,787.74,2025-04
501776,2024-08-20,Midwest,Window Treatments,Rep E,Inbound Call,2,755.68,1511.36,2024-08
501777,2024-04-21,East,Outdoor Shades,Rep C,Canvassing,4,993.14,3972.56,2024-04
501778,2024-05-08,South,Outdoor Shades,Rep C,Website,3,1010.21,3030.63,2024-05
501779,2024-12-15,East,Window Treatments,Rep B,Partner,1,376.06,376.06,2024-12
501780,2024-08-16,West,Window Treatments,Rep A,Partner,1,150.46,150.46,2024-08
501781,2025-11-14,West,Accessories,Rep C,Partner,4,356.35,1425.4,2025-11
501782,2025-05-06,Midwest,Smart Blinds,Rep A,Referral,3,927.78,2783.34,2025-05
501783,2024-11-21,South,Accessories,Rep C,Inbound Call,3,656.9,1970.7,2024-11
501784,2025-06-03,Midwest,Window Treatments,Rep B,Canvassing,5,248.42,1242.1,2025-06
501785,2024-06-30,West,Outdoor Shades,Rep B,Website,5,755.21,3776.05,2024-06
501786,2025-05-29,South,Outdoor Shades,Rep E,Website,3,662.97,1988.91,2025-05
501787,2025-08-25,South,Accessories,Rep C,Referral,4,262.35,1049.4,2025-08
501788,2025-10-29,East,Window Treatments,Rep D,Website,1,801.42,801.42,2025-10
501789,2025-06-05,East,Outdoor Shades,Rep D,Partner,5,985.56,4927.8,2025-06
501790,2024-08-04,Midwest,Window Treatments,Rep D,Referral,2,853.33,1706.66,2024-08
501791,2025-01-28,East,Window Treatments,Rep C,Referral,3,575.05,1725.15,2025-01
501792,2024-09-15,South,Window Treatments,Rep A,Referral,4,214.17,856.68,2024-09
501793,2025-06-14,South,Accessories,Rep C,Inbound Call,5,857.64,4288.2,2025-06
501794,2024-03-21,East,Window Treatments,Rep E,Canvassing,4,135.09,540.36,2024-03
501795,2024-03-20,Midwest,Smart Blinds,Rep A,Inbound Call,4,605.41,2421.64,2024-03
501796,2025-11-07,Midwest,Window Treatments,Rep E,Website,5,878.45,4392.25,2025-11
501797,2025-03-13,West,Window Treatments,Rep E,Partner,3,246.23,738.69,2025-03
501798,2025-09-14,West,Window Treatments,Rep D,Referral,5,832.65,4163.25,2025-09
501799,2025-08-23,East,Outdoor Shades,Rep E,Inbound Call,4,183.04,732.16,2025-08
501800,2025-05-18,South,Accessories,Rep A,Website,4,367.12,1468.48,2025-05
501801,2025-08-30,Midwest,Smart Blinds,Rep C,Website,1,258.59,258.59,2025-08
501802,2024-05-18,East,Window Treatments,Rep D,Partner,1,160.4,160.4,2024-05
501803,2024-05-30,East,Outdoor Shades,Rep C,Canvassing,3,981.53,2944.59,2024-05
501804,2025-10-25,West,Smart Blinds,Rep C,Website,3,256.98,770.94,2025-10
501805,2025-07-17,South,Window Treatments,Rep E,Referral,3,652.46,1957.38,2025-07
501806,2024-04-02,South,Smart Blinds,Rep D,Canvassing,2,369.1,738.2,2024-04
501807,2024-03-28,South,Accessories,Rep C,Canvassing,2,750.35,1500.7,2024-03
501808,2025-09-05,East,Smart Blinds,Rep C,Inbound Call,2,577.89,1155.78,2025-09
501809,2024-11-14,East,Outdoor Shades,Rep A,Website,3,244.93,734.79,2024-11
501810,2024-06-28,South,Outdoor Shades,Rep B,Referral,3,847.31,2541.93,2024-06
501811,2025-05-09,West,Outdoor Shades,Rep C,Website,1,266.82,266.82,2025-05
501812,2024-10-28,East,Window Treatments,Rep E,Website,4,548.56,2194.24,2024-10
501813,2024-12-02,Midwest,Window Treatments,Rep B,Canvassing,2,537.29,1074.58,2024-12
501814,2024-09-11,Midwest,Window Treatments,Rep C,Canvassing,3,958.86,2876.58,2024-09
501815,2024-04-22,East,Smart Blinds,Rep A,Referral,1,448.87,448.87,2024-04
501816,2024-06-22,East,Window Treatments,Rep B,Website,5,294.26,1471.3,2024-06
501817,2025-08-29,South,Window Treatments,Rep B,Inbound Call,5,192.5,962.5,2025-08
501818,2025-06-18,East,Window Treatments,Rep E,Website,3,945.32,2835.96,2025-06
501819,2024-04-28,East,Outdoor Shades,Rep A,Website,4,509.64,2038.56,2024-04
501820,2025-07-19,South,Smart Blinds,Rep E,Inbound Call,2,534.75,1069.5,2025-07
501821,2024-08-20,South,Outdoor Shades,Rep E,Canvassing,4,206.08,824.32,2024-08
501822,2025-12-17,West,Outdoor Shades,Rep E,Website,1,1020.18,1020.18,2025-12
501823,2024-11-21,West,Window Treatments,Rep E,Referral,2,438.79,877.58,2024-11
501824,2025-03-15,South,Outdoor Shades,Rep C,Canvassing,5,1064.55,5322.75,2025-03
501825,2024-02-06,Midwest,Smart Blinds,Rep E,Canvassing,2,748.29,1496.58,2024-02
501826,2024-06-14,South,Window Treatments,Rep B,Partner,1,557.09,557.09,2024-06
501827,2025-05-23,Midwest,Smart Blinds,Rep C,Referral,4,317.82,1271.28,2025-05
501828,2024-11-08,East,Window Treatments,Rep C,Canvassing,3,302.73,908.19,2024-11
501829,2025-11-06,South,Window Treatments,Rep B,Referral,3,232.54,697.62,2025-11
501830,2025-12-01,Midwest,Window Treatments,Rep D,Partner,4,688.73,2754.92,2025-12
501831,2024-11-30,South,Smart Blinds,Rep C,Canvassing,4,914.92,3659.68,2024-11
501832,2024-10-14,East,Window Treatments,Rep D,Partner,4,515.33,2061.32,2024-10
501833,2025-03-23,East,Accessories,Rep D,Partner,5,892.51,4462.55,2025-03
501834,2025-11-08,East,Window Treatments,Rep D,Inbound Call,4,1071.69,4286.76,2025-11
501835,2025-07-27,East,Smart Blinds,Rep D,Inbound Call,3,218.15,654.45,2025-07
501836,2024-01-28,East,Accessories,Rep D,Canvassing,4,516.88,2067.52,2024-01
501837,2024-07-22,West,Outdoor Shades,Rep B,Canvassing,3,896.41,2689.23,2024-07
501838,2024-07-11,Midwest,Window Treatments,Rep D,Referral,2,459.93,919.86,2024-07
501839,2024-05-28,West,Smart Blinds,Rep C,Partner,3,652.65,1957.95,2024-05
501840,2025-01-28,West,Window Treatments,Rep B,Referral,2,1021.64,2043.28,2025-01
501841,2024-10-15,Midwest,Window Treatments,Rep E,Inbound Call,2,645.28,1290.56,2024-10
501842,2025-07-16,West,Window Treatments,Rep E,Inbound Call,3,333.9,1001.7,2025-07
501843,2025-07-22,East,Outdoor Shades,Rep B,Canvassing,1,440.26,440.26,2025-07
501844,2025-01-25,Midwest,Window Treatments,Rep C,Inbound Call,1,970.52,970.52,2025-01
501845,2024-11-07,South,Outdoor Shades,Rep D,Website,1,1088.38,1088.38,2024-11
501846,2024-11-24,West,Window Treatments,Rep D,Website,2,585.78,1171.56,2024-11
501847,2025-01-19,Midwest,Window Treatments,Rep D,Canvassing,1,277.48,277.48,2025-01
501848,2024-08-01,West,Smart Blinds,Rep C,Inbound Call,5,338.56,1692.8,2024-08
501849,2025-08-13,West,Smart Blinds,Rep C,Referral,3,982.84,2948.52,2025-08
501850,2025-11-01,South,Outdoor Shades,Rep B,Canvassing,4,946.73,3786.92,2025-11
501851,2024-08-18,South,Outdoor Shades,Rep E,Referral,4,1028.48,4113.92,2024-08
501852,2025-03-13,Midwest,Outdoor Shades,Rep A,Website,1,898.42,898.42,2025-03
501853,2024-01-23,Midwest,Window Treatments,Rep E,Inbound Call,1,277.49,277.49,2024-01
501854,2024-05-09,West,Window Treatments,Rep E,Inbound Call,3,387.18,1161.54,2024-05
501855,2025-10-15,East,Accessories,Rep D,Inbound Call,3,362.18,1086.54,2025-10
501856,2025-11-01,West,Window Treatments,Rep A,Referral,3,913.05,2739.15,2025-11
501857,2024-09-06,East,Smart Blinds,Rep C,Referral,3,1015.66,3046.98,2024-09
501858,2025-04-07,South,Outdoor Shades,Rep C,Referral,1,387.88,387.88,2025-04
501859,2024-03-09,Midwest,Window Treatments,Rep C,Referral,2,424.59,849.18,2024-03
501860,2024-12-30,West,Window Treatments,Rep A,Inbound Call,4,391.61,1566.44,2024-12
501861,2025-01-27,East,Window Treatments,Rep A,Referral,4,979.03,3916.12,2025-01
501862,2025-11-14,South,Smart Blinds,Rep E,Canvassing,3,1084.23,3252.69,2025-11
501863,2025-06-02,East,Window Treatments,Rep E,Website,3,673.22,2019.66,2025-06
501864,2024-03-20,Midwest,Outdoor Shades,Rep C,Website,1,165.02,165.02,2024-03
501865,2024-06-26,East,Outdoor Shades,Rep C,Inbound Call,1,166.51,166.51,2024-06
501866,2024-06-05,South,Window Treatments,Rep B,Inbound Call,4,845.88,3383.52,2024-06
501867,2025-11-25,South,Outdoor Shades,Rep D,Inbound Call,2,881.44,1762.88,2025-11
501868,2024-02-04,West,Window Treatments,Rep A,Canvassing,1,265.21,265.21,2024-02
501869,2024-02-04,East,Outdoor Shades,Rep C,Partner,4,306.52,1226.08,2024-02
501870,2024-07-13,East,Accessories,Rep A,Website,4,930.35,3721.4,2024-07
501871,2024-06-17,South,Smart Blinds,Rep B,Inbound Call,3,217.43,652.29,2024-06
501872,2025-12-29,West,Outdoor Shades,Rep B,Canvassing,1,665.91,665.91,2025-12
501873,2025-10-27,West,Outdoor Shades,Rep D,Website,2,713.26,1426.52,2025-10
501874,2024-11-09,East,Smart Blinds,Rep B,Website,2,929.94,1859.88,2024-11
501875,2025-05-02,Midwest,Window Treatments,Rep E,Website,3,270.69,812.07,2025-05
501876,2024-12-31,East,Window Treatments,Rep A,Partner,5,131.32,656.6,2024-12
501877,2024-11-12,Midwest,Accessories,Rep A,Website,3,373.25,1119.75,2024-11
501878,2024-10-24,South,Smart Blinds,Rep C,Referral,5,1055.05,5275.25,2024-10
501879,2025-05-26,West,Outdoor Shades,Rep D,Referral,3,210.88,632.64,2025-05
501880,2025-03-26,East,Window Treatments,Rep C,Inbound Call,4,958.03,3832.12,2025-03
501881,2025-05-18,South,Smart Blinds,Rep C,Canvassing,2,957.68,1915.36,2025-05
501882,2025-11-10,East,Smart Blinds,Rep D,Referral,2,1029.88,2059.76,2025-11
501883,2024-05-26,South,Accessories,Rep E,Inbound Call,4,714.1,2856.4,2024-05
501884,2024-01-09,West,Outdoor Shades,Rep A,Website,2,927.77,1855.54,2024-01
501885,2024-09-25,Midwest,Smart Blinds,Rep E,Partner,4,810.53,3242.12,2024-09
501886,2024-10-12,West,Window Treatments,Rep A,Website,4,880.18,3520.72,2024-10
501887,2024-11-11,Midwest,Window Treatments,Rep E,Partner,2,224.16,448.32,2024-11
501888,2024-10-09,West,Outdoor Shades,Rep B,Partner,3,920.93,2762.79,2024-10
501889,2024-12-03,East,Window Treatments,Rep C,Canvassing,2,275.67,551.34,2024-12
501890,2024-07-29,East,Outdoor Shades,Rep A,Canvassing,4,958.99,3835.96,2024-07
501891,2024-09-24,East,Outdoor Shades,Rep A,Referral,2,841.61,1683.22,2024-09
501892,2025-04-07,West,Window Treatments,Rep C,Inbound Call,4,1064.06,4256.24,2025-04
501893,2025-05-03,West,Window Treatments,Rep B,Inbound Call,3,452.15,1356.45,2025-05
501894,2025-10-09,South,Outdoor Shades,Rep D,Inbound Call,5,746.48,3732.4,2025-10
501895,2025-09-01,Midwest,Outdoor Shades,Rep A,Canvassing,2,924.09,1848.18,2025-09
501896,2025-04-16,Midwest,Outdoor Shades,Rep C,Partner,3,124.89,374.67,2025-04
501897,2024-06-10,South,Smart Blinds,Rep E,Referral,5,1066.61,5333.05,2024-06
501898,2024-05-02,South,Smart Blinds,Rep B,Canvassing,5,271.67,1358.35,2024-05
501899,2025-01-16,Midwest,Accessories,Rep B,Website,2,769.17,1538.34,2025-01
501900,2025-05-11,West,Smart Blinds,Rep D,Partner,2,466.75,933.5,2025-05
501901,2024-12-29,South,Window Treatments,Rep E,Inbound Call,4,780.16,3120.64,2024-12
501902,2025-08-29,South,Window Treatments,Rep B,Referral,4,543.71,2174.84,2025-08
501903,2025-04-25,South,Smart Blinds,Rep B,Partner,4,416.78,1667.12,2025-04
501904,2024-12-18,Midwest,Smart Blinds,Rep B,Referral,1,468.45,468.45,2024-12
501905,2025-09-23,South,Smart Blinds,Rep E,Website,3,957.51,2872.53,2025-09
501906,2024-08-03,West,Window Treatments,Rep A,Referral,2,453.79,907.58,2024-08
501907,2024-10-11,East,Window Treatments,Rep E,Referral,3,867.29,2601.87,2024-10
501908,2024-02-08,South,Window Treatments,Rep E,Inbound Call,2,939.76,1879.52,2024-02
501909,2024-12-05,East,Window Treatments,Rep C,Referral,2,300.48,600.96,2024-12
501910,2024-12-08,Midwest,Window Treatments,Rep E,Website,5,1062.89,5314.45,2024-12
501911,2025-06-07,East,Outdoor Shades,Rep B,Inbound Call,4,814.53,3258.12,2025-06
501912,2025-11-10,West,Accessories,Rep B,Website,3,323.76,971.28,2025-11
501913,2024-07-11,East,Outdoor Shades,Rep C,Website,2,1040.05,2080.1,2024-07
501914,2024-06-09,South,Window Treatments,Rep A,Inbound Call,3,577.43,1732.29,2024-06
501915,2025-07-21,South,Smart Blinds,Rep B,Referral,5,785.84,3929.2,2025-07
501916,2024-06-25,East,Outdoor Shades,Rep B,Website,2,1028.09,2056.18,2024-06
501917,2025-08-31,South,Accessories,Rep B,Partner,2,967.87,1935.74,2025-08
501918,2025-12-19,East,Accessories,Rep E,Referral,5,458.06,2290.3,2025-12
501919,2024-10-12,South,Window Treatments,Rep E,Canvassing,2,880.7,1761.4,2024-10
501920,2024-06-25,East,Accessories,Rep E,Referral,5,853.29,4266.45,2024-06
501921,2024-10-13,West,Accessories,Rep A,Referral,2,192.02,384.04,2024-10
501922,2024-02-08,West,Window Treatments,Rep D,Partner,2,699.76,1399.52,2024-02
501923,2024-11-11,Midwest,Smart Blinds,Rep B,Partner,4,384.37,1537.48,2024-11
501924,2025-05-13,East,Window Treatments,Rep C,Website,3,879.81,2639.43,2025-05
501925,2025-11-23,West,Window Treatments,Rep B,Inbound Call,4,973.43,3893.72,2025-11
501926,2025-02-08,Midwest,Window Treatments,Rep C,Referral,3,275.0,825.0,2025-02
501927,2024-01-01,East,Outdoor Shades,Rep B,Canvassing,3,880.3,2640.9,2024-01
501928,2025-02-27,South,Outdoor Shades,Rep C,Partner,5,1001.87,5009.35,2025-02
501929,2025-11-23,East,Window Treatments,Rep D,Canvassing,4,238.53,954.12,2025-11
501930,2024-01-02,South,Window Treatments,Rep B,Partner,5,1013.09,5065.45,2024-01
501931,2025-12-22,West,Window Treatments,Rep B,Referral,2,1059.61,2119.22,2025-12
501932,2024-04-08,Midwest,Window Treatments,Rep B,Partner,2,871.85,1743.7,2024-04
501933,2025-11-29,South,Smart Blinds,Rep E,Website,5,394.4,1972.0,2025-11
501934,2024-02-16,Midwest,Window Treatments,Rep C,Canvassing,2,876.35,1752.7,2024-02
501935,2024-06-11,Midwest,Outdoor Shades,Rep D,Partner,2,967.9,1935.8,2024-06
501936,2025-03-17,Midwest,Smart Blinds,Rep C,Partner,2,476.59,953.18,2025-03
501937,2025-11-30,Midwest,Outdoor Shades,Rep A,Partner,5,1055.41,5277.05,2025-11
501938,2024-09-20,Midwest,Window Treatments,Rep D,Website,3,383.41,1150.23,2024-09
501939,2024-09-06,South,Smart Blinds,Rep C,Canvassing,3,997.58,2992.74,2024-09
501940,2024-05-21,Midwest,Window Treatments,Rep E,Canvassing,5,574.88,2874.4,2024-05
501941,2025-09-04,South,Smart Blinds,Rep B,Inbound Call,1,505.1,505.1,2025-09
501942,2024-03-13,Midwest,Window Treatments,Rep E,Website,1,631.1,631.1,2024-03
501943,2025-12-16,Midwest,Window Treatments,Rep B,Inbound Call,1,1085.5,1085.5,2025-12
501944,2025-10-26,West,Outdoor Shades,Rep D,Canvassing,1,1045.73,1045.73,2025-10
501945,2024-07-05,South,Accessories,Rep C,Referral,2,160.98,321.96,2024-07
501946,2024-02-09,East,Outdoor Shades,Rep E,Inbound Call,5,525.08,2625.4,2024-02
501947,2025-12-25,Midwest,Window Treatments,Rep E,Website,3,584.35,1753.05,2025-12
501948,2025-08-24,Midwest,Outdoor Shades,Rep D,Partner,1,1016.08,1016.08,2025-08
501949,2024-06-14,Midwest,Outdoor Shades,Rep D,Referral,1,1045.98,1045.98,2024-06
501950,2025-05-18,West,Accessories,Rep A,Partner,4,409.41,1637.64,2025-05
501951,2025-04-21,West,Outdoor Shades,Rep C,Inbound Call,1,1060.99,1060.99,2025-04
501952,2024-12-26,East,Outdoor Shades,Rep E,Website,5,1046.4,5232.0,2024-12
501953,2024-10-27,West,Window Treatments,Rep C,Website,5,330.56,1652.8,2024-10
501954,2025-10-08,East,Smart Blinds,Rep A,Referral,5,705.61,3528.05,2025-10
501955,2024-10-03,Midwest,Smart Blinds,Rep B,Inbound Call,5,547.78,2738.9,2024-10
501956,2024-02-27,East,Outdoor Shades,Rep A,Referral,2,809.22,1618.44,2024-02
501957,2024-08-30,Midwest,Accessories,Rep C,Canvassing,1,316.48,316.48,2024-08
501958,2025-11-21,South,Accessories,Rep C,Inbound Call,3,274.99,824.97,2025-11
501959,2024-01-02,West,Window Treatments,Rep C,Inbound Call,3,954.4,2863.2,2024-01
501960,2024-09-22,West,Window Treatments,Rep B,Referral,2,579.12,1158.24,2024-09
501961,2024-05-14,Midwest,Accessories,Rep E,Website,1,164.67,164.67,2024-05
501962,2025-02-19,Midwest,Outdoor Shades,Rep B,Website,3,374.72,1124.16,2025-02
501963,2025-11-22,East,Outdoor Shades,Rep D,Referral,1,347.9,347.9,2025-11
501964,2024-04-22,East,Smart Blinds,Rep E,Referral,2,601.12,1202.24,2024-04
501965,2025-12-23,East,Outdoor Shades,Rep E,Canvassing,5,519.94,2599.7,2025-12
501966,2024-09-17,West,Smart Blinds,Rep E,Inbound Call,2,654.15,1308.3,2024-09
501967,2024-07-14,West,Window Treatments,Rep C,Partner,3,761.27,2283.81,2024-07
501968,2025-05-13,Midwest,Smart Blinds,Rep E,Referral,4,965.04,3860.16,2025-05
501969,2025-01-07,South,Outdoor Shades,Rep B,Website,5,525.87,2629.35,2025-01
501970,2025-09-24,Midwest,Window Treatments,Rep D,Website,4,852.99,3411.96,2025-09
501971,2025-12-08,Midwest,Window Treatments,Rep E,Canvassing,1,311.39,311.39,2025-12
501972,2025-10-28,West,Window Treatments,Rep C,Inbound Call,1,418.42,418.42,2025-10
501973,2024-12-19,East,Outdoor Shades,Rep B,Partner,5,727.09,3635.45,2024-12
501974,2024-05-21,West,Window Treatments,Rep A,Partner,4,709.84,2839.36,2024-05
501975,2025-05-12,Midwest,Window Treatments,Rep D,Website,3,609.48,1828.44,2025-05
501976,2025-12-12,West,Outdoor Shades,Rep B,Canvassing,3,993.27,2979.81,2025-12
501977,2025-06-30,Midwest,Window Treatments,Rep A,Inbound Call,2,649.28,1298.56,2025-06
501978,2024-06-17,Midwest,Accessories,Rep B,Website,1,213.36,213.36,2024-06
501979,2024-01-20,Midwest,Window Treatments,Rep B,Canvassing,3,1075.75,3227.25,2024-01
501980,2024-09-01,West,Window Treatments,Rep B,Website,4,1062.89,4251.56,2024-09
501981,2025-05-04,West,Window Treatments,Rep B,Website,4,563.27,2253.08,2025-05
501982,2025-04-22,Midwest,Smart Blinds,Rep B,Referral,1,422.59,422.59,2025-04
501983,2025-03-07,East,Window Treatments,Rep E,Partner,1,918.27,918.27,2025-03
501984,2024-02-27,East,Accessories,Rep E,Inbound Call,4,574.62,2298.48,2024-02
501985,2025-12-06,West,Window Treatments,Rep B,Referral,2,821.51,1643.02,2025-12
501986,2024-04-03,West,Window Treatments,Rep E,Partner,2,352.77,705.54,2024-04
501987,2025-05-08,East,Outdoor Shades,Rep A,Referral,5,752.7,3763.5,2025-05
501988,2024-11-30,South,Outdoor Shades,Rep A,Partner,5,929.09,4645.45,2024-11
501989,2025-05-13,West,Smart Blinds,Rep B,Canvassing,2,671.95,1343.9,2025-05
501990,2024-09-23,South,Window Treatments,Rep A,Partner,1,466.03,466.03,2024-09
501991,2025-04-28,West,Outdoor Shades,Rep B,Partner,3,487.99,1463.97,2025-04
501992,2024-02-11,South,Window Treatments,Rep A,Inbound Call,3,693.07,2079.21,2024-02
501993,2025-01-01,West,Accessories,Rep C,Partner,5,316.15,1580.75,2025-01
501994,2025-04-02,East,Window Treatments,Rep D,Website,5,343.43,1717.15,2025-04
501995,2025-12-09,West,Window Treatments,Rep D,Referral,3,397.73,1193.19,2025-12
501996,2024-11-16,East,Window Treatments,Rep B,Inbound Call,5,539.56,2697.8,2024-11
501997,2024-03-23,West,Smart Blinds,Rep E,Website,3,612.25,1836.75,2024-03
501998,2024-10-02,East,Smart Blinds,Rep E,Canvassing,4,778.03,3112.12,2024-10
501999,2025-03-19,East,Window Treatments,Rep E,Canvassing,4,630.51,2522.04,2025-03
502000,2024-06-12,West,Window Treatments,Rep A,Referral,4,969.46,3877.84,2024-06
502001,2024-05-25,East,Window Treatments,Rep A,Website,5,501.04,2505.2,2024-05
502002,2025-01-05,East,Outdoor Shades,Rep A,Referral,5,627.17,3135.85,2025-01
502003,2024-09-04,East,Smart Blinds,Rep E,Canvassing,2,200.31,400.62,2024-09
502004,2024-01-07,Midwest,Outdoor Shades,Rep B,Website,2,473.2,946.4,2024-01
502005,2025-01-28,South,Outdoor Shades,Rep A,Canvassing,2,179.45,358.9,2025-01
502006,2024-12-23,South,Outdoor Shades,Rep C,Referral,4,450.05,1800.2,2024-12
502007,2025-11-16,East,Outdoor Shades,Rep A,Referral,5,433.53,2167.65,2025-11
502008,2025-06-16,South,Window Treatments,Rep D,Referral,3,765.71,2297.13,2025-06
502009,2024-11-27,Midwest,Outdoor Shades,Rep D,Partner,2,442.98,885.96,2024-11
502010,2024-08-21,West,Outdoor Shades,Rep A,Canvassing,4,256.47,1025.88,2024-08
502011,2025-12-30,Midwest,Window Treatments,Rep A,Canvassing,4,845.5,3382.0,2025-12
502012,2024-02-03,Midwest,Outdoor Shades,Rep A,Partner,4,685.07,2740.28,2024-02
502013,2024-02-17,Midwest,Outdoor Shades,Rep B,Canvassing,2,1032.46,2064.92,2024-02
502014,2024-05-22,East,Smart Blinds,Rep C,Canvassing,4,621.45,2485.8,2024-05
502015,2024-08-03,East,Window Treatments,Rep A,Canvassing,5,142.07,710.35,2024-08
502016,2025-03-07,West,Accessories,Rep B,Website,2,628.11,1256.22,2025-03
502017,2025-01-15,South,Window Treatments,Rep C,Partner,3,125.39,376.17,2025-01
502018,2024-03-29,South,Smart Blinds,Rep A,Partner,5,749.23,3746.15,2024-03
502019,2024-12-31,Midwest,Window Treatments,Rep E,Website,2,304.67,609.34,2024-12
502020,2024-01-18,South,Window Treatments,Rep B,Inbound Call,3,896.32,2688.96,2024-01
502021,2025-01-18,West,Window Treatments,Rep E,Website,2,654.16,1308.32,2025-01
502022,2024-07-15,Midwest,Smart Blinds,Rep A,Canvassing,1,621.96,621.96,2024-07
502023,2025-02-17,East,Accessories,Rep C,Referral,4,649.52,2598.08,2025-02
502024,2025-05-03,East,Window Treatments,Rep B,Canvassing,3,994.32,2982.96,2025-05
502025,2024-11-25,West,Window Treatments,Rep B,Inbound Call,4,841.95,3367.8,2024-11
502026,2024-05-10,East,Outdoor Shades,Rep E,Website,5,1055.62,5278.1,2024-05
502027,2024-07-02,West,Smart Blinds,Rep B,Inbound Call,4,949.69,3798.76,2024-07
502028,2025-01-02,East,Smart Blinds,Rep A,Partner,3,560.48,1681.44,2025-01
502029,2024-02-10,West,Window Treatments,Rep C,Partner,5,379.45,1897.25,2024-02
502030,2025-06-08,West,Smart Blinds,Rep B,Partner,5,572.3,2861.5,2025-06
502031,2025-03-19,West,Smart Blinds,Rep D,Website,4,233.71,934.84,2025-03
502032,2024-06-07,Midwest,Window Treatments,Rep A,Referral,3,133.98,401.94,2024-06
502033,2024-01-05,South,Window Treatments,Rep D,Website,2,1032.29,2064.58,2024-01
502034,2025-04-27,West,Smart Blinds,Rep B,Canvassing,2,201.94,403.88,2025-04
502035,2025-06-08,East,Outdoor Shades,Rep E,Canvassing,5,1066.48,5332.4,2025-06
502036,2025-03-08,East,Outdoor Shades,Rep E,Canvassing,1,415.29,415.29,2025-03
502037,2025-05-13,Midwest,Window Treatments,Rep D,Referral,4,392.36,1569.44,2025-05
502038,2024-02-02,East,Smart Blinds,Rep D,Inbound Call,5,147.51,737.55,2024-02
502039,2025-02-09,Midwest,Window Treatments,Rep C,Partner,4,924.69,3698.76,2025-02
502040,2024-05-08,West,Outdoor Shades,Rep C,Partner,3,1052.66,3157.98,2024-05
502041,2025-05-02,Midwest,Window Treatments,Rep B,Inbound Call,5,616.32,3081.6,2025-05
502042,2024-11-27,West,Window Treatments,Rep E,Website,4,657.0,2628.0,2024-11
502043,2024-10-07,South,Outdoor Shades,Rep D,Website,3,632.09,1896.27,2024-10
502044,2025-01-04,East,Outdoor Shades,Rep B,Website,4,850.69,3402.76,2025-01
502045,2024-06-20,West,Window Treatments,Rep B,Website,1,715.84,715.84,2024-06
502046,2024-09-02,East,Smart Blinds,Rep B,Inbound Call,4,630.37,2521.48,2024-09
502047,2024-09-22,South,Outdoor Shades,Rep E,Website,4,297.64,1190.56,2024-09
502048,2024-07-13,Midwest,Window Treatments,Rep E,Referral,2,768.45,1536.9,2024-07
502049,2025-11-12,West,Smart Blinds,Rep B,Inbound Call,3,920.87,2762.61,2025-11
502050,2025-02-01,West,Smart Blinds,Rep E,Website,2,623.45,1246.9,2025-02
502051,2024-10-07,West,Outdoor Shades,Rep E,Website,1,141.33,141.33,2024-10
502052,2025-05-21,East,Outdoor Shades,Rep E,Partner,3,378.89,1136.67,2025-05
502053,2025-12-08,East,Smart Blinds,Rep B,Partner,2,744.28,1488.56,2025-12
502054,2024-02-24,South,Window Treatments,Rep D,Website,4,592.09,2368.36,2024-02
502055,2024-01-13,East,Window Treatments,Rep A,Partner,1,947.06,947.06,2024-01
502056,2025-03-26,West,Window Treatments,Rep A,Referral,1,961.09,961.09,2025-03
502057,2025-02-22,Midwest,Outdoor Shades,Rep C,Referral,3,880.93,2642.79,2025-02
502058,2025-03-29,East,Window Treatments,Rep C,Inbound Call,2,451.85,903.7,2025-03
502059,2024-03-01,West,Window Treatments,Rep E,Canvassing,5,1039.44,5197.2,2024-03
502060,2024-11-03,West,Outdoor Shades,Rep A,Referral,2,724.25,1448.5,2024-11
502061,2025-11-06,West,Smart Blinds,Rep E,Referral,2,955.32,1910.64,2025-11
502062,2024-10-03,South,Outdoor Shades,Rep C,Website,1,400.38,400.38,2024-10
502063,2024-04-25,Midwest,Outdoor Shades,Rep D,Canvassing,5,784.29,3921.45,2024-04
502064,2024-12-04,West,Window Treatments,Rep B,Canvassing,3,1011.38,3034.14,2024-12
502065,2024-05-01,Midwest,Outdoor Shades,Rep B,Website,5,540.88,2704.4,2024-05
502066,2025-05-26,Midwest,Smart Blinds,Rep E,Website,2,216.01,432.02,2025-05
502067,2025-03-28,South,Smart Blinds,Rep C,Partner,4,983.25,3933.0,2025-03
502068,2025-07-24,West,Smart Blinds,Rep E,Referral,3,122.09,366.27,2025-07
502069,2024-04-14,East,Window Treatments,Rep A,Website,1,684.28,684.28,2024-04
502070,2025-09-09,South,Window Treatments,Rep E,Partner,4,936.88,3747.52,2025-09
502071,2024-10-04,South,Window Treatments,Rep B,Inbound Call,1,193.68,193.68,2024-10
502072,2024-02-02,East,Outdoor Shades,Rep B,Partner,5,543.41,2717.05,2024-02
502073,2024-12-22,Midwest,Outdoor Shades,Rep A,Partner,4,121.81,487.24,2024-12
502074,2024-11-20,South,Window Treatments,Rep A,Referral,5,714.73,3573.65,2024-11
502075,2024-10-10,East,Window Treatments,Rep C,Referral,1,905.94,905.94,2024-10
502076,2025-09-11,Midwest,Outdoor Shades,Rep A,Partner,4,591.89,2367.56,2025-09
502077,2025-01-07,Midwest,Outdoor Shades,Rep B,Website,5,470.15,2350.75,2025-01
502078,2025-01-29,East,Window Treatments,Rep B,Referral,4,196.58,786.32,2025-01
502079,2025-11-04,Midwest,Accessories,Rep B,Website,1,1016.04,1016.04,2025-11
502080,2024-03-12,West,Window Treatments,Rep D,Website,5,235.61,1178.05,2024-03
502081,2024-12-09,South,Window Treatments,Rep C,Partner,3,673.56,2020.68,2024-12
502082,2024-08-23,South,Outdoor Shades,Rep E,Partner,4,851.95,3407.8,2024-08
502083,2025-06-11,Midwest,Window Treatments,Rep A,Inbound Call,5,653.9,3269.5,2025-06
502084,2025-01-08,West,Window Treatments,Rep D,Website,2,500.08,1000.16,2025-01
502085,2024-07-15,East,Window Treatments,Rep C,Website,4,994.83,3979.32,2024-07
502086,2024-03-29,West,Window Treatments,Rep B,Partner,5,657.17,3285.85,2024-03
502087,2024-02-12,East,Accessories,Rep C,Website,3,1014.74,3044.22,2024-02
502088,2024-09-04,Midwest,Smart Blinds,Rep A,Website,5,701.68,3508.4,2024-09
502089,2024-08-23,West,Smart Blinds,Rep B,Partner,1,343.67,343.67,2024-08
502090,2025-05-30,South,Outdoor Shades,Rep A,Referral,2,151.02,302.04,2025-05
502091,2025-04-13,Midwest,Smart Blinds,Rep D,Referral,3,392.68,1178.04,2025-04
502092,2025-10-01,East,Window Treatments,Rep D,Referral,4,467.67,1870.68,2025-10
502093,2025-01-10,East,Window Treatments,Rep D,Inbound Call,1,198.13,198.13,2025-01
502094,2024-10-15,West,Outdoor Shades,Rep B,Canvassing,2,700.17,1400.34,2024-10
502095,2024-04-22,Midwest,Smart Blinds,Rep E,Canvassing,2,337.17,674.34,2024-04
502096,2024-09-18,East,Window Treatments,Rep A,Referral,2,1031.93,2063.86,2024-09
502097,2024-11-20,West,Window Treatments,Rep B,Website,3,577.67,1733.01,2024-11
502098,2024-02-02,South,Smart Blinds,Rep A,Inbound Call,4,503.76,2015.04,2024-02
502099,2025-04-27,East,Accessories,Rep D,Canvassing,1,1020.23,1020.23,2025-04
502100,2024-07-21,East,Accessories,Rep D,Inbound Call,4,932.05,3728.2,2024-07
502101,2024-10-08,East,Smart Blinds,Rep D,Inbound Call,1,237.17,237.17,2024-10
502102,2024-01-13,Midwest,Accessories,Rep C,Canvassing,5,947.36,4736.8,2024-01
502103,2024-01-31,West,Outdoor Shades,Rep D,Inbound Call,1,839.3,839.3,2024-01
502104,2024-04-27,West,Smart Blinds,Rep C,Canvassing,4,680.69,2722.76,2024-04
502105,2024-09-18,South,Window Treatments,Rep D,Referral,1,478.03,478.03,2024-09
502106,2025-12-22,South,Window Treatments,Rep A,Inbound Call,4,716.91,2867.64,2025-12
502107,2025-05-27,West,Window Treatments,Rep E,Referral,1,865.2,865.2,2025-05
502108,2024-06-14,Midwest,Accessories,Rep E,Website,2,311.98,623.96,2024-06
502109,2024-01-20,West,Window Treatments,Rep C,Partner,4,320.98,1283.92,2024-01
502110,2024-07-28,East,Window Treatments,Rep D,Website,2,884.83,1769.66,2024-07
502111,2025-08-28,South,Accessories,Rep C,Inbound Call,3,829.44,2488.32,2025-08
502112,2024-07-27,West,Accessories,Rep C,Canvassing,2,1096.83,2193.66,2024-07
502113,2025-05-06,Midwest,Outdoor Shades,Rep E,Website,3,1048.57,3145.71,2025-05
502114,2024-01-04,West,Outdoor Shades,Rep A,Partner,1,660.52,660.52,2024-01
502115,2025-06-04,East,Window Treatments,Rep A,Canvassing,5,721.32,3606.6,2025-06
502116,2025-04-23,East,Window Treatments,Rep B,Inbound Call,1,677.16,677.16,2025-04
502117,2024-04-14,South,Smart Blinds,Rep E,Partner,4,810.36,3241.44,2024-04
502118,2024-05-23,Midwest,Outdoor Shades,Rep B,Inbound Call,2,486.74,973.48,2024-05
502119,2024-08-04,West,Smart Blinds,Rep B,Website,1,534.53,534.53,2024-08
502120,2024-05-08,West,Accessories,Rep A,Website,2,972.66,1945.32,2024-05
502121,2025-08-13,Midwest,Outdoor Shades,Rep A,Referral,3,897.41,2692.23,2025-08
502122,2025-08-18,East,Accessories,Rep D,Partner,3,982.26,2946.78,2025-08
502123,2024-08-03,Midwest,Window Treatments,Rep B,Partner,1,903.91,903.91,2024-08
502124,2024-03-19,East,Window Treatments,Rep A,Inbound Call,2,154.33,308.66,2024-03
502125,2024-04-19,Midwest,Window Treatments,Rep C,Website,1,919.55,919.55,2024-04
502126,2024-07-23,South,Outdoor Shades,Rep A,Inbound Call,4,222.53,890.12,2024-07
502127,2025-02-11,West,Accessories,Rep B,Referral,5,478.19,2390.95,2025-02
502128,2024-06-24,West,Window Treatments,Rep B,Partner,5,1064.5,5322.5,2024-06
502129,2024-07-23,East,Accessories,Rep D,Referral,4,641.24,2564.96,2024-07
502130,2025-03-25,East,Smart Blinds,Rep A,Inbound Call,1,747.12,747.12,2025-03
502131,2024-01-14,Midwest,Smart Blinds,Rep C,Canvassing,5,879.9,4399.5,2024-01
502132,2025-03-18,West,Smart Blinds,Rep E,Canvassing,3,132.57,397.71,2025-03
502133,2024-05-19,East,Smart Blinds,Rep B,Inbound Call,5,786.24,3931.2,2024-05
502134,2024-06-14,West,Accessories,Rep A,Inbound Call,1,827.21,827.21,2024-06
502135,2025-12-12,West,Outdoor Shades,Rep C,Canvassing,1,753.72,753.72,2025-12
502136,2024-08-26,West,Smart Blinds,Rep C,Canvassing,2,1048.88,2097.76,2024-08
502137,2025-04-01,Midwest,Window Treatments,Rep C,Inbound Call,1,552.36,552.36,2025-04
502138,2025-01-31,West,Accessories,Rep E,Website,5,1010.79,5053.95,2025-01
502139,2024-08-22,Midwest,Smart Blinds,Rep E,Referral,3,922.3,2766.9,2024-08
502140,2025-09-05,Midwest,Window Treatments,Rep D,Website,4,707.42,2829.68,2025-09
502141,2024-03-17,South,Outdoor Shades,Rep C,Referral,3,611.04,1833.12,2024-03
502142,2025-05-11,Midwest,Accessories,Rep C,Referral,3,658.41,1975.23,2025-05
502143,2024-06-23,South,Outdoor Shades,Rep B,Partner,1,142.66,142.66,2024-06
502144,2025-10-03,West,Smart Blinds,Rep E,Partner,2,998.18,1996.36,2025-10
502145,2024-02-01,East,Window Treatments,Rep B,Partner,1,406.6,406.6,2024-02
502146,2025-07-28,West,Outdoor Shades,Rep A,Inbound Call,3,999.95,2999.85,2025-07
502147,2025-07-21,Midwest,Window Treatments,Rep B,Canvassing,1,593.56,593.56,2025-07
502148,2025-12-10,East,Window Treatments,Rep A,Canvassing,3,264.04,792.12,2025-12
502149,2024-09-04,South,Smart Blinds,Rep B,Canvassing,3,675.28,2025.84,2024-09
502150,2024-10-08,South,Smart Blinds,Rep D,Referral,2,769.99,1539.98,2024-10
502151,2025-06-09,South,Outdoor Shades,Rep B,Canvassing,2,1019.14,2038.28,2025-06
502152,2025-11-24,South,Window Treatments,Rep D,Referral,4,592.31,2369.24,2025-11
502153,2025-08-16,South,Window Treatments,Rep E,Canvassing,3,1052.54,3157.62,2025-08
502154,2024-07-15,South,Smart Blinds,Rep A,Canvassing,4,1072.85,4291.4,2024-07
502155,2024-11-15,West,Outdoor Shades,Rep D,Website,5,582.76,2913.8,2024-11
502156,2024-08-29,West,Window Treatments,Rep D,Referral,3,943.5,2830.5,2024-08
502157,2024-06-10,South,Outdoor Shades,Rep B,Inbound Call,1,1043.33,1043.33,2024-06
502158,2025-05-08,West,Window Treatments,Rep A,Partner,3,562.78,1688.34,2025-05
502159,2024-04-05,East,Window Treatments,Rep D,Website,5,241.95,1209.75,2024-04
502160,2024-11-27,South,Accessories,Rep E,Referral,3,684.39,2053.17,2024-11
502161,2024-02-21,East,Window Treatments,Rep A,Referral,3,967.49,2902.47,2024-02
502162,2025-12-29,South,Smart Blinds,Rep E,Inbound Call,2,607.58,1215.16,2025-12
502163,2024-08-13,Midwest,Outdoor Shades,Rep B,Canvassing,2,904.07,1808.14,2024-08
502164,2024-08-21,South,Outdoor Shades,Rep E,Referral,3,680.07,2040.21,2024-08
502165,2024-02-17,South,Accessories,Rep A,Website,3,930.9,2792.7,2024-02
502166,2024-11-23,Midwest,Outdoor Shades,Rep A,Inbound Call,4,537.53,2150.12,2024-11
502167,2025-07-18,West,Window Treatments,Rep E,Website,5,943.67,4718.35,2025-07
502168,2025-12-22,West,Smart Blinds,Rep A,Partner,1,320.28,320.28,2025-12
502169,2025-08-28,Midwest,Outdoor Shades,Rep D,Website,5,532.3,2661.5,2025-08
502170,2025-01-03,South,Smart Blinds,Rep B,Referral,4,948.64,3794.56,2025-01
502171,2025-12-31,West,Smart Blinds,Rep B,Referral,1,148.28,148.28,2025-12
502172,2024-01-09,East,Outdoor Shades,Rep A,Referral,5,134.07,670.35,2024-01
502173,2024-01-25,East,Accessories,Rep D,Referral,2,939.32,1878.64,2024-01
502174,2024-12-18,South,Window Treatments,Rep C,Canvassing,2,390.16,780.32,2024-12
502175,2025-04-14,East,Outdoor Shades,Rep D,Canvassing,5,507.06,2535.3,2025-04
502176,2024-04-10,Midwest,Smart Blinds,Rep E,Referral,2,509.36,1018.72,2024-04
502177,2025-06-07,South,Window Treatments,Rep A,Referral,5,345.62,1728.1,2025-06
502178,2024-06-15,West,Window Treatments,Rep D,Website,4,210.26,841.04,2024-06
502179,2024-11-22,Midwest,Window Treatments,Rep D,Partner,5,292.35,1461.75,2024-11
502180,2024-09-24,Midwest,Window Treatments,Rep D,Canvassing,2,1066.65,2133.3,2024-09
502181,2024-04-04,Midwest,Outdoor Shades,Rep C,Partner,1,882.98,882.98,2024-04
502182,2025-07-17,East,Window Treatments,Rep D,Partner,1,1057.22,1057.22,2025-07
502183,2024-04-13,West,Outdoor Shades,Rep E,Inbound Call,2,1072.3,2144.6,2024-04
502184,2024-03-20,West,Window Treatments,Rep C,Canvassing,2,400.0,800.0,2024-03
502185,2024-11-29,Midwest,Outdoor Shades,Rep B,Website,1,807.55,807.55,2024-11
502186,2024-02-21,Midwest,Window Treatments,Rep E,Inbound Call,3,420.48,1261.44,2024-02
502187,2025-04-13,West,Smart Blinds,Rep A,Referral,3,772.58,2317.74,2025-04
502188,2025-05-25,South,Smart Blinds,Rep C,Partner,2,496.53,993.06,2025-05
502189,2024-01-17,East,Outdoor Shades,Rep B,Website,5,227.57,1137.85,2024-01
502190,2024-07-26,East,Accessories,Rep E,Referral,4,654.47,2617.88,2024-07
502191,2025-05-14,East,Smart Blinds,Rep D,Partner,1,802.95,802.95,2025-05
502192,2025-10-05,East,Window Treatments,Rep E,Referral,5,631.95,3159.75,2025-10
502193,2025-12-13,East,Window Treatments,Rep E,Partner,1,706.4,706.4,2025-12
502194,2024-09-06,Midwest,Smart Blinds,Rep A,Partner,2,255.08,510.16,2024-09
502195,2025-05-01,Midwest,Window Treatments,Rep A,Inbound Call,2,224.45,448.9,2025-05
502196,2024-11-25,West,Window Treatments,Rep C,Inbound Call,1,731.5,731.5,2024-11
502197,2025-06-13,South,Window Treatments,Rep A,Website,1,616.6,616.6,2025-06
502198,2024-07-13,East,Window Treatments,Rep D,Partner,4,1008.43,4033.72,2024-07
502199,2024-02-29,South,Accessories,Rep E,Inbound Call,4,847.69,3390.76,2024-02
502200,2024-03-15,Midwest,Window Treatments,Rep D,Partner,4,901.69,3606.76,2024-03
502201,2025-04-13,West,Outdoor Shades,Rep D,Inbound Call,3,524.58,1573.74,2025-04
502202,2024-02-02,Midwest,Window Treatments,Rep D,Website,3,643.0,1929.0,2024-02
502203,2025-01-15,Midwest,Window Treatments,Rep D,Referral,1,753.84,753.84,2025-01
502204,2024-11-11,Midwest,Window Treatments,Rep D,Inbound Call,4,238.34,953.36,2024-11
502205,2025-10-16,Midwest,Smart Blinds,Rep A,Inbound Call,2,751.99,1503.98,2025-10
502206,2025-03-16,South,Smart Blinds,Rep D,Inbound Call,3,719.71,2159.13,2025-03
502207,2024-05-22,West,Window Treatments,Rep E,Partner,2,905.04,1810.08,2024-05
502208,2024-04-29,South,Outdoor Shades,Rep B,Website,3,418.75,1256.25,2024-04
502209,2024-05-07,East,Accessories,Rep E,Website,5,447.63,2238.15,2024-05
502210,2024-02-05,South,Smart Blinds,Rep A,Partner,1,938.2,938.2,2024-02
502211,2024-04-18,West,Window Treatments,Rep C,Referral,4,243.18,972.72,2024-04
502212,2025-05-10,East,Smart Blinds,Rep D,Canvassing,1,765.38,765.38,2025-05
502213,2025-09-06,Midwest,Window Treatments,Rep B,Canvassing,2,635.18,1270.36,2025-09
502214,2024-06-19,East,Window Treatments,Rep A,Website,1,632.83,632.83,2024-06
502215,2025-01-15,East,Window Treatments,Rep D,Inbound Call,5,972.92,4864.6,2025-01
502216,2024-05-17,West,Window Treatments,Rep A,Referral,5,608.97,3044.85,2024-05
502217,2025-03-29,Midwest,Outdoor Shades,Rep E,Inbound Call,3,653.74,1961.22,2025-03
502218,2024-04-21,South,Window Treatments,Rep A,Inbound Call,2,408.02,816.04,2024-04
502219,2025-02-10,East,Window Treatments,Rep B,Canvassing,5,459.8,2299.0,2025-02
502220,2025-02-12,South,Window Treatments,Rep E,Partner,2,360.73,721.46,2025-02
502221,2025-10-02,West,Outdoor Shades,Rep D,Referral,1,148.14,148.14,2025-10
502222,2024-07-14,West,Window Treatments,Rep D,Canvassing,1,702.46,702.46,2024-07
502223,2025-02-04,East,Outdoor Shades,Rep E,Referral,5,734.28,3671.4,2025-02
502224,2024-04-19,East,Window Treatments,Rep B,Referral,2,471.08,942.16,2024-04
502225,2025-01-06,West,Outdoor Shades,Rep D,Canvassing,1,646.8,646.8,2025-01
502226,2024-10-22,South,Window Treatments,Rep D,Canvassing,2,674.46,1348.92,2024-10
502227,2024-05-27,South,Outdoor Shades,Rep B,Inbound Call,4,427.42,1709.68,2024-05
502228,2024-12-03,East,Window Treatments,Rep B,Website,3,1071.2,3213.6,2024-12
502229,2025-01-19,West,Accessories,Rep C,Referral,1,551.13,551.13,2025-01
502230,2025-11-15,East,Window Treatments,Rep C,Website,5,764.64,3823.2,2025-11
502231,2024-05-10,West,Outdoor Shades,Rep E,Website,3,243.95,731.85,2024-05
502232,2025-09-26,East,Smart Blinds,Rep C,Partner,2,232.99,465.98,2025-09
502233,2025-01-26,South,Window Treatments,Rep A,Inbound Call,2,283.62,567.24,2025-01
502234,2024-11-01,Midwest,Accessories,Rep D,Website,4,472.22,1888.88,2024-11
502235,2025-04-17,South,Window Treatments,Rep E,Website,4,204.28,817.12,2025-04
502236,2025-06-28,South,Window Treatments,Rep A,Inbound Call,1,449.57,449.57,2025-06
502237,2024-01-10,Midwest,Window Treatments,Rep E,Referral,5,883.66,4418.3,2024-01
502238,2025-01-03,East,Outdoor Shades,Rep D,Partner,5,952.83,4764.15,2025-01
502239,2024-11-22,West,Window Treatments,Rep E,Inbound Call,2,784.67,1569.34,2024-11
502240,2025-02-05,South,Window Treatments,Rep D,Partner,1,244.38,244.38,2025-02
502241,2025-06-17,Midwest,Window Treatments,Rep D,Inbound Call,4,636.91,2547.64,2025-06
502242,2024-05-22,Midwest,Window Treatments,Rep D,Canvassing,1,743.57,743.57,2024-05
502243,2025-03-16,West,Smart Blinds,Rep B,Referral,2,438.29,876.58,2025-03
502244,2025-07-21,South,Window Treatments,Rep C,Inbound Call,3,374.96,1124.88,2025-07
502245,2024-03-03,West,Window Treatments,Rep C,Referral,4,203.66,814.64,2024-03
502246,2024-08-17,Midwest,Outdoor Shades,Rep B,Partner,5,909.44,4547.2,2024-08
502247,2025-02-22,East,Smart Blinds,Rep B,Partner,4,527.86,2111.44,2025-02
502248,2025-02-18,East,Accessories,Rep D,Partner,3,351.03,1053.09,2025-02
502249,2025-11-13,South,Outdoor Shades,Rep C,Website,2,364.36,728.72,2025-11
502250,2024-04-14,West,Window Treatments,Rep A,Inbound Call,4,931.46,3725.84,2024-04
502251,2024-08-14,South,Smart Blinds,Rep D,Inbound Call,5,848.58,4242.9,2024-08
502252,2025-07-27,South,Window Treatments,Rep A,Website,2,387.28,774.56,2025-07
502253,2024-08-01,South,Window Treatments,Rep D,Partner,1,1029.69,1029.69,2024-08
502254,2025-12-18,East,Window Treatments,Rep C,Inbound Call,3,941.27,2823.81,2025-12
502255,2025-09-29,East,Window Treatments,Rep E,Inbound Call,1,787.76,787.76,2025-09
502256,2025-09-19,East,Smart Blinds,Rep B,Inbound Call,1,1066.0,1066.0,2025-09
502257,2025-10-07,West,Accessories,Rep A,Inbound Call,2,283.97,567.94,2025-10
502258,2024-03-16,East,Smart Blinds,Rep D,Referral,3,709.53,2128.59,2024-03
502259,2024-07-17,South,Accessories,Rep B,Inbound Call,4,234.51,938.04,2024-07
502260,2025-08-31,Midwest,Smart Blinds,Rep D,Inbound Call,5,937.92,4689.6,2025-08
502261,2024-06-17,East,Window Treatments,Rep E,Canvassing,3,182.88,548.64,2024-06
502262,2025-05-17,Midwest,Window Treatments,Rep D,Website,5,882.21,4411.05,2025-05
502263,2024-10-24,West,Smart Blinds,Rep D,Inbound Call,5,340.92,1704.6,2024-10
502264,2024-02-07,West,Window Treatments,Rep E,Partner,2,295.25,590.5,2024-02
502265,2024-10-30,East,Smart Blinds,Rep E,Inbound Call,4,1093.77,4375.08,2024-10
502266,2025-11-11,South,Outdoor Shades,Rep B,Inbound Call,2,1055.93,2111.86,2025-11
502267,2024-01-22,South,Outdoor Shades,Rep B,Website,2,375.76,751.52,2024-01
502268,2025-09-11,West,Window Treatments,Rep E,Website,1,295.06,295.06,2025-09
502269,2024-07-27,Midwest,Accessories,Rep B,Referral,1,418.27,418.27,2024-07
502270,2024-04-04,Midwest,Outdoor Shades,Rep C,Partner,5,781.87,3909.35,2024-04
502271,2024-02-20,East,Outdoor Shades,Rep E,Website,4,1051.27,4205.08,2024-02
502272,2024-06-07,Midwest,Window Treatments,Rep B,Website,2,648.5,1297.0,2024-06
502273,2025-11-04,South,Window Treatments,Rep A,Inbound Call,2,569.13,1138.26,2025-11
502274,2025-11-02,West,Smart Blinds,Rep B,Website,3,675.54,2026.62,2025-11
502275,2024-06-26,Midwest,Outdoor Shades,Rep A,Inbound Call,4,384.48,1537.92,2024-06
502276,2025-02-06,East,Smart Blinds,Rep B,Canvassing,5,677.62,3388.1,2025-02
502277,2024-12-24,East,Smart Blinds,Rep E,Canvassing,5,447.94,2239.7,2024-12
502278,2024-04-23,East,Window Treatments,Rep B,Partner,3,310.07,930.21,2024-04
502279,2024-07-18,Midwest,Window Treatments,Rep A,Referral,3,470.56,1411.68,2024-07
502280,2025-05-17,Midwest,Smart Blinds,Rep E,Canvassing,4,244.26,977.04,2025-05
502281,2024-07-29,West,Outdoor Shades,Rep B,Referral,5,934.06,4670.3,2024-07
502282,2025-01-11,South,Window Treatments,Rep C,Canvassing,2,847.8,1695.6,2025-01
502283,2025-07-29,West,Accessories,Rep D,Website,5,917.64,4588.2,2025-07
502284,2025-10-26,West,Smart Blinds,Rep B,Canvassing,1,300.49,300.49,2025-10
502285,2024-05-24,West,Window Treatments,Rep E,Canvassing,4,374.26,1497.04,2024-05
502286,2025-06-14,East,Window Treatments,Rep D,Website,5,441.36,2206.8,2025-06
502287,2024-01-16,South,Accessories,Rep A,Referral,5,679.01,3395.05,2024-01
502288,2025-09-19,Midwest,Outdoor Shades,Rep E,Partner,5,738.01,3690.05,2025-09
502289,2024-12-06,East,Window Treatments,Rep C,Inbound Call,2,932.27,1864.54,2024-12
502290,2024-08-02,South,Window Treatments,Rep E,Partner,1,268.37,268.37,2024-08
502291,2024-05-21,South,Window Treatments,Rep B,Referral,5,482.56,2412.8,2024-05
502292,2024-11-11,South,Window Treatments,Rep E,Inbound Call,1,278.02,278.02,2024-11
502293,2024-03-18,South,Smart Blinds,Rep A,Referral,2,727.87,1455.74,2024-03
502294,2024-02-06,South,Window Treatments,Rep B,Website,2,720.1,1440.2,2024-02
502295,2025-10-18,East,Outdoor Shades,Rep E,Partner,2,904.71,1809.42,2025-10
502296,2025-06-27,East,Smart Blinds,Rep E,Website,3,647.04,1941.12,2025-06
502297,2024-10-18,East,Window Treatments,Rep E,Inbound Call,3,165.67,497.01,2024-10
502298,2024-12-20,West,Outdoor Shades,Rep B,Canvassing,5,1069.51,5347.55,2024-12
502299,2025-02-27,Midwest,Accessories,Rep E,Website,1,1078.13,1078.13,2025-02
502300,2025-10-31,West,Window Treatments,Rep A,Canvassing,5,619.3,3096.5,2025-10
502301,2024-07-07,South,Accessories,Rep B,Inbound Call,5,429.94,2149.7,2024-07
502302,2024-09-28,West,Window Treatments,Rep E,Inbound Call,2,1015.83,2031.66,2024-09
502303,2025-11-13,East,Smart Blinds,Rep C,Partner,5,606.05,3030.25,2025-11
502304,2025-10-06,South,Outdoor Shades,Rep B,Inbound Call,2,439.0,878.0,2025-10
502305,2024-12-16,Midwest,Outdoor Shades,Rep C,Partner,5,489.76,2448.8,2024-12
502306,2024-06-25,East,Window Treatments,Rep E,Website,4,740.01,2960.04,2024-06
502307,2024-10-14,West,Smart Blinds,Rep C,Canvassing,2,300.81,601.62,2024-10
502308,2025-08-26,East,Window Treatments,Rep E,Referral,2,734.23,1468.46,2025-08
502309,2025-06-15,East,Outdoor Shades,Rep D,Referral,1,332.32,332.32,2025-06
502310,2024-02-19,West,Window Treatments,Rep C,Inbound Call,4,878.17,3512.68,2024-02
502311,2024-02-17,West,Window Treatments,Rep A,Website,1,920.55,920.55,2024-02
502312,2024-08-07,Midwest,Outdoor Shades,Rep B,Website,2,558.42,1116.84,2024-08
502313,2025-06-02,South,Outdoor Shades,Rep E,Website,3,213.93,641.79,2025-06
502314,2025-02-16,East,Outdoor Shades,Rep D,Referral,1,347.19,347.19,2025-02
502315,2025-09-25,East,Outdoor Shades,Rep E,Canvassing,3,722.01,2166.03,2025-09
502316,2025-11-27,Midwest,Smart Blinds,Rep B,Referral,1,628.86,628.86,2025-11
502317,2025-12-24,West,Accessories,Rep B,Canvassing,3,984.9,2954.7,2025-12
502318,2025-02-15,South,Smart Blinds,Rep B,Canvassing,4,1045.79,4183.16,2025-02
502319,2025-01-23,East,Smart Blinds,Rep C,Partner,4,739.74,2958.96,2025-01
502320,2024-05-23,South,Window Treatments,Rep E,Canvassing,2,655.05,1310.1,2024-05
502321,2024-08-29,South,Window Treatments,Rep B,Referral,3,426.07,1278.21,2024-08
502322,2025-04-16,East,Accessories,Rep C,Partner,1,340.78,340.78,2025-04
502323,2025-12-24,West,Window Treatments,Rep C,Partner,1,151.8,151.8,2025-12
502324,2024-02-22,Midwest,Smart Blinds,Rep C,Website,1,1015.23,1015.23,2024-02
502325,2024-06-11,South,Outdoor Shades,Rep B,Inbound Call,5,729.43,3647.15,2024-06
502326,2025-12-24,East,Outdoor Shades,Rep A,Website,1,617.05,617.05,2025-12
502327,2024-05-20,Midwest,Outdoor Shades,Rep C,Inbound Call,1,452.07,452.07,2024-05
502328,2025-08-12,South,Window Treatments,Rep E,Partner,2,251.98,503.96,2025-08
502329,2025-04-12,West,Window Treatments,Rep E,Partner,3,1012.85,3038.55,2025-04
502330,2025-11-08,Midwest,Smart Blinds,Rep B,Canvassing,1,556.85,556.85,2025-11
502331,2024-12-03,East,Window Treatments,Rep B,Canvassing,3,753.35,2260.05,2024-12
502332,2025-04-30,West,Smart Blinds,Rep B,Website,2,444.27,888.54,2025-04
502333,2025-04-09,East,Outdoor Shades,Rep B,Inbound Call,4,239.33,957.32,2025-04
502334,2024-09-29,South,Outdoor Shades,Rep C,Canvassing,2,958.27,1916.54,2024-09
502335,2025-03-10,West,Accessories,Rep D,Website,5,922.02,4610.1,2025-03
502336,2024-04-03,East,Window Treatments,Rep B,Referral,5,943.43,4717.15,2024-04
502337,2024-10-19,Midwest,Outdoor Shades,Rep C,Website,2,892.96,1785.92,2024-10
502338,2024-02-01,East,Outdoor Shades,Rep B,Website,2,606.8,1213.6,2024-02
502339,2025-08-08,West,Window Treatments,Rep E,Partner,5,766.42,3832.1,2025-08
502340,2024-02-24,South,Outdoor Shades,Rep C,Referral,3,185.36,556.08,2024-02
502341,2025-01-06,South,Accessories,Rep A,Referral,2,505.25,1010.5,2025-01
502342,2024-09-09,South,Accessories,Rep B,Canvassing,1,884.89,884.89,2024-09
502343,2024-04-21,Midwest,Smart Blinds,Rep C,Partner,3,342.84,1028.52,2024-04
502344,2024-09-12,South,Window Treatments,Rep C,Referral,4,418.32,1673.28,2024-09
502345,2024-03-26,East,Window Treatments,Rep A,Website,5,940.75,4703.75,2024-03
502346,2025-08-13,East,Accessories,Rep A,Inbound Call,4,322.58,1290.32,2025-08
502347,2024-12-31,West,Window Treatments,Rep C,Partner,2,905.81,1811.62,2024-12
502348,2025-02-13,West,Accessories,Rep A,Referral,4,937.4,3749.6,2025-02
502349,2025-03-20,West,Smart Blinds,Rep B,Canvassing,4,484.63,1938.52,2025-03
502350,2025-12-20,East,Accessories,Rep A,Partner,4,718.26,2873.04,2025-12
502351,2025-03-14,Midwest,Smart Blinds,Rep B,Referral,3,223.78,671.34,2025-03
502352,2024-01-20,Midwest,Accessories,Rep B,Canvassing,1,551.23,551.23,2024-01
502353,2024-01-18,East,Outdoor Shades,Rep A,Canvassing,1,878.2,878.2,2024-01
502354,2024-12-08,East,Smart Blinds,Rep B,Referral,4,873.27,3493.08,2024-12
502355,2025-05-19,East,Window Treatments,Rep D,Referral,1,926.11,926.11,2025-05
502356,2025-04-13,South,Window Treatments,Rep D,Website,2,719.31,1438.62,2025-04
502357,2025-05-31,East,Window Treatments,Rep A,Partner,3,549.41,1648.23,2025-05
502358,2024-12-26,Midwest,Smart Blinds,Rep A,Canvassing,4,1075.1,4300.4,2024-12
502359,2025-11-03,East,Outdoor Shades,Rep C,Partner,2,849.02,1698.04,2025-11
502360,2024-10-11,Midwest,Window Treatments,Rep D,Inbound Call,5,840.99,4204.95,2024-10
502361,2025-02-20,South,Window Treatments,Rep B,Website,2,936.77,1873.54,2025-02
502362,2025-07-17,Midwest,Smart Blinds,Rep D,Website,3,953.3,2859.9,2025-07
502363,2025-08-22,West,Outdoor Shades,Rep D,Inbound Call,2,603.14,1206.28,2025-08
502364,2025-12-31,West,Outdoor Shades,Rep B,Website,2,806.0,1612.0,2025-12
502365,2025-07-22,West,Window Treatments,Rep B,Inbound Call,2,544.66,1089.32,2025-07
502366,2025-08-28,South,Smart Blinds,Rep E,Website,1,741.72,741.72,2025-08
502367,2025-10-17,West,Outdoor Shades,Rep E,Partner,1,707.46,707.46,2025-10
502368,2025-09-30,West,Smart Blinds,Rep A,Website,5,741.24,3706.2,2025-09
502369,2025-08-18,South,Smart Blinds,Rep B,Canvassing,4,251.02,1004.08,2025-08
502370,2024-01-29,West,Window Treatments,Rep B,Canvassing,2,755.54,1511.08,2024-01
502371,2024-06-12,West,Outdoor Shades,Rep C,Referral,3,882.38,2647.14,2024-06
502372,2024-12-10,Midwest,Smart Blinds,Rep A,Partner,1,926.9,926.9,2024-12
502373,2024-09-16,Midwest,Outdoor Shades,Rep E,Partner,3,756.82,2270.46,2024-09
502374,2025-12-20,East,Window Treatments,Rep D,Partner,2,842.89,1685.78,2025-12
502375,2024-04-13,West,Window Treatments,Rep A,Inbound Call,1,805.46,805.46,2024-04
502376,2024-06-07,West,Window Treatments,Rep B,Partner,2,1074.39,2148.78,2024-06
502377,2025-08-29,South,Outdoor Shades,Rep A,Referral,5,863.54,4317.7,2025-08
502378,2025-08-07,South,Outdoor Shades,Rep C,Canvassing,5,1072.39,5361.95,2025-08
502379,2025-11-24,South,Window Treatments,Rep A,Partner,3,740.36,2221.08,2025-11
502380,2024-12-12,East,Window Treatments,Rep E,Partner,4,284.37,1137.48,2024-12
502381,2024-04-15,West,Accessories,Rep D,Inbound Call,5,511.86,2559.3,2024-04
502382,2025-07-10,Midwest,Accessories,Rep A,Inbound Call,5,322.32,1611.6,2025-07
502383,2025-12-02,West,Window Treatments,Rep D,Partner,5,1051.58,5257.9,2025-12
502384,2024-04-03,East,Outdoor Shades,Rep A,Referral,1,491.31,491.31,2024-04
502385,2024-05-16,West,Accessories,Rep A,Partner,3,181.01,543.03,2024-05
502386,2024-12-31,West,Accessories,Rep A,Partner,2,988.21,1976.42,2024-12
502387,2025-05-08,West,Smart Blinds,Rep B,Inbound Call,2,144.45,288.9,2025-05
502388,2025-05-19,South,Smart Blinds,Rep B,Partner,1,504.81,504.81,2025-05
502389,2025-10-14,West,Smart Blinds,Rep D,Website,1,917.02,917.02,2025-10
502390,2024-02-17,Midwest,Outdoor Shades,Rep E,Referral,5,259.7,1298.5,2024-02
502391,2024-03-26,South,Accessories,Rep D,Canvassing,4,498.52,1994.08,2024-03
502392,2025-03-04,East,Outdoor Shades,Rep B,Partner,5,494.9,2474.5,2025-03
502393,2024-10-14,West,Outdoor Shades,Rep A,Referral,2,568.39,1136.78,2024-10
502394,2025-05-07,East,Smart Blinds,Rep B,Referral,3,557.7,1673.1,2025-05
502395,2025-07-13,South,Smart Blinds,Rep D,Inbound Call,5,546.73,2733.65,2025-07
502396,2025-07-03,South,Smart Blinds,Rep D,Inbound Call,4,736.67,2946.68,2025-07
502397,2024-01-26,Midwest,Smart Blinds,Rep C,Website,2,246.91,493.82,2024-01
502398,2024-08-31,Midwest,Window Treatments,Rep C,Inbound Call,4,742.37,2969.48,2024-08
502399,2024-10-09,East,Window Treatments,Rep E,Partner,5,222.97,1114.85,2024-10
502400,2025-06-13,Midwest,Smart Blinds,Rep C,Canvassing,2,1030.76,2061.52,2025-06
502401,2024-02-27,East,Accessories,Rep C,Website,5,1082.58,5412.9,2024-02
502402,2024-02-02,Midwest,Smart Blinds,Rep E,Inbound Call,4,411.5,1646.0,2024-02
502403,2024-04-11,West,Window Treatments,Rep C,Canvassing,5,640.71,3203.55,2024-04
502404,2024-02-25,East,Window Treatments,Rep C,Referral,3,451.82,1355.46,2024-02
502405,2024-02-23,East,Window Treatments,Rep B,Partner,5,715.9,3579.5,2024-02
502406,2024-04-22,South,Window Treatments,Rep D,Referral,2,295.64,591.28,2024-04
502407,2024-01-11,East,Smart Blinds,Rep C,Referral,5,486.65,2433.25,2024-01
502408,2025-09-27,East,Smart Blinds,Rep C,Website,5,1029.78,5148.9,2025-09
502409,2024-10-15,East,Outdoor Shades,Rep A,Canvassing,2,520.15,1040.3,2024-10
502410,2025-06-04,South,Smart Blinds,Rep B,Website,3,1004.03,3012.09,2025-06
502411,2024-01-23,South,Window Treatments,Rep A,Canvassing,2,339.93,679.86,2024-01
502412,2025-02-01,West,Window Treatments,Rep B,Referral,2,121.07,242.14,2025-02
502413,2025-06-07,West,Smart Blinds,Rep A,Partner,1,653.69,653.69,2025-06
502414,2024-09-15,South,Accessories,Rep B,Website,2,822.24,1644.48,2024-09
502415,2025-04-28,South,Accessories,Rep E,Partner,3,140.96,422.88,2025-04
502416,2024-12-17,Midwest,Smart Blinds,Rep E,Canvassing,2,585.87,1171.74,2024-12
502417,2025-03-24,Midwest,Window Treatments,Rep E,Partner,4,125.92,503.68,2025-03
502418,2024-12-19,West,Window Treatments,Rep E,Website,5,921.47,4607.35,2024-12
502419,2024-04-26,South,Window Treatments,Rep E,Canvassing,5,218.21,1091.05,2024-04
502420,2024-05-12,South,Outdoor Shades,Rep D,Partner,1,250.74,250.74,2024-05
502421,2024-05-28,South,Outdoor Shades,Rep E,Canvassing,2,259.56,519.12,2024-05
502422,2024-01-19,Midwest,Window Treatments,Rep A,Partner,4,877.47,3509.88,2024-01
502423,2024-07-26,West,Window Treatments,Rep D,Canvassing,4,689.58,2758.32,2024-07
502424,2024-08-26,East,Outdoor Shades,Rep A,Canvassing,5,419.84,2099.2,2024-08
502425,2025-11-15,West,Smart Blinds,Rep E,Website,4,564.2,2256.8,2025-11
502426,2025-01-09,East,Accessories,Rep E,Inbound Call,2,615.21,1230.42,2025-01
502427,2025-04-21,Midwest,Smart Blinds,Rep B,Inbound Call,5,170.91,854.55,2025-04
502428,2024-01-09,Midwest,Outdoor Shades,Rep D,Inbound Call,3,721.25,2163.75,2024-01
502429,2024-04-25,West,Window Treatments,Rep D,Inbound Call,5,762.84,3814.2,2024-04
502430,2025-10-16,Midwest,Outdoor Shades,Rep E,Canvassing,4,515.73,2062.92,2025-10
502431,2025-05-23,West,Outdoor Shades,Rep E,Website,1,740.23,740.23,2025-05
502432,2025-03-15,East,Outdoor Shades,Rep B,Inbound Call,1,573.16,573.16,2025-03
502433,2025-01-08,West,Outdoor Shades,Rep B,Partner,5,236.17,1180.85,2025-01
502434,2024-10-15,South,Accessories,Rep B,Website,4,875.02,3500.08,2024-10
502435,2024-02-10,South,Accessories,Rep C,Website,3,588.78,1766.34,2024-02
502436,2025-06-06,East,Window Treatments,Rep D,Referral,1,497.72,497.72,2025-06
502437,2025-03-22,South,Window Treatments,Rep C,Partner,1,211.85,211.85,2025-03
502438,2024-06-05,West,Smart Blinds,Rep B,Inbound Call,1,465.46,465.46,2024-06
502439,2024-07-25,Midwest,Window Treatments,Rep D,Canvassing,1,937.67,937.67,2024-07
502440,2024-04-22,West,Smart Blinds,Rep C,Partner,2,123.68,247.36,2024-04
502441,2024-01-03,East,Accessories,Rep C,Partner,5,773.88,3869.4,2024-01
502442,2025-11-11,Midwest,Accessories,Rep B,Website,1,231.45,231.45,2025-11
502443,2024-06-06,Midwest,Window Treatments,Rep C,Inbound Call,2,1083.43,2166.86,2024-06
502444,2025-11-29,West,Window Treatments,Rep D,Referral,4,372.56,1490.24,2025-11
502445,2024-05-08,West,Smart Blinds,Rep C,Canvassing,4,1009.57,4038.28,2024-05
502446,2025-11-24,East,Smart Blinds,Rep E,Website,2,324.13,648.26,2025-11
502447,2024-02-17,West,Window Treatments,Rep A,Website,5,528.01,2640.05,2024-02
502448,2024-09-24,West,Window Treatments,Rep B,Website,5,601.27,3006.35,2024-09
502449,2024-08-03,Midwest,Window Treatments,Rep E,Referral,2,1095.13,2190.26,2024-08
502450,2025-12-15,East,Outdoor Shades,Rep E,Canvassing,2,1055.98,2111.96,2025-12
502451,2024-03-18,South,Smart Blinds,Rep C,Referral,5,916.63,4583.15,2024-03
502452,2025-03-07,West,Window Treatments,Rep C,Partner,2,597.82,1195.64,2025-03
502453,2024-09-11,South,Window Treatments,Rep A,Website,1,938.2,938.2,2024-09
502454,2025-10-26,South,Smart Blinds,Rep D,Partner,3,453.6,1360.8,2025-10
502455,2024-09-06,East,Window Treatments,Rep B,Referral,5,584.7,2923.5,2024-09
502456,2024-08-13,East,Accessories,Rep C,Website,4,213.5,854.0,2024-08
502457,2024-05-06,Midwest,Window Treatments,Rep E,Inbound Call,1,1007.74,1007.74,2024-05
502458,2024-04-06,East,Window Treatments,Rep B,Partner,5,725.71,3628.55,2024-04
502459,2024-07-28,Midwest,Window Treatments,Rep B,Partner,1,605.67,605.67,2024-07
502460,2024-11-22,East,Smart Blinds,Rep D,Inbound Call,4,214.59,858.36,2024-11
502461,2025-04-18,East,Accessories,Rep E,Partner,3,786.24,2358.72,2025-04
502462,2024-01-30,East,Outdoor Shades,Rep A,Canvassing,1,175.35,175.35,2024-01
502463,2025-07-13,West,Accessories,Rep E,Partner,3,184.78,554.34,2025-07
502464,2025-03-31,East,Accessories,Rep A,Website,3,710.55,2131.65,2025-03
502465,2024-03-10,Midwest,Outdoor Shades,Rep B,Partner,4,1008.53,4034.12,2024-03
502466,2024-08-18,West,Smart Blinds,Rep B,Partner,4,1098.16,4392.64,2024-08
502467,2024-02-23,Midwest,Outdoor Shades,Rep A,Canvassing,5,130.81,654.05,2024-02
502468,2025-09-15,Midwest,Window Treatments,Rep C,Inbound Call,4,652.31,2609.24,2025-09
502469,2025-07-16,South,Accessories,Rep A,Referral,2,572.09,1144.18,2025-07
502470,2025-05-25,West,Outdoor Shades,Rep E,Canvassing,3,159.9,479.7,2025-05
502471,2024-01-08,Midwest,Smart Blinds,Rep E,Canvassing,3,182.4,547.2,2024-01
502472,2024-12-29,South,Window Treatments,Rep D,Referral,4,322.58,1290.32,2024-12
502473,2025-04-07,South,Accessories,Rep E,Website,1,328.17,328.17,2025-04
502474,2024-11-01,South,Smart Blinds,Rep E,Website,4,726.09,2904.36,2024-11
502475,2024-12-07,East,Window Treatments,Rep A,Inbound Call,2,562.76,1125.52,2024-12
502476,2024-06-03,East,Outdoor Shades,Rep B,Website,4,762.55,3050.2,2024-06
502477,2024-06-16,South,Outdoor Shades,Rep D,Canvassing,1,175.99,175.99,2024-06
502478,2024-03-01,South,Smart Blinds,Rep A,Inbound Call,5,572.04,2860.2,2024-03
502479,2025-05-27,East,Smart Blinds,Rep A,Canvassing,5,573.0,2865.0,2025-05
502480,2024-12-07,West,Outdoor Shades,Rep A,Referral,5,1038.62,5193.1,2024-12
502481,2024-11-01,Midwest,Outdoor Shades,Rep B,Inbound Call,3,936.41,2809.23,2024-11
502482,2024-07-24,East,Window Treatments,Rep E,Website,4,714.83,2859.32,2024-07
502483,2024-01-08,South,Outdoor Shades,Rep C,Referral,3,273.73,821.19,2024-01
502484,2025-12-23,Midwest,Outdoor Shades,Rep E,Referral,1,683.46,683.46,2025-12
502485,2025-05-03,West,Outdoor Shades,Rep C,Referral,5,1055.43,5277.15,2025-05
502486,2025-03-10,South,Window Treatments,Rep D,Referral,2,168.97,337.94,2025-03
502487,2025-12-26,West,Accessories,Rep C,Partner,2,571.35,1142.7,2025-12
502488,2024-09-26,Midwest,Smart Blinds,Rep D,Canvassing,1,707.96,707.96,2024-09
502489,2024-04-11,Midwest,Smart Blinds,Rep B,Partner,5,730.36,3651.8,2024-04
502490,2025-08-30,Midwest,Smart Blinds,Rep B,Partner,5,539.13,2695.65,2025-08
502491,2025-02-19,South,Window Treatments,Rep A,Canvassing,4,648.61,2594.44,2025-02
502492,2025-06-09,South,Window Treatments,Rep A,Inbound Call,4,190.69,762.76,2025-06
502493,2024-05-06,West,Outdoor Shades,Rep A,Website,1,190.31,190.31,2024-05
502494,2025-01-23,Midwest,Outdoor Shades,Rep D,Referral,3,1007.35,3022.05,2025-01
502495,2025-03-18,South,Window Treatments,Rep A,Referral,5,924.95,4624.75,2025-03
502496,2025-04-13,West,Window Treatments,Rep A,Canvassing,3,180.33,540.99,2025-04
502497,2025-12-30,Midwest,Window Treatments,Rep A,Referral,1,796.52,796.52,2025-12
502498,2024-01-02,South,Outdoor Shades,Rep E,Partner,1,1067.32,1067.32,2024-01
502499,2025-02-15,West,Accessories,Rep E,Referral,4,510.82,2043.28,2025-02
502500,2025-10-05,South,Window Treatments,Rep A,Partner,2,553.41,1106.82,2025-10
502501,2024-06-22,West,Window Treatments,Rep E,Canvassing,2,942.17,1884.34,2024-06
502502,2024-11-09,South,Outdoor Shades,Rep C,Canvassing,1,629.07,629.07,2024-11
502503,2024-01-06,South,Window Treatments,Rep C,Referral,2,966.85,1933.7,2024-01
502504,2025-07-29,Midwest,Outdoor Shades,Rep A,Website,4,282.02,1128.08,2025-07
502505,2024-11-05,West,Window Treatments,Rep C,Inbound Call,2,614.25,1228.5,2024-11
502506,2025-02-24,South,Outdoor Shades,Rep E,Inbound Call,2,964.56,1929.12,2025-02
502507,2024-03-03,West,Window Treatments,Rep B,Partner,5,838.85,4194.25,2024-03
502508,2024-05-02,Midwest,Accessories,Rep D,Canvassing,3,213.87,641.61,2024-05
502509,2025-12-07,South,Outdoor Shades,Rep D,Inbound Call,5,414.7,2073.5,2025-12
502510,2025-04-22,West,Accessories,Rep E,Partner,1,182.97,182.97,2025-04
502511,2024-07-01,East,Outdoor Shades,Rep B,Inbound Call,2,1079.47,2158.94,2024-07
502512,2024-07-07,Midwest,Window Treatments,Rep C,Partner,5,885.81,4429.05,2024-07
502513,2025-08-24,West,Outdoor Shades,Rep A,Partner,5,429.03,2145.15,2025-08
502514,2024-12-06,West,Outdoor Shades,Rep B,Partner,1,691.73,691.73,2024-12
502515,2024-10-18,West,Outdoor Shades,Rep C,Partner,3,709.48,2128.44,2024-10
502516,2024-02-09,South,Outdoor Shades,Rep C,Partner,2,813.0,1626.0,2024-02
502517,2024-04-30,South,Smart Blinds,Rep E,Canvassing,2,777.48,1554.96,2024-04
502518,2024-04-10,South,Accessories,Rep A,Inbound Call,2,897.08,1794.16,2024-04
502519,2024-03-08,West,Smart Blinds,Rep E,Partner,2,877.32,1754.64,2024-03
502520,2025-11-25,West,Window Treatments,Rep B,Partner,3,1041.33,3123.99,2025-11
502521,2025-09-22,South,Window Treatments,Rep D,Website,5,411.66,2058.3,2025-09
502522,2025-04-13,South,Outdoor Shades,Rep D,Inbound Call,5,875.39,4376.95,2025-04
502523,2024-03-25,West,Outdoor Shades,Rep D,Canvassing,4,438.99,1755.96,2024-03
502524,2024-05-30,East,Outdoor Shades,Rep E,Website,4,432.96,1731.84,2024-05
502525,2025-08-13,South,Outdoor Shades,Rep D,Website,3,649.15,1947.45,2025-08
502526,2025-10-02,West,Window Treatments,Rep A,Inbound Call,1,623.78,623.78,2025-10
502527,2024-10-20,Midwest,Outdoor Shades,Rep E,Partner,5,1092.75,5463.75,2024-10
502528,2025-08-06,West,Smart Blinds,Rep E,Inbound Call,2,1073.32,2146.64,2025-08
502529,2025-05-15,East,Outdoor Shades,Rep A,Website,5,436.75,2183.75,2025-05
502530,2025-09-09,East,Window Treatments,Rep E,Website,5,470.66,2353.3,2025-09
502531,2025-01-04,West,Window Treatments,Rep D,Partner,1,831.74,831.74,2025-01
502532,2024-04-25,East,Window Treatments,Rep E,Referral,3,165.78,497.34,2024-04
502533,2024-05-18,West,Smart Blinds,Rep C,Inbound Call,2,504.38,1008.76,2024-05
502534,2025-01-23,West,Window Treatments,Rep C,Website,2,309.0,618.0,2025-01
502535,2024-05-17,South,Accessories,Rep A,Inbound Call,4,352.38,1409.52,2024-05
502536,2024-03-16,Midwest,Smart Blinds,Rep D,Website,3,482.71,1448.13,2024-03
502537,2025-12-27,West,Smart Blinds,Rep C,Website,4,860.08,3440.32,2025-12
502538,2024-05-10,Midwest,Outdoor Shades,Rep A,Canvassing,5,582.69,2913.45,2024-05
502539,2024-05-06,South,Window Treatments,Rep D,Website,2,804.27,1608.54,2024-05
502540,2024-10-16,South,Window Treatments,Rep D,Canvassing,1,1040.58,1040.58,2024-10
502541,2025-04-30,South,Window Treatments,Rep A,Referral,5,781.73,3908.65,2025-04
502542,2024-06-24,East,Accessories,Rep B,Inbound Call,2,628.51,1257.02,2024-06
502543,2024-08-01,East,Smart Blinds,Rep D,Website,2,239.68,479.36,2024-08
502544,2025-05-08,West,Window Treatments,Rep C,Website,1,1047.39,1047.39,2025-05
502545,2025-07-19,South,Window Treatments,Rep C,Website,3,827.25,2481.75,2025-07
502546,2025-12-31,West,Window Treatments,Rep D,Referral,3,294.11,882.33,2025-12
502547,2025-08-14,East,Window Treatments,Rep A,Inbound Call,4,697.86,2791.44,2025-08
502548,2025-02-25,West,Accessories,Rep E,Canvassing,2,228.39,456.78,2025-02
502549,2025-02-23,West,Accessories,Rep E,Website,4,916.16,3664.64,2025-02
502550,2025-06-03,West,Smart Blinds,Rep E,Inbound Call,5,211.87,1059.35,2025-06
502551,2025-03-23,West,Outdoor Shades,Rep B,Website,5,911.08,4555.4,2025-03
502552,2025-09-18,Midwest,Accessories,Rep D,Website,3,490.1,1470.3,2025-09
502553,2024-07-25,East,Window Treatments,Rep E,Inbound Call,2,692.93,1385.86,2024-07
502554,2025-06-06,South,Window Treatments,Rep B,Canvassing,5,1045.13,5225.65,2025-06
502555,2025-05-10,Midwest,Window Treatments,Rep A,Partner,5,876.44,4382.2,2025-05
502556,2024-03-23,Midwest,Smart Blinds,Rep B,Canvassing,2,498.18,996.36,2024-03
502557,2024-03-22,Midwest,Window Treatments,Rep E,Inbound Call,4,557.34,2229.36,2024-03
502558,2025-12-17,West,Outdoor Shades,Rep C,Referral,3,723.63,2170.89,2025-12
502559,2025-12-12,East,Outdoor Shades,Rep A,Canvassing,1,445.16,445.16,2025-12
502560,2025-08-09,East,Outdoor Shades,Rep E,Inbound Call,2,1022.81,2045.62,2025-08
502561,2024-09-13,East,Window Treatments,Rep D,Website,3,531.02,1593.06,2024-09
502562,2024-08-21,South,Window Treatments,Rep C,Referral,2,240.17,480.34,2024-08
502563,2024-05-31,South,Window Treatments,Rep A,Partner,3,1049.47,3148.41,2024-05
502564,2025-11-06,West,Outdoor Shades,Rep C,Partner,2,381.31,762.62,2025-11
502565,2025-07-16,East,Window Treatments,Rep A,Website,3,989.25,2967.75,2025-07
502566,2024-11-22,East,Window Treatments,Rep A,Inbound Call,4,1007.99,4031.96,2024-11
502567,2025-04-21,West,Window Treatments,Rep D,Website,3,493.87,1481.61,2025-04
502568,2025-07-15,Midwest,Outdoor Shades,Rep C,Inbound Call,4,558.0,2232.0,2025-07
502569,2024-09-22,West,Smart Blinds,Rep D,Inbound Call,5,932.96,4664.8,2024-09
502570,2025-07-20,South,Accessories,Rep B,Canvassing,3,600.92,1802.76,2025-07
502571,2024-01-31,East,Window Treatments,Rep D,Partner,5,652.44,3262.2,2024-01
502572,2025-10-30,South,Outdoor Shades,Rep A,Referral,1,817.0,817.0,2025-10
502573,2024-09-24,East,Outdoor Shades,Rep E,Referral,3,597.34,1792.02,2024-09
502574,2024-03-08,South,Window Treatments,Rep C,Inbound Call,1,546.69,546.69,2024-03
502575,2025-04-02,Midwest,Outdoor Shades,Rep A,Canvassing,1,1067.38,1067.38,2025-04
502576,2024-12-29,Midwest,Outdoor Shades,Rep B,Referral,5,554.3,2771.5,2024-12
502577,2025-03-13,West,Outdoor Shades,Rep C,Website,3,511.89,1535.67,2025-03
502578,2025-03-23,East,Outdoor Shades,Rep B,Canvassing,3,300.57,901.71,2025-03
502579,2024-08-30,South,Outdoor Shades,Rep D,Canvassing,1,1054.81,1054.81,2024-08
502580,2025-03-14,South,Smart Blinds,Rep B,Website,5,931.42,4657.1,2025-03
502581,2025-11-03,Midwest,Window Treatments,Rep D,Website,1,889.15,889.15,2025-11
502582,2025-07-14,Midwest,Smart Blinds,Rep A,Referral,4,954.13,3816.52,2025-07
502583,2025-10-08,Midwest,Smart Blinds,Rep C,Canvassing,2,154.29,308.58,2025-10
502584,2024-11-02,Midwest,Accessories,Rep C,Referral,1,552.26,552.26,2024-11
502585,2024-11-30,East,Smart Blinds,Rep C,Referral,5,912.23,4561.15,2024-11
502586,2024-05-29,West,Smart Blinds,Rep B,Canvassing,3,376.79,1130.37,2024-05
502587,2025-02-06,South,Window Treatments,Rep C,Website,5,898.23,4491.15,2025-02
502588,2024-03-03,West,Accessories,Rep D,Website,5,600.88,3004.4,2024-03
502589,2025-01-26,West,Outdoor Shades,Rep B,Referral,2,471.44,942.88,2025-01
502590,2025-02-02,Midwest,Accessories,Rep B,Inbound Call,3,807.41,2422.23,2025-02
502591,2024-01-24,South,Outdoor Shades,Rep B,Referral,2,735.84,1471.68,2024-01
502592,2025-11-08,East,Window Treatments,Rep E,Website,2,413.18,826.36,2025-11
502593,2024-08-29,South,Window Treatments,Rep E,Referral,4,775.11,3100.44,2024-08
502594,2025-10-02,West,Smart Blinds,Rep D,Website,2,719.59,1439.18,2025-10
502595,2025-08-12,South,Outdoor Shades,Rep A,Partner,2,737.33,1474.66,2025-08
502596,2025-07-23,South,Smart Blinds,Rep B,Canvassing,4,676.45,2705.8,2025-07
502597,2025-03-04,Midwest,Accessories,Rep A,Website,2,677.7,1355.4,2025-03
502598,2025-06-03,West,Window Treatments,Rep D,Inbound Call,5,160.26,801.3,2025-06
502599,2024-03-15,East,Window Treatments,Rep E,Inbound Call,1,1042.87,1042.87,2024-03
502600,2024-02-10,East,Accessories,Rep E,Partner,4,1009.17,4036.68,2024-02
502601,2025-08-14,Midwest,Accessories,Rep E,Canvassing,5,772.12,3860.6,2025-08
502602,2024-05-31,East,Accessories,Rep E,Inbound Call,2,596.63,1193.26,2024-05
502603,2025-11-05,West,Window Treatments,Rep E,Canvassing,3,1061.37,3184.11,2025-11
502604,2024-04-17,Midwest,Outdoor Shades,Rep C,Canvassing,1,589.75,589.75,2024-04
502605,2025-08-22,East,Accessories,Rep A,Website,5,441.38,2206.9,2025-08
502606,2025-09-06,South,Accessories,Rep A,Canvassing,2,384.8,769.6,2025-09
502607,2025-10-26,Midwest,Outdoor Shades,Rep C,Referral,4,387.69,1550.76,2025-10
502608,2024-07-12,Midwest,Outdoor Shades,Rep D,Website,4,585.37,2341.48,2024-07
502609,2025-10-26,East,Outdoor Shades,Rep E,Website,2,995.91,1991.82,2025-10
502610,2024-01-24,South,Outdoor Shades,Rep E,Referral,5,346.61,1733.05,2024-01
502611,2024-10-11,East,Accessories,Rep B,Website,5,348.29,1741.45,2024-10
502612,2024-01-16,West,Smart Blinds,Rep A,Partner,2,598.84,1197.68,2024-01
502613,2024-02-23,Midwest,Outdoor Shades,Rep A,Partner,4,1078.94,4315.76,2024-02
502614,2025-03-28,West,Window Treatments,Rep A,Partner,1,635.23,635.23,2025-03
502615,2024-08-18,Midwest,Window Treatments,Rep B,Canvassing,1,671.02,671.02,2024-08
502616,2024-10-03,East,Window Treatments,Rep C,Website,2,935.03,1870.06,2024-10
502617,2024-10-11,East,Window Treatments,Rep C,Inbound Call,2,851.59,1703.18,2024-10
502618,2024-10-20,West,Smart Blinds,Rep A,Inbound Call,3,252.67,758.01,2024-10
502619,2025-05-17,Midwest,Accessories,Rep A,Partner,1,607.34,607.34,2025-05
502620,2025-09-16,South,Window Treatments,Rep E,Website,5,226.96,1134.8,2025-09
502621,2025-12-12,West,Window Treatments,Rep B,Partner,1,937.49,937.49,2025-12
502622,2024-12-30,West,Accessories,Rep E,Partner,4,261.7,1046.8,2024-12
502623,2024-11-16,Midwest,Window Treatments,Rep C,Referral,1,743.46,743.46,2024-11
502624,2025-07-09,Midwest,Window Treatments,Rep A,Website,3,966.53,2899.59,2025-07
502625,2024-02-22,Midwest,Window Treatments,Rep B,Referral,4,1061.61,4246.44,2024-02
502626,2024-08-20,Midwest,Accessories,Rep A,Referral,2,1001.81,2003.62,2024-08
502627,2024-10-05,Midwest,Window Treatments,Rep E,Website,4,485.31,1941.24,2024-10
502628,2025-03-07,East,Window Treatments,Rep B,Canvassing,1,497.76,497.76,2025-03
502629,2025-01-15,Midwest,Outdoor Shades,Rep C,Canvassing,4,940.17,3760.68,2025-01
502630,2024-12-26,South,Window Treatments,Rep A,Inbound Call,3,161.71,485.13,2024-12
502631,2024-08-09,West,Window Treatments,Rep A,Canvassing,3,303.01,909.03,2024-08
502632,2024-08-06,Midwest,Window Treatments,Rep C,Website,4,430.07,1720.28,2024-08
502633,2024-11-28,West,Accessories,Rep C,Referral,2,370.42,740.84,2024-11
502634,2025-12-11,South,Window Treatments,Rep E,Referral,3,906.95,2720.85,2025-12
502635,2025-06-17,South,Window Treatments,Rep B,Inbound Call,5,914.84,4574.2,2025-06
502636,2025-12-03,West,Window Treatments,Rep C,Inbound Call,5,141.29,706.45,2025-12
502637,2025-06-30,East,Accessories,Rep B,Canvassing,5,604.59,3022.95,2025-06
502638,2025-10-17,Midwest,Window Treatments,Rep D,Referral,2,1094.57,2189.14,2025-10
502639,2024-10-19,West,Outdoor Shades,Rep B,Partner,2,240.48,480.96,2024-10
502640,2024-08-06,East,Outdoor Shades,Rep A,Referral,2,517.08,1034.16,2024-08
502641,2025-09-21,East,Accessories,Rep C,Referral,4,455.09,1820.36,2025-09
502642,2024-12-13,South,Smart Blinds,Rep A,Referral,3,701.44,2104.32,2024-12
502643,2024-09-03,South,Outdoor Shades,Rep D,Canvassing,1,500.9,500.9,2024-09
502644,2025-03-19,Midwest,Accessories,Rep A,Partner,4,448.95,1795.8,2025-03
502645,2025-03-21,South,Smart Blinds,Rep E,Partner,3,1087.13,3261.39,2025-03
502646,2024-02-27,West,Smart Blinds,Rep B,Inbound Call,3,331.4,994.2,2024-02
502647,2025-03-05,East,Accessories,Rep E,Canvassing,4,444.32,1777.28,2025-03
502648,2025-11-21,East,Outdoor Shades,Rep D,Partner,3,487.56,1462.68,2025-11
502649,2024-09-21,East,Smart Blinds,Rep B,Canvassing,5,1023.32,5116.6,2024-09
502650,2024-06-24,East,Window Treatments,Rep B,Referral,3,420.28,1260.84,2024-06
502651,2024-03-14,East,Window Treatments,Rep D,Partner,5,571.61,2858.05,2024-03
502652,2024-09-15,Midwest,Smart Blinds,Rep B,Website,3,988.07,2964.21,2024-09
502653,2024-01-21,Midwest,Smart Blinds,Rep E,Referral,1,872.24,872.24,2024-01
502654,2024-02-10,South,Window Treatments,Rep D,Canvassing,3,592.88,1778.64,2024-02
502655,2025-09-14,West,Accessories,Rep A,Inbound Call,1,157.42,157.42,2025-09
502656,2025-05-15,West,Window Treatments,Rep E,Inbound Call,4,585.66,2342.64,2025-05
502657,2024-12-05,South,Smart Blinds,Rep C,Website,1,541.01,541.01,2024-12
502658,2025-01-13,West,Outdoor Shades,Rep A,Inbound Call,4,327.1,1308.4,2025-01
502659,2025-09-23,West,Smart Blinds,Rep A,Inbound Call,3,857.54,2572.62,2025-09
502660,2024-07-11,South,Smart Blinds,Rep B,Inbound Call,3,585.0,1755.0,2024-07
502661,2025-01-27,East,Smart Blinds,Rep D,Canvassing,4,453.87,1815.48,2025-01
502662,2025-11-24,South,Accessories,Rep A,Referral,2,146.44,292.88,2025-11
502663,2025-05-09,West,Outdoor Shades,Rep B,Website,2,684.92,1369.84,2025-05
502664,2024-09-07,Midwest,Window Treatments,Rep E,Referral,1,459.93,459.93,2024-09
502665,2024-04-01,South,Outdoor Shades,Rep A,Partner,3,372.76,1118.28,2024-04
502666,2025-06-17,West,Accessories,Rep C,Website,5,558.11,2790.55,2025-06
502667,2024-09-02,South,Smart Blinds,Rep C,Referral,2,998.22,1996.44,2024-09
502668,2025-06-06,South,Outdoor Shades,Rep B,Referral,3,611.86,1835.58,2025-06
502669,2024-03-15,South,Window Treatments,Rep B,Partner,1,413.2,413.2,2024-03
502670,2025-11-16,West,Outdoor Shades,Rep E,Canvassing,3,503.36,1510.08,2025-11
502671,2024-07-02,West,Accessories,Rep B,Referral,5,276.37,1381.85,2024-07
502672,2024-09-26,East,Window Treatments,Rep A,Website,5,630.39,3151.95,2024-09
502673,2025-05-19,West,Smart Blinds,Rep E,Canvassing,4,244.33,977.32,2025-05
502674,2025-08-05,West,Outdoor Shades,Rep C,Canvassing,2,1077.31,2154.62,2025-08
502675,2025-05-02,South,Window Treatments,Rep E,Referral,1,635.86,635.86,2025-05
502676,2024-07-17,South,Window Treatments,Rep C,Canvassing,1,719.29,719.29,2024-07
502677,2025-01-25,Midwest,Outdoor Shades,Rep B,Website,2,988.46,1976.92,2025-01
502678,2024-11-22,West,Window Treatments,Rep E,Partner,5,658.84,3294.2,2024-11
502679,2024-06-23,West,Accessories,Rep A,Inbound Call,5,975.94,4879.7,2024-06
502680,2024-03-02,Midwest,Window Treatments,Rep C,Referral,2,702.41,1404.82,2024-03
502681,2024-10-25,East,Window Treatments,Rep D,Website,5,543.86,2719.3,2024-10
502682,2024-06-21,East,Smart Blinds,Rep B,Referral,2,1070.17,2140.34,2024-06
502683,2024-03-01,East,Window Treatments,Rep B,Inbound Call,4,838.85,3355.4,2024-03
502684,2024-06-06,Midwest,Accessories,Rep B,Partner,1,883.37,883.37,2024-06
502685,2025-05-30,West,Outdoor Shades,Rep A,Canvassing,5,330.15,1650.75,2025-05
502686,2025-09-23,East,Window Treatments,Rep C,Canvassing,4,203.74,814.96,2025-09
502687,2024-10-07,West,Window Treatments,Rep D,Inbound Call,3,665.06,1995.18,2024-10
502688,2025-05-12,East,Smart Blinds,Rep E,Inbound Call,3,259.85,779.55,2025-05
502689,2024-01-08,East,Smart Blinds,Rep C,Website,2,674.13,1348.26,2024-01
502690,2025-03-12,West,Window Treatments,Rep B,Partner,1,130.4,130.4,2025-03
502691,2024-02-27,West,Window Treatments,Rep E,Inbound Call,1,371.21,371.21,2024-02
502692,2025-05-19,South,Window Treatments,Rep C,Website,3,461.95,1385.85,2025-05
502693,2024-07-04,West,Accessories,Rep E,Canvassing,3,377.81,1133.43,2024-07
502694,2025-01-22,Midwest,Smart Blinds,Rep A,Canvassing,2,794.16,1588.32,2025-01
502695,2024-09-19,East,Accessories,Rep E,Inbound Call,4,168.19,672.76,2024-09
502696,2025-10-24,East,Window Treatments,Rep D,Referral,4,932.38,3729.52,2025-10
502697,2024-11-05,Midwest,Smart Blinds,Rep D,Inbound Call,3,415.46,1246.38,2024-11
502698,2025-07-22,West,Accessories,Rep A,Partner,3,121.11,363.33,2025-07
502699,2025-11-07,South,Smart Blinds,Rep C,Canvassing,4,746.29,2985.16,2025-11
502700,2024-07-21,West,Window Treatments,Rep D,Canvassing,1,624.41,624.41,2024-07
502701,2025-03-18,Midwest,Smart Blinds,Rep C,Partner,3,916.24,2748.72,2025-03
502702,2025-09-28,Midwest,Window Treatments,Rep E,Referral,5,877.89,4389.45,2025-09
502703,2024-12-01,South,Accessories,Rep A,Referral,1,691.75,691.75,2024-12
502704,2025-09-13,East,Accessories,Rep E,Partner,2,1002.29,2004.58,2025-09
502705,2025-08-30,South,Outdoor Shades,Rep D,Website,2,170.53,341.06,2025-08
502706,2025-09-02,East,Window Treatments,Rep D,Website,1,388.89,388.89,2025-09
502707,2024-09-05,East,Accessories,Rep A,Canvassing,4,690.71,2762.84,2024-09
502708,2025-06-04,West,Smart Blinds,Rep E,Website,1,1027.44,1027.44,2025-06
502709,2025-05-25,South,Window Treatments,Rep D,Canvassing,5,890.43,4452.15,2025-05
502710,2025-06-10,South,Smart Blinds,Rep E,Website,3,677.98,2033.94,2025-06
502711,2024-04-29,South,Smart Blinds,Rep C,Website,5,895.75,4478.75,2024-04
502712,2024-10-29,West,Smart Blinds,Rep E,Partner,4,730.07,2920.28,2024-10
502713,2025-06-10,South,Outdoor Shades,Rep B,Referral,1,638.59,638.59,2025-06
502714,2024-02-12,West,Window Treatments,Rep A,Canvassing,1,384.69,384.69,2024-02
502715,2025-06-21,West,Smart Blinds,Rep B,Inbound Call,4,998.69,3994.76,2025-06
502716,2024-06-07,Midwest,Smart Blinds,Rep B,Website,2,1099.82,2199.64,2024-06
502717,2025-06-20,Midwest,Window Treatments,Rep E,Referral,1,975.55,975.55,2025-06
502718,2025-02-24,South,Outdoor Shades,Rep B,Inbound Call,1,1022.62,1022.62,2025-02
502719,2025-09-11,East,Window Treatments,Rep C,Partner,2,801.94,1603.88,2025-09
502720,2025-11-01,West,Accessories,Rep C,Partner,2,1071.14,2142.28,2025-11
502721,2024-11-05,East,Outdoor Shades,Rep C,Referral,4,743.76,2975.04,2024-11
502722,2024-05-29,South,Outdoor Shades,Rep A,Website,3,1023.61,3070.83,2024-05
502723,2025-12-10,Midwest,Outdoor Shades,Rep E,Partner,1,587.21,587.21,2025-12
502724,2025-10-08,East,Smart Blinds,Rep B,Partner,1,791.54,791.54,2025-10
502725,2024-06-08,South,Outdoor Shades,Rep C,Inbound Call,1,391.68,391.68,2024-06
502726,2024-02-25,South,Window Treatments,Rep E,Website,3,593.98,1781.94,2024-02
502727,2024-11-08,Midwest,Window Treatments,Rep B,Partner,5,1099.14,5495.7,2024-11
502728,2025-04-05,South,Accessories,Rep C,Inbound Call,3,1061.43,3184.29,2025-04
502729,2025-08-16,West,Smart Blinds,Rep E,Partner,1,630.41,630.41,2025-08
502730,2025-01-01,East,Window Treatments,Rep E,Website,1,868.13,868.13,2025-01
502731,2025-10-17,East,Outdoor Shades,Rep B,Canvassing,3,1051.95,3155.85,2025-10
502732,2024-10-19,East,Window Treatments,Rep B,Canvassing,1,379.91,379.91,2024-10
502733,2025-08-15,West,Accessories,Rep D,Referral,5,422.19,2110.95,2025-08
502734,2024-07-10,West,Smart Blinds,Rep D,Referral,4,565.24,2260.96,2024-07
502735,2024-02-13,East,Smart Blinds,Rep C,Website,4,390.59,1562.36,2024-02
502736,2024-07-20,Midwest,Accessories,Rep C,Partner,4,302.54,1210.16,2024-07
502737,2024-11-30,Midwest,Outdoor Shades,Rep B,Partner,1,287.06,287.06,2024-11
502738,2025-03-09,West,Accessories,Rep E,Website,1,276.02,276.02,2025-03
502739,2024-12-01,Midwest,Window Treatments,Rep C,Website,5,252.03,1260.15,2024-12
502740,2025-05-16,Midwest,Window Treatments,Rep C,Website,2,935.04,1870.08,2025-05
502741,2025-08-02,East,Accessories,Rep B,Inbound Call,3,991.17,2973.51,2025-08
502742,2024-08-02,East,Window Treatments,Rep C,Referral,1,613.18,613.18,2024-08
502743,2025-11-01,Midwest,Outdoor Shades,Rep D,Canvassing,5,376.65,1883.25,2025-11
502744,2024-06-20,South,Window Treatments,Rep E,Inbound Call,1,168.02,168.02,2024-06
502745,2024-04-11,Midwest,Window Treatments,Rep E,Partner,3,171.82,515.46,2024-04
502746,2025-11-08,South,Outdoor Shades,Rep E,Inbound Call,3,499.4,1498.2,2025-11
502747,2024-06-14,East,Accessories,Rep B,Partner,3,1062.72,3188.16,2024-06
502748,2024-02-02,East,Smart Blinds,Rep B,Website,2,323.43,646.86,2024-02
502749,2024-08-31,West,Outdoor Shades,Rep A,Referral,1,1084.76,1084.76,2024-08
502750,2025-06-02,Midwest,Smart Blinds,Rep A,Canvassing,4,131.88,527.52,2025-06
502751,2025-05-25,West,Window Treatments,Rep A,Canvassing,2,1027.45,2054.9,2025-05
502752,2025-01-10,Midwest,Accessories,Rep B,Inbound Call,2,671.74,1343.48,2025-01
502753,2025-08-22,South,Accessories,Rep D,Partner,3,779.26,2337.78,2025-08
502754,2024-08-25,West,Accessories,Rep D,Referral,2,350.13,700.26,2024-08
502755,2024-12-01,South,Outdoor Shades,Rep E,Referral,1,354.04,354.04,2024-12
502756,2024-02-17,South,Smart Blinds,Rep D,Referral,4,963.45,3853.8,2024-02
502757,2025-11-08,South,Window Treatments,Rep B,Canvassing,1,1019.71,1019.71,2025-11
502758,2024-07-19,South,Window Treatments,Rep C,Website,2,257.96,515.92,2024-07
502759,2025-02-24,South,Window Treatments,Rep A,Partner,4,362.3,1449.2,2025-02
502760,2024-11-04,West,Window Treatments,Rep A,Partner,2,272.02,544.04,2024-11
502761,2024-11-26,South,Outdoor Shades,Rep E,Referral,1,297.53,297.53,2024-11
502762,2025-06-30,South,Window Treatments,Rep E,Canvassing,5,149.73,748.65,2025-06
502763,2025-05-26,South,Accessories,Rep A,Canvassing,3,195.19,585.57,2025-05
502764,2025-04-06,Midwest,Window Treatments,Rep C,Referral,2,901.17,1802.34,2025-04
502765,2024-09-23,Midwest,Window Treatments,Rep C,Inbound Call,3,906.99,2720.97,2024-09
502766,2024-01-25,South,Accessories,Rep D,Referral,5,426.01,2130.05,2024-01
502767,2025-08-22,South,Window Treatments,Rep C,Referral,1,616.79,616.79,2025-08
502768,2024-01-01,West,Smart Blinds,Rep C,Canvassing,4,187.54,750.16,2024-01
502769,2024-09-30,Midwest,Outdoor Shades,Rep A,Referral,5,960.72,4803.6,2024-09
502770,2024-09-26,East,Window Treatments,Rep B,Referral,4,543.35,2173.4,2024-09
502771,2025-10-13,East,Window Treatments,Rep D,Partner,4,464.77,1859.08,2025-10
502772,2025-05-22,East,Accessories,Rep E,Referral,3,325.08,975.24,2025-05
502773,2024-05-22,West,Smart Blinds,Rep D,Canvassing,3,1046.76,3140.28,2024-05
502774,2024-09-16,East,Accessories,Rep B,Website,2,950.06,1900.12,2024-09
502775,2025-11-11,East,Window Treatments,Rep C,Referral,3,892.02,2676.06,2025-11
502776,2025-07-20,East,Outdoor Shades,Rep E,Partner,4,617.13,2468.52,2025-07
502777,2025-01-30,West,Smart Blinds,Rep C,Referral,4,196.26,785.04,2025-01
502778,2024-06-09,South,Window Treatments,Rep B,Canvassing,3,229.06,687.18,2024-06
502779,2025-11-05,South,Window Treatments,Rep E,Inbound Call,2,715.69,1431.38,2025-11
502780,2025-09-21,West,Window Treatments,Rep E,Partner,1,890.06,890.06,2025-09
502781,2024-01-02,South,Outdoor Shades,Rep C,Canvassing,1,672.59,672.59,2024-01
502782,2024-06-24,West,Window Treatments,Rep C,Partner,4,732.91,2931.64,2024-06
502783,2025-05-24,West,Outdoor Shades,Rep E,Partner,2,864.31,1728.62,2025-05
502784,2025-08-22,East,Accessories,Rep E,Inbound Call,3,387.35,1162.05,2025-08
502785,2025-12-14,East,Smart Blinds,Rep E,Inbound Call,5,288.69,1443.45,2025-12
502786,2024-02-14,Midwest,Smart Blinds,Rep C,Canvassing,1,952.24,952.24,2024-02
502787,2025-04-26,West,Window Treatments,Rep A,Inbound Call,4,734.02,2936.08,2025-04
502788,2025-10-07,West,Outdoor Shades,Rep E,Website,3,866.49,2599.47,2025-10
502789,2025-04-26,West,Window Treatments,Rep E,Inbound Call,3,637.93,1913.79,2025-04
502790,2025-09-22,South,Smart Blinds,Rep B,Website,1,620.22,620.22,2025-09
502791,2025-08-29,East,Smart Blinds,Rep A,Inbound Call,3,872.21,2616.63,2025-08
502792,2024-11-21,South,Window Treatments,Rep A,Canvassing,4,1010.5,4042.0,2024-11
502793,2024-10-20,East,Smart Blinds,Rep C,Website,4,1037.94,4151.76,2024-10
502794,2025-09-14,East,Outdoor Shades,Rep C,Referral,1,293.63,293.63,2025-09
502795,2025-08-18,Midwest,Accessories,Rep D,Canvassing,3,959.13,2877.39,2025-08
502796,2024-10-11,East,Outdoor Shades,Rep D,Canvassing,4,611.27,2445.08,2024-10
502797,2024-10-08,East,Window Treatments,Rep C,Partner,1,286.7,286.7,2024-10
502798,2025-06-30,East,Window Treatments,Rep B,Partner,3,672.54,2017.62,2025-06
502799,2024-10-10,Midwest,Smart Blinds,Rep C,Website,2,1074.09,2148.18,2024-10
502800,2025-02-12,East,Outdoor Shades,Rep E,Partner,2,649.92,1299.84,2025-02
502801,2024-03-07,South,Accessories,Rep E,Website,3,135.92,407.76,2024-03
502802,2025-01-29,East,Window Treatments,Rep B,Website,3,731.43,2194.29,2025-01
502803,2025-02-11,Midwest,Smart Blinds,Rep D,Partner,1,703.1,703.1,2025-02
502804,2025-10-07,West,Smart Blinds,Rep A,Referral,2,459.92,919.84,2025-10
502805,2025-11-01,East,Outdoor Shades,Rep C,Inbound Call,1,380.33,380.33,2025-11
502806,2024-07-23,West,Window Treatments,Rep A,Referral,4,606.9,2427.6,2024-07
502807,2024-08-24,Midwest,Window Treatments,Rep B,Partner,5,972.3,4861.5,2024-08
502808,2025-02-05,West,Outdoor Shades,Rep A,Referral,2,501.88,1003.76,2025-02
502809,2025-01-21,East,Accessories,Rep D,Partner,2,1094.92,2189.84,2025-01
502810,2025-10-27,West,Window Treatments,Rep A,Inbound Call,1,1041.87,1041.87,2025-10
502811,2024-09-22,South,Outdoor Shades,Rep E,Partner,4,460.83,1843.32,2024-09
502812,2024-10-31,South,Accessories,Rep C,Partner,3,892.74,2678.22,2024-10
502813,2025-05-23,East,Smart Blinds,Rep E,Canvassing,1,830.27,830.27,2025-05
502814,2024-06-19,West,Outdoor Shades,Rep C,Referral,4,1020.49,4081.96,2024-06
502815,2025-03-05,East,Window Treatments,Rep C,Inbound Call,1,698.05,698.05,2025-03
502816,2024-12-16,Midwest,Smart Blinds,Rep E,Referral,5,198.84,994.2,2024-12
502817,2025-10-12,Midwest,Outdoor Shades,Rep A,Canvassing,1,150.23,150.23,2025-10
502818,2024-08-22,South,Window Treatments,Rep D,Inbound Call,1,900.69,900.69,2024-08
502819,2025-01-28,Midwest,Smart Blinds,Rep D,Website,3,485.98,1457.94,2025-01
502820,2025-10-22,East,Window Treatments,Rep B,Referral,2,627.16,1254.32,2025-10
502821,2025-08-08,Midwest,Smart Blinds,Rep A,Canvassing,3,880.97,2642.91,2025-08
502822,2024-09-23,West,Smart Blinds,Rep E,Partner,5,815.18,4075.9,2024-09
502823,2025-08-04,East,Window Treatments,Rep E,Website,2,396.74,793.48,2025-08
502824,2024-10-08,West,Window Treatments,Rep A,Partner,2,893.35,1786.7,2024-10
502825,2025-06-03,West,Smart Blinds,Rep D,Referral,3,950.38,2851.14,2025-06
502826,2024-02-20,South,Smart Blinds,Rep C,Inbound Call,4,881.37,3525.48,2024-02
502827,2024-12-29,East,Outdoor Shades,Rep A,Referral,4,1080.88,4323.52,2024-12
502828,2025-03-31,Midwest,Smart Blinds,Rep C,Website,3,197.47,592.41,2025-03
502829,2025-05-15,Midwest,Smart Blinds,Rep B,Canvassing,5,135.29,676.45,2025-05
502830,2025-10-09,West,Outdoor Shades,Rep A,Canvassing,5,175.3,876.5,2025-10
502831,2024-10-17,East,Window Treatments,Rep C,Partner,4,217.41,869.64,2024-10
502832,2024-09-27,West,Accessories,Rep B,Referral,4,814.09,3256.36,2024-09
502833,2024-03-06,South,Outdoor Shades,Rep E,Canvassing,5,842.88,4214.4,2024-03
502834,2024-04-16,West,Outdoor Shades,Rep E,Canvassing,5,914.06,4570.3,2024-04
502835,2024-12-14,East,Smart Blinds,Rep D,Canvassing,1,820.02,820.02,2024-12
502836,2024-12-25,West,Outdoor Shades,Rep E,Referral,1,529.54,529.54,2024-12
502837,2025-07-23,Midwest,Window Treatments,Rep D,Referral,1,944.69,944.69,2025-07
502838,2025-05-11,South,Window Treatments,Rep C,Canvassing,1,491.76,491.76,2025-05
502839,2024-12-05,West,Outdoor Shades,Rep B,Canvassing,2,188.76,377.52,2024-12
502840,2025-03-29,West,Window Treatments,Rep A,Inbound Call,5,642.97,3214.85,2025-03
502841,2024-02-01,West,Window Treatments,Rep C,Canvassing,2,989.86,1979.72,2024-02
502842,2025-12-30,South,Outdoor Shades,Rep B,Referral,1,590.25,590.25,2025-12
502843,2024-01-27,Midwest,Accessories,Rep B,Partner,5,918.58,4592.9,2024-01
502844,2024-12-22,South,Smart Blinds,Rep D,Website,1,745.05,745.05,2024-12
502845,2024-03-23,South,Accessories,Rep D,Website,2,285.82,571.64,2024-03
502846,2024-05-11,West,Smart Blinds,Rep C,Inbound Call,5,733.6,3668.0,2024-05
502847,2024-11-05,West,Window Treatments,Rep A,Inbound Call,4,687.73,2750.92,2024-11
502848,2025-04-14,West,Accessories,Rep D,Inbound Call,2,440.3,880.6,2025-04
502849,2024-07-25,Midwest,Smart Blinds,Rep B,Website,1,152.91,152.91,2024-07
502850,2024-05-21,South,Outdoor Shades,Rep C,Website,2,356.88,713.76,2024-05
502851,2025-03-29,South,Smart Blinds,Rep A,Canvassing,1,379.96,379.96,2025-03
502852,2025-11-23,South,Accessories,Rep D,Website,1,875.14,875.14,2025-11
502853,2024-12-04,Midwest,Window Treatments,Rep A,Partner,3,386.18,1158.54,2024-12
502854,2024-12-23,Midwest,Window Treatments,Rep C,Inbound Call,3,995.87,2987.61,2024-12
502855,2025-06-09,East,Smart Blinds,Rep C,Inbound Call,5,626.37,3131.85,2025-06
502856,2024-04-22,Midwest,Window Treatments,Rep D,Inbound Call,4,969.21,3876.84,2024-04
502857,2025-10-18,West,Window Treatments,Rep C,Inbound Call,2,1073.74,2147.48,2025-10
502858,2024-12-25,South,Accessories,Rep E,Canvassing,3,935.35,2806.05,2024-12
502859,2025-02-22,South,Smart Blinds,Rep D,Inbound Call,3,1081.36,3244.08,2025-02
502860,2025-04-11,East,Outdoor Shades,Rep C,Canvassing,5,558.05,2790.25,2025-04
502861,2025-05-29,West,Outdoor Shades,Rep D,Referral,2,889.35,1778.7,2025-05
502862,2025-12-08,West,Outdoor Shades,Rep D,Referral,5,830.5,4152.5,2025-12
502863,2025-02-20,West,Window Treatments,Rep B,Referral,5,695.58,3477.9,2025-02
502864,2024-05-20,Midwest,Accessories,Rep E,Partner,3,1090.41,3271.23,2024-05
502865,2025-02-10,Midwest,Outdoor Shades,Rep C,Inbound Call,3,791.54,2374.62,2025-02
502866,2025-08-08,West,Window Treatments,Rep E,Website,3,430.67,1292.01,2025-08
502867,2025-01-06,Midwest,Outdoor Shades,Rep D,Website,5,788.99,3944.95,2025-01
502868,2025-11-23,Midwest,Accessories,Rep C,Referral,1,762.84,762.84,2025-11
502869,2025-02-17,West,Outdoor Shades,Rep A,Referral,2,370.77,741.54,2025-02
502870,2024-01-30,Midwest,Window Treatments,Rep C,Inbound Call,2,852.25,1704.5,2024-01
502871,2025-11-17,Midwest,Smart Blinds,Rep C,Referral,1,428.07,428.07,2025-11
502872,2025-09-14,Midwest,Window Treatments,Rep A,Canvassing,2,577.52,1155.04,2025-09
502873,2024-09-18,West,Outdoor Shades,Rep B,Inbound Call,3,233.89,701.67,2024-09
502874,2025-07-11,East,Outdoor Shades,Rep B,Website,1,257.89,257.89,2025-07
502875,2025-05-12,Midwest,Window Treatments,Rep B,Inbound Call,5,838.55,4192.75,2025-05
502876,2025-08-25,East,Window Treatments,Rep B,Referral,1,661.86,661.86,2025-08
502877,2024-05-29,West,Outdoor Shades,Rep C,Canvassing,4,202.51,810.04,2024-05
502878,2024-05-09,Midwest,Window Treatments,Rep C,Website,5,822.99,4114.95,2024-05
502879,2024-06-10,West,Smart Blinds,Rep E,Inbound Call,1,264.86,264.86,2024-06
502880,2025-12-05,Midwest,Smart Blinds,Rep C,Inbound Call,4,1087.09,4348.36,2025-12
502881,2024-08-25,West,Outdoor Shades,Rep B,Canvassing,5,974.17,4870.85,2024-08
502882,2024-03-25,South,Outdoor Shades,Rep A,Referral,4,1005.12,4020.48,2024-03
502883,2024-10-30,East,Window Treatments,Rep E,Website,3,920.08,2760.24,2024-10
502884,2025-06-25,East,Smart Blinds,Rep E,Referral,3,1079.28,3237.84,2025-06
502885,2025-02-01,Midwest,Outdoor Shades,Rep D,Referral,1,476.69,476.69,2025-02
502886,2025-08-17,Midwest,Outdoor Shades,Rep D,Canvassing,4,602.91,2411.64,2025-08
502887,2024-05-30,South,Window Treatments,Rep C,Inbound Call,2,613.16,1226.32,2024-05
502888,2025-12-23,Midwest,Window Treatments,Rep B,Website,3,923.96,2771.88,2025-12
502889,2025-11-06,East,Smart Blinds,Rep E,Website,5,944.36,4721.8,2025-11
502890,2024-05-31,West,Window Treatments,Rep E,Referral,4,702.94,2811.76,2024-05
502891,2024-02-25,Midwest,Outdoor Shades,Rep C,Partner,5,1001.48,5007.4,2024-02
502892,2025-09-02,East,Outdoor Shades,Rep C,Website,5,696.22,3481.1,2025-09
502893,2024-03-11,West,Outdoor Shades,Rep D,Canvassing,4,745.16,2980.64,2024-03
502894,2024-12-25,West,Window Treatments,Rep D,Partner,5,951.32,4756.6,2024-12
502895,2025-02-11,West,Smart Blinds,Rep D,Partner,4,360.41,1441.64,2025-02
502896,2024-08-23,Midwest,Outdoor Shades,Rep B,Partner,4,885.7,3542.8,2024-08
502897,2024-07-15,West,Smart Blinds,Rep B,Canvassing,5,1055.24,5276.2,2024-07
502898,2025-06-15,West,Window Treatments,Rep D,Inbound Call,3,799.51,2398.53,2025-06
502899,2024-02-05,East,Outdoor Shades,Rep D,Website,4,377.74,1510.96,2024-02
502900,2024-08-12,South,Window Treatments,Rep C,Referral,3,911.6,2734.8,2024-08
502901,2024-08-08,Midwest,Accessories,Rep A,Website,5,964.7,4823.5,2024-08
502902,2025-07-04,South,Outdoor Shades,Rep A,Inbound Call,1,483.45,483.45,2025-07
502903,2024-10-01,East,Outdoor Shades,Rep D,Canvassing,3,841.41,2524.23,2024-10
502904,2025-12-24,West,Window Treatments,Rep C,Website,2,255.31,510.62,2025-12
502905,2024-04-10,East,Accessories,Rep A,Canvassing,2,1024.77,2049.54,2024-04
502906,2024-02-25,South,Smart Blinds,Rep B,Canvassing,4,1043.75,4175.0,2024-02
502907,2024-08-11,Midwest,Outdoor Shades,Rep E,Partner,1,1032.83,1032.83,2024-08
502908,2025-01-14,South,Window Treatments,Rep A,Website,3,1088.98,3266.94,2025-01
502909,2025-06-04,West,Accessories,Rep E,Referral,3,226.12,678.36,2025-06
502910,2025-07-24,East,Window Treatments,Rep D,Website,3,872.49,2617.47,2025-07
502911,2024-10-31,East,Window Treatments,Rep A,Website,3,279.91,839.73,2024-10
502912,2024-02-05,East,Accessories,Rep C,Referral,3,813.58,2440.74,2024-02
502913,2025-09-16,West,Accessories,Rep D,Canvassing,2,153.95,307.9,2025-09
502914,2025-12-26,East,Smart Blinds,Rep B,Canvassing,3,710.05,2130.15,2025-12
502915,2024-09-23,West,Outdoor Shades,Rep C,Partner,1,712.98,712.98,2024-09
502916,2024-11-21,West,Window Treatments,Rep E,Referral,1,865.68,865.68,2024-11
502917,2024-10-05,West,Outdoor Shades,Rep B,Website,2,782.81,1565.62,2024-10
502918,2024-04-15,South,Smart Blinds,Rep A,Canvassing,4,469.02,1876.08,2024-04
502919,2024-10-20,Midwest,Window Treatments,Rep B,Inbound Call,3,406.11,1218.33,2024-10
502920,2025-02-03,Midwest,Outdoor Shades,Rep D,Partner,4,152.68,610.72,2025-02
502921,2025-10-14,East,Window Treatments,Rep E,Canvassing,1,646.34,646.34,2025-10
502922,2025-10-31,Midwest,Window Treatments,Rep D,Partner,4,158.82,635.28,2025-10
502923,2025-01-01,West,Outdoor Shades,Rep B,Partner,1,766.66,766.66,2025-01
502924,2024-10-16,South,Smart Blinds,Rep D,Inbound Call,5,943.03,4715.15,2024-10
502925,2025-08-31,South,Window Treatments,Rep B,Website,4,983.2,3932.8,2025-08
502926,2025-02-14,Midwest,Smart Blinds,Rep E,Canvassing,5,781.57,3907.85,2025-02
502927,2025-05-09,Midwest,Accessories,Rep B,Inbound Call,5,979.03,4895.15,2025-05
502928,2024-02-12,East,Window Treatments,Rep D,Website,1,393.58,393.58,2024-02
502929,2025-02-18,South,Window Treatments,Rep D,Inbound Call,1,666.38,666.38,2025-02
502930,2025-02-22,West,Window Treatments,Rep D,Website,3,649.55,1948.65,2025-02
502931,2024-12-02,West,Smart Blinds,Rep C,Inbound Call,5,319.15,1595.75,2024-12
502932,2025-12-17,South,Outdoor Shades,Rep A,Canvassing,2,763.1,1526.2,2025-12
502933,2025-11-26,East,Window Treatments,Rep A,Partner,2,212.87,425.74,2025-11
502934,2025-07-31,South,Smart Blinds,Rep D,Canvassing,5,135.62,678.1,2025-07
502935,2025-06-06,South,Window Treatments,Rep D,Referral,3,1076.81,3230.43,2025-06
502936,2025-05-24,South,Accessories,Rep A,Partner,3,805.98,2417.94,2025-05
502937,2024-11-13,South,Accessories,Rep D,Partner,3,258.16,774.48,2024-11
502938,2025-01-27,Midwest,Smart Blinds,Rep A,Inbound Call,2,297.16,594.32,2025-01
502939,2024-06-29,South,Outdoor Shades,Rep B,Website,5,275.32,1376.6,2024-06
502940,2024-09-30,South,Smart Blinds,Rep D,Website,2,1087.49,2174.98,2024-09
502941,2025-10-03,Midwest,Window Treatments,Rep E,Website,1,649.95,649.95,2025-10
502942,2025-11-05,East,Outdoor Shades,Rep B,Referral,2,1068.79,2137.58,2025-11
502943,2025-04-09,South,Outdoor Shades,Rep A,Website,1,188.43,188.43,2025-04
502944,2024-02-06,South,Outdoor Shades,Rep C,Referral,4,679.55,2718.2,2024-02
502945,2025-02-05,East,Window Treatments,Rep B,Inbound Call,3,415.04,1245.12,2025-02
502946,2025-06-26,East,Window Treatments,Rep B,Partner,1,525.16,525.16,2025-06
502947,2024-12-19,East,Accessories,Rep C,Partner,5,162.68,813.4,2024-12
502948,2024-11-28,South,Accessories,Rep B,Inbound Call,1,983.7,983.7,2024-11
502949,2025-02-09,East,Window Treatments,Rep C,Partner,3,506.49,1519.47,2025-02
502950,2025-08-12,East,Accessories,Rep A,Canvassing,5,480.82,2404.1,2025-08
502951,2025-12-31,West,Window Treatments,Rep C,Inbound Call,5,474.41,2372.05,2025-12
502952,2025-07-18,East,Smart Blinds,Rep D,Website,1,224.18,224.18,2025-07
502953,2024-02-04,South,Smart Blinds,Rep C,Canvassing,1,374.89,374.89,2024-02
502954,2024-08-05,Midwest,Accessories,Rep B,Canvassing,1,782.58,782.58,2024-08
502955,2025-10-17,South,Smart Blinds,Rep E,Canvassing,5,274.08,1370.4,2025-10
502956,2025-07-24,South,Window Treatments,Rep A,Inbound Call,5,312.63,1563.15,2025-07
502957,2024-10-08,East,Outdoor Shades,Rep C,Website,4,326.73,1306.92,2024-10
502958,2025-06-28,West,Accessories,Rep A,Canvassing,4,644.18,2576.72,2025-06
502959,2024-12-12,South,Smart Blinds,Rep A,Referral,3,694.26,2082.78,2024-12
502960,2024-02-06,Midwest,Window Treatments,Rep E,Inbound Call,4,555.14,2220.56,2024-02
502961,2024-10-08,East,Outdoor Shades,Rep A,Partner,1,1028.28,1028.28,2024-10
502962,2025-11-05,South,Window Treatments,Rep C,Inbound Call,4,440.58,1762.32,2025-11
502963,2024-04-11,Midwest,Window Treatments,Rep B,Referral,5,444.33,2221.65,2024-04
502964,2025-01-30,Midwest,Window Treatments,Rep B,Inbound Call,1,576.68,576.68,2025-01
502965,2024-08-20,East,Accessories,Rep C,Partner,1,849.92,849.92,2024-08
502966,2024-10-19,East,Window Treatments,Rep A,Website,1,784.92,784.92,2024-10
502967,2025-05-07,West,Smart Blinds,Rep E,Canvassing,2,978.97,1957.94,2025-05
502968,2025-12-04,South,Window Treatments,Rep C,Canvassing,1,805.97,805.97,2025-12
502969,2024-07-23,West,Window Treatments,Rep A,Partner,4,422.31,1689.24,2024-07
502970,2025-07-07,East,Window Treatments,Rep D,Inbound Call,2,731.36,1462.72,2025-07
502971,2025-10-21,West,Smart Blinds,Rep C,Inbound Call,1,695.1,695.1,2025-10
502972,2024-11-09,East,Window Treatments,Rep D,Website,5,162.61,813.05,2024-11
502973,2025-01-30,Midwest,Window Treatments,Rep D,Canvassing,2,791.38,1582.76,2025-01
502974,2025-10-06,Midwest,Accessories,Rep A,Website,5,444.97,2224.85,2025-10
502975,2024-02-29,Midwest,Outdoor Shades,Rep D,Website,2,404.25,808.5,2024-02
502976,2025-07-11,South,Window Treatments,Rep B,Inbound Call,4,527.3,2109.2,2025-07
502977,2025-06-02,South,Smart Blinds,Rep A,Website,1,344.9,344.9,2025-06
502978,2024-05-15,East,Smart Blinds,Rep D,Website,2,394.61,789.22,2024-05
502979,2024-12-17,West,Outdoor Shades,Rep B,Website,2,151.94,303.88,2024-12
502980,2025-09-22,West,Window Treatments,Rep A,Partner,5,841.19,4205.95,2025-09
502981,2025-05-13,Midwest,Outdoor Shades,Rep A,Website,4,934.24,3736.96,2025-05
502982,2025-03-24,South,Outdoor Shades,Rep D,Canvassing,2,521.38,1042.76,2025-03
502983,2024-11-20,East,Smart Blinds,Rep B,Inbound Call,4,202.61,810.44,2024-11
502984,2024-08-20,South,Accessories,Rep B,Referral,5,383.1,1915.5,2024-08
502985,2024-06-25,Midwest,Window Treatments,Rep B,Partner,4,1009.35,4037.4,2024-06
502986,2025-08-29,East,Window Treatments,Rep A,Referral,4,806.73,3226.92,2025-08
502987,2024-10-07,West,Smart Blinds,Rep A,Partner,5,1027.72,5138.6,2024-10
502988,2024-07-18,South,Window Treatments,Rep B,Inbound Call,1,1043.99,1043.99,2024-07
502989,2024-09-29,Midwest,Window Treatments,Rep B,Partner,2,557.3,1114.6,2024-09
502990,2024-01-10,South,Window Treatments,Rep E,Website,3,643.82,1931.46,2024-01
502991,2024-08-23,West,Smart Blinds,Rep B,Referral,4,688.13,2752.52,2024-08
502992,2025-11-09,Midwest,Window Treatments,Rep E,Inbound Call,5,341.17,1705.85,2025-11
502993,2025-04-12,West,Window Treatments,Rep A,Referral,5,1027.09,5135.45,2025-04
502994,2025-08-15,East,Smart Blinds,Rep D,Canvassing,3,937.87,2813.61,2025-08
502995,2025-01-26,Midwest,Window Treatments,Rep B,Inbound Call,2,407.87,815.74,2025-01
502996,2025-07-09,South,Outdoor Shades,Rep E,Inbound Call,2,888.21,1776.42,2025-07
502997,2024-04-19,Midwest,Window Treatments,Rep E,Website,5,796.46,3982.3,2024-04
502998,2024-01-21,East,Accessories,Rep B,Partner,5,749.47,3747.35,2024-01
502999,2024-04-02,South,Outdoor Shades,Rep D,Partner,2,230.5,461.0,2024-04
503000,2024-07-06,West,Accessories,Rep B,Canvassing,1,414.96,414.96,2024-07
503001,2024-09-29,South,Outdoor Shades,Rep D,Inbound Call,2,690.79,1381.58,2024-09
503002,2025-02-23,West,Outdoor Shades,Rep A,Website,3,258.37,775.11,2025-02
503003,2025-07-18,South,Window Treatments,Rep A,Website,5,823.97,4119.85,2025-07
503004,2024-07-26,South,Outdoor Shades,Rep C,Website,5,277.53,1387.65,2024-07
503005,2024-11-27,East,Window Treatments,Rep A,Partner,1,335.87,335.87,2024-11
503006,2024-12-30,West,Outdoor Shades,Rep D,Canvassing,1,310.86,310.86,2024-12
503007,2025-09-21,West,Window Treatments,Rep D,Inbound Call,5,409.31,2046.55,2025-09
503008,2025-03-13,South,Window Treatments,Rep D,Partner,1,674.97,674.97,2025-03
503009,2024-11-18,South,Smart Blinds,Rep E,Canvassing,2,210.07,420.14,2024-11
503010,2025-08-29,East,Window Treatments,Rep E,Canvassing,1,635.47,635.47,2025-08
503011,2025-12-09,South,Outdoor Shades,Rep A,Referral,2,462.0,924.0,2025-12
503012,2024-12-09,West,Window Treatments,Rep D,Website,3,1021.47,3064.41,2024-12
503013,2025-11-09,West,Outdoor Shades,Rep C,Inbound Call,4,1046.93,4187.72,2025-11
503014,2024-11-04,Midwest,Window Treatments,Rep D,Partner,2,733.25,1466.5,2024-11
503015,2025-11-28,East,Window Treatments,Rep A,Partner,1,734.33,734.33,2025-11
503016,2024-08-07,West,Smart Blinds,Rep D,Inbound Call,4,287.63,1150.52,2024-08
503017,2024-06-23,Midwest,Window Treatments,Rep E,Canvassing,2,456.98,913.96,2024-06
503018,2025-03-12,South,Outdoor Shades,Rep B,Inbound Call,5,174.33,871.65,2025-03
503019,2025-12-05,West,Smart Blinds,Rep C,Inbound Call,1,558.65,558.65,2025-12
503020,2025-04-03,West,Outdoor Shades,Rep A,Referral,1,866.98,866.98,2025-04
503021,2025-07-28,West,Window Treatments,Rep A,Referral,4,933.37,3733.48,2025-07
503022,2024-06-30,Midwest,Smart Blinds,Rep B,Canvassing,2,120.1,240.2,2024-06
503023,2025-01-08,East,Window Treatments,Rep C,Inbound Call,3,807.33,2421.99,2025-01
503024,2025-03-05,Midwest,Window Treatments,Rep B,Referral,1,173.04,173.04,2025-03
503025,2024-11-18,East,Outdoor Shades,Rep C,Partner,3,293.74,881.22,2024-11
503026,2025-06-14,West,Smart Blinds,Rep C,Canvassing,5,639.82,3199.1,2025-06
503027,2025-07-02,West,Outdoor Shades,Rep E,Referral,2,879.31,1758.62,2025-07
503028,2025-07-24,Midwest,Window Treatments,Rep D,Canvassing,4,967.71,3870.84,2025-07
503029,2024-02-12,East,Accessories,Rep A,Canvassing,1,415.92,415.92,2024-02
503030,2024-07-17,Midwest,Smart Blinds,Rep E,Website,2,606.56,1213.12,2024-07
503031,2025-10-26,East,Window Treatments,Rep A,Inbound Call,3,874.36,2623.08,2025-10
503032,2025-05-24,East,Window Treatments,Rep C,Canvassing,4,414.93,1659.72,2025-05
503033,2025-03-17,East,Window Treatments,Rep B,Referral,5,918.09,4590.45,2025-03
503034,2025-01-05,Midwest,Smart Blinds,Rep C,Canvassing,4,688.15,2752.6,2025-01
503035,2024-05-06,East,Outdoor Shades,Rep B,Partner,4,154.91,619.64,2024-05
503036,2025-05-15,East,Accessories,Rep D,Inbound Call,5,260.46,1302.3,2025-05
503037,2025-10-20,South,Window Treatments,Rep A,Canvassing,4,272.89,1091.56,2025-10
503038,2024-01-12,South,Window Treatments,Rep B,Partner,3,154.07,462.21,2024-01
503039,2025-07-31,East,Window Treatments,Rep B,Referral,1,234.37,234.37,2025-07
503040,2024-06-16,Midwest,Smart Blinds,Rep A,Partner,2,202.27,404.54,2024-06
503041,2025-12-31,East,Outdoor Shades,Rep B,Referral,4,936.47,3745.88,2025-12
503042,2025-08-21,Midwest,Smart Blinds,Rep B,Canvassing,1,633.66,633.66,2025-08
503043,2025-09-06,Midwest,Window Treatments,Rep C,Partner,2,242.27,484.54,2025-09
503044,2024-08-28,East,Outdoor Shades,Rep C,Canvassing,1,413.84,413.84,2024-08
503045,2025-06-15,South,Window Treatments,Rep D,Inbound Call,4,610.75,2443.0,2025-06
503046,2025-11-12,East,Outdoor Shades,Rep D,Referral,3,372.36,1117.08,2025-11
503047,2024-01-25,East,Smart Blinds,Rep A,Partner,5,172.81,864.05,2024-01
503048,2024-06-07,South,Window Treatments,Rep D,Website,4,1097.82,4391.28,2024-06
503049,2025-09-03,East,Smart Blinds,Rep B,Partner,4,754.41,3017.64,2025-09
503050,2025-12-24,East,Outdoor Shades,Rep E,Referral,4,699.37,2797.48,2025-12
503051,2025-01-07,South,Outdoor Shades,Rep D,Inbound Call,5,361.3,1806.5,2025-01
503052,2024-02-06,East,Smart Blinds,Rep C,Website,1,880.54,880.54,2024-02
503053,2024-03-23,West,Smart Blinds,Rep B,Canvassing,2,1085.17,2170.34,2024-03
503054,2024-08-25,Midwest,Outdoor Shades,Rep B,Partner,3,1084.19,3252.57,2024-08
503055,2024-06-19,South,Window Treatments,Rep C,Inbound Call,5,373.81,1869.05,2024-06
503056,2025-03-30,Midwest,Outdoor Shades,Rep B,Inbound Call,3,356.92,1070.76,2025-03
503057,2025-12-10,East,Smart Blinds,Rep B,Canvassing,5,863.33,4316.65,2025-12
503058,2024-11-15,East,Accessories,Rep A,Canvassing,2,325.55,651.1,2024-11
503059,2024-09-14,East,Accessories,Rep C,Referral,3,660.06,1980.18,2024-09
503060,2024-07-14,South,Smart Blinds,Rep D,Partner,1,855.68,855.68,2024-07
503061,2024-01-13,South,Window Treatments,Rep D,Website,5,989.89,4949.45,2024-01
503062,2025-12-09,Midwest,Accessories,Rep E,Referral,5,223.91,1119.55,2025-12
503063,2024-02-06,West,Window Treatments,Rep C,Referral,1,163.83,163.83,2024-02
503064,2025-02-04,West,Smart Blinds,Rep A,Inbound Call,4,601.54,2406.16,2025-02
503065,2024-05-28,West,Smart Blinds,Rep C,Referral,1,1011.14,1011.14,2024-05
503066,2025-03-17,East,Accessories,Rep C,Inbound Call,2,565.11,1130.22,2025-03
503067,2025-02-18,Midwest,Outdoor Shades,Rep C,Website,3,928.9,2786.7,2025-02
503068,2024-05-08,South,Smart Blinds,Rep A,Canvassing,2,796.35,1592.7,2024-05
503069,2025-03-21,East,Smart Blinds,Rep C,Referral,4,291.35,1165.4,2025-03
503070,2025-07-11,East,Window Treatments,Rep E,Canvassing,1,746.9,746.9,2025-07
503071,2025-10-01,Midwest,Window Treatments,Rep E,Inbound Call,1,227.26,227.26,2025-10
503072,2025-08-10,East,Smart Blinds,Rep E,Partner,5,408.12,2040.6,2025-08
503073,2024-08-14,West,Window Treatments,Rep D,Inbound Call,5,538.24,2691.2,2024-08
503074,2025-03-04,South,Window Treatments,Rep E,Inbound Call,3,464.98,1394.94,2025-03
503075,2024-02-07,South,Accessories,Rep C,Referral,1,645.5,645.5,2024-02
503076,2025-12-29,Midwest,Window Treatments,Rep B,Inbound Call,2,243.58,487.16,2025-12
503077,2025-01-05,East,Window Treatments,Rep E,Website,4,920.86,3683.44,2025-01
503078,2024-10-22,South,Smart Blinds,Rep B,Canvassing,5,399.56,1997.8,2024-10
503079,2024-11-30,Midwest,Window Treatments,Rep C,Inbound Call,3,868.92,2606.76,2024-11
503080,2024-10-20,South,Accessories,Rep E,Website,4,894.91,3579.64,2024-10
503081,2025-05-27,West,Window Treatments,Rep C,Website,1,239.08,239.08,2025-05
503082,2025-09-24,South,Window Treatments,Rep C,Canvassing,5,699.47,3497.35,2025-09
503083,2025-10-13,West,Window Treatments,Rep A,Canvassing,2,613.43,1226.86,2025-10
503084,2024-01-03,West,Accessories,Rep E,Canvassing,1,682.33,682.33,2024-01
503085,2024-02-22,East,Accessories,Rep E,Inbound Call,1,553.87,553.87,2024-02
503086,2025-12-11,East,Outdoor Shades,Rep C,Website,5,879.66,4398.3,2025-12
503087,2024-07-06,South,Window Treatments,Rep A,Inbound Call,1,298.79,298.79,2024-07
503088,2024-02-01,South,Smart Blinds,Rep D,Canvassing,3,519.77,1559.31,2024-02
503089,2025-05-05,East,Window Treatments,Rep E,Inbound Call,1,733.74,733.74,2025-05
503090,2024-08-28,Midwest,Accessories,Rep C,Canvassing,5,398.98,1994.9,2024-08
503091,2025-02-03,West,Outdoor Shades,Rep C,Website,5,793.92,3969.6,2025-02
503092,2024-12-24,South,Smart Blinds,Rep B,Partner,4,165.71,662.84,2024-12
503093,2025-11-10,Midwest,Window Treatments,Rep C,Canvassing,2,794.71,1589.42,2025-11
503094,2025-09-30,East,Smart Blinds,Rep D,Website,1,240.12,240.12,2025-09
503095,2024-05-17,Midwest,Window Treatments,Rep D,Canvassing,5,1029.87,5149.35,2024-05
503096,2024-03-24,East,Window Treatments,Rep C,Inbound Call,2,515.72,1031.44,2024-03
503097,2024-02-06,Midwest,Outdoor Shades,Rep E,Inbound Call,2,500.19,1000.38,2024-02
503098,2025-02-24,West,Window Treatments,Rep E,Referral,2,394.76,789.52,2025-02
503099,2025-07-04,South,Window Treatments,Rep A,Canvassing,3,284.76,854.28,2025-07
503100,2025-04-22,East,Smart Blinds,Rep B,Partner,3,166.06,498.18,2025-04
503101,2024-02-25,Midwest,Accessories,Rep D,Inbound Call,3,130.39,391.17,2024-02
503102,2024-05-08,East,Window Treatments,Rep A,Website,1,493.71,493.71,2024-05
503103,2024-01-10,Midwest,Outdoor Shades,Rep C,Partner,1,706.95,706.95,2024-01
503104,2024-06-27,Midwest,Outdoor Shades,Rep E,Inbound Call,1,465.33,465.33,2024-06
503105,2025-09-09,Midwest,Outdoor Shades,Rep C,Partner,3,734.45,2203.35,2025-09
503106,2024-02-18,West,Accessories,Rep E,Partner,3,438.34,1315.02,2024-02
503107,2025-07-16,Midwest,Smart Blinds,Rep B,Website,5,410.61,2053.05,2025-07
503108,2024-05-31,East,Accessories,Rep D,Partner,4,849.54,3398.16,2024-05
503109,2025-10-26,East,Outdoor Shades,Rep B,Inbound Call,3,858.76,2576.28,2025-10
503110,2024-03-05,West,Accessories,Rep B,Referral,1,514.44,514.44,2024-03
503111,2025-03-15,South,Smart Blinds,Rep E,Canvassing,4,636.04,2544.16,2025-03
503112,2024-03-07,West,Outdoor Shades,Rep C,Partner,2,815.09,1630.18,2024-03
503113,2025-07-08,South,Window Treatments,Rep D,Referral,1,807.81,807.81,2025-07
503114,2025-10-01,South,Window Treatments,Rep C,Partner,4,518.72,2074.88,2025-10
503115,2024-01-23,East,Smart Blinds,Rep A,Partner,4,551.73,2206.92,2024-01
503116,2025-06-07,Midwest,Window Treatments,Rep C,Canvassing,5,718.76,3593.8,2025-06
503117,2024-02-27,East,Smart Blinds,Rep C,Inbound Call,3,574.22,1722.66,2024-02
503118,2024-12-26,East,Window Treatments,Rep C,Inbound Call,5,228.12,1140.6,2024-12
503119,2024-06-19,South,Accessories,Rep A,Referral,3,278.16,834.48,2024-06
503120,2025-11-18,West,Window Treatments,Rep D,Partner,1,1098.8,1098.8,2025-11
503121,2024-03-14,South,Accessories,Rep B,Referral,3,1065.09,3195.27,2024-03
503122,2024-10-25,South,Smart Blinds,Rep D,Canvassing,5,343.23,1716.15,2024-10
503123,2025-08-26,East,Accessories,Rep A,Website,1,795.39,795.39,2025-08
503124,2025-06-28,South,Accessories,Rep C,Inbound Call,4,403.75,1615.0,2025-06
503125,2025-07-30,West,Smart Blinds,Rep E,Partner,3,407.36,1222.08,2025-07
503126,2024-07-30,East,Outdoor Shades,Rep C,Website,4,810.31,3241.24,2024-07
503127,2024-05-01,East,Window Treatments,Rep C,Referral,1,189.6,189.6,2024-05
503128,2024-03-24,East,Window Treatments,Rep C,Website,2,639.17,1278.34,2024-03
503129,2025-06-02,Midwest,Outdoor Shades,Rep E,Referral,1,138.69,138.69,2025-06
503130,2024-03-23,East,Smart Blinds,Rep B,Partner,3,618.42,1855.26,2024-03
503131,2025-10-19,Midwest,Outdoor Shades,Rep A,Partner,3,431.81,1295.43,2025-10
503132,2025-02-23,East,Smart Blinds,Rep C,Website,5,975.06,4875.3,2025-02
503133,2025-05-02,West,Smart Blinds,Rep A,Canvassing,3,827.21,2481.63,2025-05
503134,2025-12-16,Midwest,Window Treatments,Rep B,Referral,2,508.44,1016.88,2025-12
503135,2025-11-27,South,Window Treatments,Rep D,Canvassing,1,335.62,335.62,2025-11
503136,2024-03-01,Midwest,Outdoor Shades,Rep A,Inbound Call,3,511.04,1533.12,2024-03
503137,2025-11-05,Midwest,Outdoor Shades,Rep E,Canvassing,3,139.52,418.56,2025-11
503138,2025-12-04,West,Window Treatments,Rep B,Partner,4,975.13,3900.52,2025-12
503139,2025-05-13,Midwest,Accessories,Rep A,Referral,2,763.22,1526.44,2025-05
503140,2025-06-21,South,Window Treatments,Rep D,Referral,2,230.75,461.5,2025-06
503141,2024-08-31,Midwest,Outdoor Shades,Rep A,Partner,1,379.73,379.73,2024-08
503142,2024-08-26,East,Accessories,Rep E,Partner,1,1078.66,1078.66,2024-08
503143,2025-11-06,West,Window Treatments,Rep C,Website,1,870.19,870.19,2025-11
503144,2025-07-31,South,Smart Blinds,Rep B,Referral,1,791.59,791.59,2025-07
503145,2024-05-19,South,Window Treatments,Rep B,Referral,2,139.56,279.12,2024-05
503146,2024-07-30,Midwest,Window Treatments,Rep B,Inbound Call,1,652.4,652.4,2024-07
503147,2025-06-17,West,Window Treatments,Rep C,Canvassing,4,629.9,2519.6,2025-06
503148,2025-04-16,West,Window Treatments,Rep D,Inbound Call,5,191.31,956.55,2025-04
503149,2024-02-17,Midwest,Window Treatments,Rep A,Canvassing,1,660.73,660.73,2024-02
503150,2024-03-08,South,Outdoor Shades,Rep C,Website,5,543.35,2716.75,2024-03
503151,2024-07-04,West,Window Treatments,Rep A,Inbound Call,1,767.26,767.26,2024-07
503152,2025-07-13,Midwest,Smart Blinds,Rep B,Partner,1,561.17,561.17,2025-07
503153,2024-06-30,South,Window Treatments,Rep B,Website,3,953.04,2859.12,2024-06
503154,2025-01-26,Midwest,Smart Blinds,Rep D,Website,3,970.51,2911.53,2025-01
503155,2024-08-02,West,Window Treatments,Rep C,Partner,2,720.66,1441.32,2024-08
503156,2025-08-21,East,Outdoor Shades,Rep C,Inbound Call,2,566.26,1132.52,2025-08
503157,2025-04-26,West,Outdoor Shades,Rep A,Referral,5,671.61,3358.05,2025-04
503158,2024-02-08,Midwest,Outdoor Shades,Rep A,Website,3,196.45,589.35,2024-02
503159,2024-02-12,South,Outdoor Shades,Rep A,Inbound Call,3,814.26,2442.78,2024-02
503160,2024-01-06,West,Window Treatments,Rep D,Inbound Call,2,1054.4,2108.8,2024-01
503161,2025-05-16,South,Window Treatments,Rep C,Inbound Call,5,586.83,2934.15,2025-05
503162,2025-10-25,West,Outdoor Shades,Rep D,Inbound Call,2,292.84,585.68,2025-10
503163,2025-10-15,South,Window Treatments,Rep A,Referral,1,752.62,752.62,2025-10
503164,2025-06-20,South,Smart Blinds,Rep B,Referral,4,893.53,3574.12,2025-06
503165,2025-03-25,West,Outdoor Shades,Rep C,Referral,2,805.21,1610.42,2025-03
503166,2025-07-22,South,Outdoor Shades,Rep B,Inbound Call,4,723.21,2892.84,2025-07
503167,2025-02-24,East,Outdoor Shades,Rep E,Partner,5,531.62,2658.1,2025-02
503168,2025-12-08,West,Window Treatments,Rep D,Inbound Call,1,926.95,926.95,2025-12
503169,2025-06-03,West,Accessories,Rep B,Referral,2,920.71,1841.42,2025-06
503170,2025-03-28,West,Smart Blinds,Rep A,Inbound Call,3,686.27,2058.81,2025-03
503171,2025-05-19,West,Outdoor Shades,Rep E,Referral,1,337.02,337.02,2025-05
503172,2025-10-08,East,Smart Blinds,Rep C,Referral,2,781.3,1562.6,2025-10
503173,2025-02-05,West,Window Treatments,Rep A,Partner,5,151.53,757.65,2025-02
503174,2025-03-16,South,Outdoor Shades,Rep C,Website,3,450.17,1350.51,2025-03
503175,2024-08-15,Midwest,Smart Blinds,Rep C,Partner,3,381.92,1145.76,2024-08
503176,2024-09-14,Midwest,Window Treatments,Rep A,Website,4,420.58,1682.32,2024-09
503177,2024-08-08,West,Window Treatments,Rep E,Canvassing,3,351.4,1054.2,2024-08
503178,2024-01-24,South,Window Treatments,Rep D,Canvassing,3,904.25,2712.75,2024-01
503179,2025-06-21,East,Window Treatments,Rep D,Referral,2,408.07,816.14,2025-06
503180,2024-06-18,Midwest,Accessories,Rep D,Referral,3,1038.25,3114.75,2024-06
503181,2024-05-18,South,Window Treatments,Rep B,Partner,5,916.3,4581.5,2024-05
503182,2024-01-17,West,Window Treatments,Rep C,Website,1,905.07,905.07,2024-01
503183,2025-07-10,South,Accessories,Rep C,Partner,5,1082.08,5410.4,2025-07
503184,2025-11-08,Midwest,Outdoor Shades,Rep E,Inbound Call,5,199.8,999.0,2025-11
503185,2025-12-25,Midwest,Accessories,Rep E,Inbound Call,3,693.15,2079.45,2025-12
503186,2024-08-10,West,Accessories,Rep A,Inbound Call,5,672.51,3362.55,2024-08
503187,2024-11-24,West,Window Treatments,Rep A,Canvassing,4,706.52,2826.08,2024-11
503188,2025-12-08,South,Window Treatments,Rep B,Partner,5,506.18,2530.9,2025-12
503189,2024-06-27,West,Accessories,Rep E,Partner,2,351.91,703.82,2024-06
503190,2025-04-26,Midwest,Outdoor Shades,Rep D,Partner,2,899.38,1798.76,2025-04
503191,2024-06-29,East,Accessories,Rep A,Inbound Call,4,998.89,3995.56,2024-06
503192,2024-08-23,Midwest,Window Treatments,Rep E,Inbound Call,3,428.14,1284.42,2024-08
503193,2024-03-07,East,Smart Blinds,Rep D,Canvassing,3,425.86,1277.58,2024-03
503194,2025-11-03,Midwest,Window Treatments,Rep A,Partner,5,462.6,2313.0,2025-11
503195,2025-05-04,Midwest,Window Treatments,Rep A,Referral,1,629.19,629.19,2025-05
503196,2024-03-26,South,Smart Blinds,Rep B,Referral,2,619.91,1239.82,2024-03
503197,2024-01-30,Midwest,Accessories,Rep C,Inbound Call,2,843.07,1686.14,2024-01
503198,2024-03-07,East,Accessories,Rep C,Inbound Call,1,552.23,552.23,2024-03
503199,2024-05-04,East,Window Treatments,Rep B,Canvassing,5,975.06,4875.3,2024-05
503200,2025-09-13,West,Outdoor Shades,Rep C,Website,4,1048.97,4195.88,2025-09
503201,2024-02-04,West,Smart Blinds,Rep B,Referral,5,199.73,998.65,2024-02
503202,2025-11-29,East,Window Treatments,Rep E,Canvassing,2,1025.6,2051.2,2025-11
503203,2024-03-17,Midwest,Window Treatments,Rep D,Referral,1,306.5,306.5,2024-03
503204,2025-06-20,West,Accessories,Rep D,Website,5,164.21,821.05,2025-06
503205,2024-12-18,West,Window Treatments,Rep E,Inbound Call,2,283.65,567.3,2024-12
503206,2025-06-14,West,Window Treatments,Rep A,Referral,4,1085.92,4343.68,2025-06
503207,2025-01-11,East,Smart Blinds,Rep A,Website,1,191.89,191.89,2025-01
503208,2025-12-30,Midwest,Smart Blinds,Rep E,Website,4,245.83,983.32,2025-12
503209,2025-05-21,Midwest,Accessories,Rep E,Inbound Call,5,210.5,1052.5,2025-05
503210,2025-11-22,South,Outdoor Shades,Rep B,Referral,2,249.58,499.16,2025-11
503211,2024-12-13,West,Window Treatments,Rep A,Inbound Call,2,493.35,986.7,2024-12
503212,2025-11-25,West,Outdoor Shades,Rep D,Inbound Call,2,692.9,1385.8,2025-11
503213,2025-09-02,West,Outdoor Shades,Rep C,Canvassing,4,1013.01,4052.04,2025-09
503214,2025-08-28,East,Window Treatments,Rep D,Partner,2,340.33,680.66,2025-08
503215,2024-02-24,Midwest,Outdoor Shades,Rep A,Inbound Call,3,401.13,1203.39,2024-02
503216,2025-09-30,East,Window Treatments,Rep B,Website,2,459.24,918.48,2025-09
503217,2024-09-11,South,Window Treatments,Rep A,Canvassing,3,904.75,2714.25,2024-09
503218,2025-05-23,East,Outdoor Shades,Rep C,Inbound Call,5,174.15,870.75,2025-05
503219,2024-06-11,Midwest,Smart Blinds,Rep D,Referral,4,317.05,1268.2,2024-06
503220,2024-12-30,East,Outdoor Shades,Rep B,Website,1,259.75,259.75,2024-12
503221,2024-04-04,West,Window Treatments,Rep D,Inbound Call,3,707.95,2123.85,2024-04
503222,2025-10-25,South,Outdoor Shades,Rep C,Canvassing,5,824.49,4122.45,2025-10
503223,2024-02-26,West,Window Treatments,Rep E,Referral,4,382.8,1531.2,2024-02
503224,2024-01-27,West,Outdoor Shades,Rep B,Partner,4,1083.59,4334.36,2024-01
503225,2025-12-31,West,Smart Blinds,Rep C,Canvassing,4,608.23,2432.92,2025-12
503226,2025-02-04,East,Outdoor Shades,Rep B,Inbound Call,2,198.8,397.6,2025-02
503227,2024-02-23,East,Window Treatments,Rep B,Inbound Call,2,881.33,1762.66,2024-02
503228,2024-05-08,West,Window Treatments,Rep E,Inbound Call,1,387.01,387.01,2024-05
503229,2024-08-08,Midwest,Outdoor Shades,Rep B,Partner,2,1004.84,2009.68,2024-08
503230,2025-10-06,West,Smart Blinds,Rep D,Canvassing,2,992.95,1985.9,2025-10
503231,2025-05-25,West,Smart Blinds,Rep C,Canvassing,4,394.43,1577.72,2025-05
503232,2024-07-19,West,Smart Blinds,Rep C,Partner,5,221.77,1108.85,2024-07
503233,2025-01-22,South,Window Treatments,Rep B,Inbound Call,2,1088.34,2176.68,2025-01
503234,2024-03-01,South,Smart Blinds,Rep E,Website,2,463.77,927.54,2024-03
503235,2024-03-19,Midwest,Window Treatments,Rep D,Inbound Call,4,949.56,3798.24,2024-03
503236,2025-12-25,South,Window Treatments,Rep B,Inbound Call,2,344.63,689.26,2025-12
503237,2024-10-10,West,Smart Blinds,Rep E,Canvassing,5,136.43,682.15,2024-10
503238,2025-09-06,East,Smart Blinds,Rep E,Referral,1,915.15,915.15,2025-09
503239,2024-01-19,South,Window Treatments,Rep A,Inbound Call,1,694.3,694.3,2024-01
503240,2024-09-23,West,Window Treatments,Rep A,Referral,2,747.76,1495.52,2024-09
503241,2025-11-17,West,Outdoor Shades,Rep B,Inbound Call,1,811.99,811.99,2025-11
503242,2025-10-05,West,Window Treatments,Rep C,Referral,3,492.83,1478.49,2025-10
503243,2025-05-07,East,Window Treatments,Rep C,Referral,1,237.35,237.35,2025-05
503244,2025-01-25,Midwest,Window Treatments,Rep C,Website,4,590.5,2362.0,2025-01
503245,2025-01-17,Midwest,Smart Blinds,Rep A,Referral,4,703.46,2813.84,2025-01
503246,2025-10-10,South,Accessories,Rep B,Partner,3,1097.96,3293.88,2025-10
503247,2025-02-12,West,Outdoor Shades,Rep C,Canvassing,1,905.56,905.56,2025-02
503248,2024-03-03,South,Smart Blinds,Rep D,Canvassing,1,218.35,218.35,2024-03
503249,2024-10-30,Midwest,Window Treatments,Rep D,Canvassing,5,412.61,2063.05,2024-10
503250,2024-04-12,East,Window Treatments,Rep B,Referral,5,691.4,3457.0,2024-04
503251,2025-05-23,Midwest,Smart Blinds,Rep D,Referral,5,662.29,3311.45,2025-05
503252,2024-08-06,South,Accessories,Rep D,Partner,5,1044.0,5220.0,2024-08
503253,2024-10-11,West,Window Treatments,Rep A,Partner,4,970.7,3882.8,2024-10
503254,2024-07-25,South,Outdoor Shades,Rep B,Referral,1,224.25,224.25,2024-07
503255,2024-03-04,East,Outdoor Shades,Rep E,Website,5,875.18,4375.9,2024-03
503256,2024-01-06,Midwest,Smart Blinds,Rep E,Partner,4,363.1,1452.4,2024-01
503257,2025-09-18,East,Window Treatments,Rep C,Inbound Call,5,347.06,1735.3,2025-09
503258,2025-10-02,Midwest,Window Treatments,Rep C,Inbound Call,5,1056.5,5282.5,2025-10
503259,2024-04-22,South,Accessories,Rep C,Inbound Call,3,748.67,2246.01,2024-04
503260,2025-07-03,Midwest,Window Treatments,Rep A,Website,1,360.59,360.59,2025-07
503261,2024-07-25,West,Window Treatments,Rep B,Inbound Call,5,399.59,1997.95,2024-07
503262,2025-12-26,West,Accessories,Rep B,Partner,5,758.96,3794.8,2025-12
503263,2025-03-12,Midwest,Window Treatments,Rep D,Inbound Call,3,546.16,1638.48,2025-03
503264,2025-10-12,South,Window Treatments,Rep C,Website,1,1087.05,1087.05,2025-10
503265,2025-03-26,Midwest,Smart Blinds,Rep D,Partner,5,403.97,2019.85,2025-03
503266,2025-05-19,East,Window Treatments,Rep C,Partner,1,1033.74,1033.74,2025-05
503267,2025-08-13,Midwest,Window Treatments,Rep D,Referral,1,577.36,577.36,2025-08
503268,2025-09-06,Midwest,Smart Blinds,Rep B,Canvassing,5,340.35,1701.75,2025-09
503269,2025-06-14,South,Smart Blinds,Rep C,Canvassing,4,684.62,2738.48,2025-06
503270,2025-01-07,West,Window Treatments,Rep C,Inbound Call,3,891.76,2675.28,2025-01
503271,2024-12-10,Midwest,Window Treatments,Rep B,Website,1,411.35,411.35,2024-12
503272,2024-09-13,South,Accessories,Rep C,Inbound Call,2,722.9,1445.8,2024-09
503273,2025-07-15,Midwest,Smart Blinds,Rep B,Inbound Call,5,750.85,3754.25,2025-07
503274,2025-04-03,Midwest,Window Treatments,Rep A,Canvassing,3,259.28,777.84,2025-04
503275,2024-08-07,South,Window Treatments,Rep C,Partner,2,305.72,611.44,2024-08
503276,2024-03-14,East,Outdoor Shades,Rep B,Referral,1,1074.33,1074.33,2024-03
503277,2024-06-10,Midwest,Smart Blinds,Rep E,Inbound Call,2,839.1,1678.2,2024-06
503278,2025-02-26,South,Outdoor Shades,Rep C,Canvassing,2,648.02,1296.04,2025-02
503279,2024-02-05,South,Accessories,Rep A,Partner,2,253.28,506.56,2024-02
503280,2024-11-14,East,Window Treatments,Rep A,Website,3,728.1,2184.3,2024-11
503281,2024-03-05,South,Accessories,Rep C,Website,3,496.9,1490.7,2024-03
503282,2024-12-06,South,Accessories,Rep C,Inbound Call,1,180.13,180.13,2024-12
503283,2025-10-06,West,Outdoor Shades,Rep C,Referral,5,323.86,1619.3,2025-10
503284,2025-12-25,East,Outdoor Shades,Rep B,Canvassing,4,1056.69,4226.76,2025-12
503285,2024-05-12,East,Smart Blinds,Rep E,Website,2,1047.28,2094.56,2024-05
503286,2025-05-13,West,Outdoor Shades,Rep A,Referral,1,256.58,256.58,2025-05
503287,2024-03-20,East,Window Treatments,Rep E,Website,1,1084.49,1084.49,2024-03
503288,2025-05-16,West,Smart Blinds,Rep B,Referral,4,136.27,545.08,2025-05
503289,2024-11-06,East,Smart Blinds,Rep C,Website,1,290.82,290.82,2024-11
503290,2025-06-19,East,Outdoor Shades,Rep E,Canvassing,5,317.54,1587.7,2025-06
503291,2025-11-20,East,Outdoor Shades,Rep A,Canvassing,1,453.9,453.9,2025-11
503292,2025-09-04,Midwest,Accessories,Rep B,Website,3,565.96,1697.88,2025-09
503293,2024-03-15,Midwest,Window Treatments,Rep E,Inbound Call,2,885.47,1770.94,2024-03
503294,2025-01-08,East,Smart Blinds,Rep E,Inbound Call,1,612.73,612.73,2025-01
503295,2025-01-01,East,Accessories,Rep C,Canvassing,2,810.6,1621.2,2025-01
503296,2025-01-04,West,Window Treatments,Rep D,Website,1,451.83,451.83,2025-01
503297,2025-07-16,West,Accessories,Rep C,Canvassing,4,1009.65,4038.6,2025-07
503298,2024-11-25,Midwest,Outdoor Shades,Rep A,Canvassing,4,985.43,3941.72,2024-11
503299,2024-02-29,South,Outdoor Shades,Rep A,Referral,1,811.79,811.79,2024-02
503300,2025-01-20,East,Outdoor Shades,Rep A,Referral,4,671.41,2685.64,2025-01
503301,2025-07-01,East,Accessories,Rep D,Website,3,364.01,1092.03,2025-07
503302,2024-01-05,East,Window Treatments,Rep C,Partner,3,757.17,2271.51,2024-01
503303,2025-08-16,South,Window Treatments,Rep B,Inbound Call,1,836.23,836.23,2025-08
503304,2024-03-19,Midwest,Accessories,Rep B,Partner,4,1077.31,4309.24,2024-03
503305,2025-11-03,South,Window Treatments,Rep A,Website,5,466.79,2333.95,2025-11
503306,2024-02-24,Midwest,Window Treatments,Rep C,Inbound Call,2,708.1,1416.2,2024-02
503307,2025-09-25,East,Smart Blinds,Rep B,Partner,3,1014.05,3042.15,2025-09
503308,2025-09-23,West,Window Treatments,Rep D,Website,1,312.81,312.81,2025-09
503309,2024-10-10,West,Outdoor Shades,Rep A,Referral,2,132.81,265.62,2024-10
503310,2024-09-26,East,Accessories,Rep A,Website,5,587.98,2939.9,2024-09
503311,2024-07-27,West,Accessories,Rep D,Referral,3,826.37,2479.11,2024-07
503312,2024-08-25,East,Smart Blinds,Rep E,Partner,5,344.14,1720.7,2024-08
503313,2024-12-30,Midwest,Window Treatments,Rep D,Website,5,217.77,1088.85,2024-12
503314,2025-08-19,South,Outdoor Shades,Rep C,Inbound Call,4,1083.99,4335.96,2025-08
503315,2024-12-13,West,Accessories,Rep A,Inbound Call,4,152.66,610.64,2024-12
503316,2025-11-14,East,Outdoor Shades,Rep A,Referral,2,306.59,613.18,2025-11
503317,2024-04-12,East,Outdoor Shades,Rep A,Website,4,901.76,3607.04,2024-04
503318,2025-02-14,East,Window Treatments,Rep D,Canvassing,4,504.73,2018.92,2025-02
503319,2025-10-10,West,Window Treatments,Rep D,Referral,4,1010.51,4042.04,2025-10
503320,2024-03-30,East,Outdoor Shades,Rep B,Referral,1,647.7,647.7,2024-03
503321,2024-03-13,West,Window Treatments,Rep A,Canvassing,2,1067.46,2134.92,2024-03
503322,2024-07-18,South,Outdoor Shades,Rep D,Inbound Call,1,638.84,638.84,2024-07
503323,2025-10-22,East,Outdoor Shades,Rep D,Website,5,872.23,4361.15,2025-10
503324,2024-02-24,West,Smart Blinds,Rep B,Referral,3,1026.51,3079.53,2024-02
503325,2025-09-06,East,Window Treatments,Rep C,Partner,3,940.3,2820.9,2025-09
503326,2024-03-15,West,Window Treatments,Rep A,Referral,2,332.93,665.86,2024-03
503327,2025-10-21,Midwest,Window Treatments,Rep E,Referral,3,800.19,2400.57,2025-10
503328,2025-11-10,South,Smart Blinds,Rep E,Inbound Call,1,439.46,439.46,2025-11
503329,2025-12-31,West,Outdoor Shades,Rep B,Canvassing,3,870.2,2610.6,2025-12
503330,2024-06-21,East,Window Treatments,Rep C,Referral,1,842.85,842.85,2024-06
503331,2024-05-01,South,Outdoor Shades,Rep D,Inbound Call,1,738.15,738.15,2024-05
503332,2024-02-28,West,Accessories,Rep C,Canvassing,1,389.15,389.15,2024-02
503333,2024-10-30,East,Smart Blinds,Rep E,Partner,3,633.15,1899.45,2024-10
503334,2025-12-14,Midwest,Accessories,Rep B,Inbound Call,1,734.77,734.77,2025-12
503335,2025-07-26,Midwest,Window Treatments,Rep D,Partner,4,404.65,1618.6,2025-07
503336,2025-07-08,Midwest,Window Treatments,Rep B,Canvassing,2,445.19,890.38,2025-07
503337,2024-02-25,West,Accessories,Rep A,Partner,4,305.86,1223.44,2024-02
503338,2024-02-03,Midwest,Window Treatments,Rep D,Referral,5,356.6,1783.0,2024-02
503339,2025-09-27,East,Outdoor Shades,Rep B,Partner,3,545.68,1637.04,2025-09
503340,2024-05-30,East,Outdoor Shades,Rep D,Website,1,382.93,382.93,2024-05
503341,2025-03-20,South,Window Treatments,Rep A,Canvassing,4,960.66,3842.64,2025-03
503342,2025-10-22,East,Outdoor Shades,Rep D,Canvassing,5,960.98,4804.9,2025-10
503343,2025-12-19,Midwest,Window Treatments,Rep E,Canvassing,3,268.48,805.44,2025-12
503344,2025-11-08,South,Window Treatments,Rep D,Canvassing,1,202.27,202.27,2025-11
503345,2024-05-25,West,Accessories,Rep E,Partner,4,781.92,3127.68,2024-05
503346,2024-04-30,Midwest,Smart Blinds,Rep A,Canvassing,4,790.58,3162.32,2024-04
503347,2025-01-09,East,Window Treatments,Rep A,Referral,2,670.53,1341.06,2025-01
503348,2024-08-24,Midwest,Window Treatments,Rep A,Inbound Call,2,460.22,920.44,2024-08
503349,2024-04-16,East,Window Treatments,Rep A,Inbound Call,3,578.35,1735.05,2024-04
503350,2024-12-02,West,Window Treatments,Rep E,Partner,1,947.94,947.94,2024-12
503351,2025-11-02,East,Smart Blinds,Rep A,Inbound Call,3,843.73,2531.19,2025-11
503352,2025-08-06,East,Window Treatments,Rep E,Inbound Call,3,868.95,2606.85,2025-08
503353,2024-05-16,East,Outdoor Shades,Rep C,Website,3,1060.15,3180.45,2024-05
503354,2024-07-19,East,Smart Blinds,Rep E,Partner,4,605.76,2423.04,2024-07
503355,2024-05-18,East,Accessories,Rep E,Partner,5,594.85,2974.25,2024-05
503356,2024-08-19,West,Outdoor Shades,Rep D,Inbound Call,5,186.75,933.75,2024-08
503357,2024-03-17,West,Accessories,Rep C,Inbound Call,5,258.02,1290.1,2024-03
503358,2025-03-21,East,Outdoor Shades,Rep B,Canvassing,2,1095.32,2190.64,2025-03
503359,2024-08-07,West,Window Treatments,Rep C,Partner,5,849.31,4246.55,2024-08
503360,2024-08-10,South,Outdoor Shades,Rep D,Partner,2,355.14,710.28,2024-08
503361,2024-10-31,Midwest,Accessories,Rep D,Inbound Call,5,1060.03,5300.15,2024-10
503362,2025-01-31,West,Window Treatments,Rep E,Referral,4,1051.96,4207.84,2025-01
503363,2024-09-07,South,Outdoor Shades,Rep C,Inbound Call,5,343.93,1719.65,2024-09
503364,2024-11-05,East,Outdoor Shades,Rep D,Partner,3,1016.74,3050.22,2024-11
503365,2024-12-25,West,Accessories,Rep E,Canvassing,4,1091.03,4364.12,2024-12
503366,2025-08-06,Midwest,Outdoor Shades,Rep B,Referral,3,209.87,629.61,2025-08
503367,2025-09-18,South,Outdoor Shades,Rep A,Partner,4,874.49,3497.96,2025-09
503368,2024-09-15,Midwest,Accessories,Rep A,Website,4,344.98,1379.92,2024-09
503369,2024-08-07,South,Outdoor Shades,Rep D,Canvassing,3,389.15,1167.45,2024-08
503370,2025-12-14,East,Outdoor Shades,Rep D,Referral,1,750.34,750.34,2025-12
503371,2024-02-18,West,Window Treatments,Rep C,Partner,2,795.8,1591.6,2024-02
503372,2024-12-04,Midwest,Window Treatments,Rep C,Partner,1,823.54,823.54,2024-12
503373,2024-08-26,Midwest,Outdoor Shades,Rep D,Referral,1,284.52,284.52,2024-08
503374,2024-01-28,East,Smart Blinds,Rep A,Referral,1,1083.05,1083.05,2024-01
503375,2024-06-08,Midwest,Window Treatments,Rep E,Referral,3,974.5,2923.5,2024-06
503376,2024-08-18,Midwest,Outdoor Shades,Rep E,Partner,2,808.14,1616.28,2024-08
503377,2024-07-13,Midwest,Outdoor Shades,Rep D,Website,3,253.28,759.84,2024-07
503378,2025-10-02,West,Outdoor Shades,Rep C,Inbound Call,2,1015.42,2030.84,2025-10
503379,2025-03-06,South,Accessories,Rep A,Inbound Call,5,354.16,1770.8,2025-03
503380,2025-12-17,South,Window Treatments,Rep E,Partner,5,1096.29,5481.45,2025-12
503381,2024-04-12,South,Smart Blinds,Rep A,Website,1,187.12,187.12,2024-04
503382,2025-11-29,Midwest,Window Treatments,Rep A,Canvassing,4,467.69,1870.76,2025-11
503383,2025-09-03,East,Smart Blinds,Rep C,Website,3,208.76,626.28,2025-09
503384,2024-02-05,East,Smart Blinds,Rep C,Partner,1,672.38,672.38,2024-02
503385,2025-05-05,Midwest,Window Treatments,Rep C,Referral,3,638.49,1915.47,2025-05
503386,2024-04-12,East,Accessories,Rep A,Canvassing,2,215.72,431.44,2024-04
503387,2024-12-29,West,Outdoor Shades,Rep C,Inbound Call,4,789.56,3158.24,2024-12
503388,2025-10-18,East,Outdoor Shades,Rep B,Inbound Call,3,1031.01,3093.03,2025-10
503389,2025-07-08,Midwest,Window Treatments,Rep A,Referral,3,506.12,1518.36,2025-07
503390,2024-10-22,East,Accessories,Rep C,Partner,5,723.25,3616.25,2024-10
503391,2024-10-10,South,Window Treatments,Rep E,Partner,5,778.31,3891.55,2024-10
503392,2024-10-01,East,Window Treatments,Rep D,Canvassing,5,945.75,4728.75,2024-10
503393,2024-10-22,South,Window Treatments,Rep E,Partner,2,852.17,1704.34,2024-10
503394,2024-04-04,West,Smart Blinds,Rep B,Inbound Call,1,621.8,621.8,2024-04
503395,2024-01-04,West,Outdoor Shades,Rep B,Partner,2,947.84,1895.68,2024-01
503396,2025-02-18,Midwest,Outdoor Shades,Rep A,Inbound Call,3,686.0,2058.0,2025-02
503397,2025-04-10,West,Smart Blinds,Rep E,Inbound Call,2,943.71,1887.42,2025-04
503398,2025-09-21,West,Accessories,Rep C,Canvassing,4,457.66,1830.64,2025-09
503399,2024-10-02,West,Window Treatments,Rep E,Inbound Call,5,858.52,4292.6,2024-10
503400,2024-04-18,West,Window Treatments,Rep E,Inbound Call,4,490.59,1962.36,2024-04
503401,2024-12-16,Midwest,Smart Blinds,Rep D,Referral,2,1086.13,2172.26,2024-12
503402,2024-08-20,Midwest,Outdoor Shades,Rep A,Partner,5,828.92,4144.6,2024-08
503403,2025-06-15,South,Outdoor Shades,Rep D,Partner,3,318.49,955.47,2025-06
503404,2024-08-29,Midwest,Outdoor Shades,Rep A,Canvassing,3,957.82,2873.46,2024-08
503405,2024-05-16,West,Outdoor Shades,Rep D,Inbound Call,1,1081.41,1081.41,2024-05
503406,2025-05-23,South,Window Treatments,Rep C,Website,3,1008.29,3024.87,2025-05
503407,2025-09-29,Midwest,Outdoor Shades,Rep B,Website,4,724.32,2897.28,2025-09
503408,2024-11-19,East,Window Treatments,Rep D,Canvassing,3,996.05,2988.15,2024-11
503409,2025-10-28,West,Smart Blinds,Rep E,Canvassing,1,1076.85,1076.85,2025-10
503410,2025-04-04,South,Accessories,Rep D,Referral,2,643.64,1287.28,2025-04
503411,2025-02-07,Midwest,Accessories,Rep B,Canvassing,2,614.25,1228.5,2025-02
503412,2024-03-03,West,Window Treatments,Rep E,Partner,4,862.98,3451.92,2024-03
503413,2025-07-21,East,Window Treatments,Rep E,Partner,3,1069.33,3207.99,2025-07
503414,2024-04-17,South,Window Treatments,Rep B,Partner,1,555.13,555.13,2024-04
503415,2024-03-30,West,Accessories,Rep C,Inbound Call,2,1001.2,2002.4,2024-03
503416,2025-06-13,South,Accessories,Rep B,Partner,2,133.22,266.44,2025-06
503417,2025-05-17,West,Window Treatments,Rep D,Canvassing,3,626.18,1878.54,2025-05
503418,2024-08-24,Midwest,Accessories,Rep C,Website,5,996.64,4983.2,2024-08
503419,2024-10-21,South,Window Treatments,Rep C,Website,5,959.46,4797.3,2024-10
503420,2025-10-17,West,Window Treatments,Rep A,Website,1,978.02,978.02,2025-10
503421,2024-05-04,South,Window Treatments,Rep E,Referral,3,742.7,2228.1,2024-05
503422,2025-08-11,West,Window Treatments,Rep A,Canvassing,3,324.76,974.28,2025-08
503423,2024-04-19,West,Smart Blinds,Rep B,Website,3,714.99,2144.97,2024-04
503424,2024-05-09,West,Outdoor Shades,Rep B,Canvassing,2,511.19,1022.38,2024-05
503425,2025-12-12,West,Window Treatments,Rep D,Canvassing,3,807.22,2421.66,2025-12
503426,2024-03-25,Midwest,Outdoor Shades,Rep B,Canvassing,1,712.31,712.31,2024-03
503427,2024-02-24,East,Window Treatments,Rep C,Partner,4,373.82,1495.28,2024-02
503428,2024-11-03,South,Outdoor Shades,Rep C,Referral,4,903.95,3615.8,2024-11
503429,2025-03-07,West,Smart Blinds,Rep C,Website,4,631.44,2525.76,2025-03
503430,2025-10-04,South,Smart Blinds,Rep D,Canvassing,4,772.83,3091.32,2025-10
503431,2024-07-29,South,Accessories,Rep E,Referral,3,423.33,1269.99,2024-07
503432,2025-10-16,East,Window Treatments,Rep C,Website,5,597.8,2989.0,2025-10
503433,2025-11-04,East,Window Treatments,Rep B,Partner,1,515.19,515.19,2025-11
503434,2025-02-24,South,Outdoor Shades,Rep B,Partner,1,1077.82,1077.82,2025-02
503435,2024-05-24,South,Window Treatments,Rep A,Partner,1,345.94,345.94,2024-05
503436,2025-07-29,East,Smart Blinds,Rep B,Inbound Call,4,724.39,2897.56,2025-07
503437,2025-10-02,East,Window Treatments,Rep C,Inbound Call,2,595.99,1191.98,2025-10
503438,2024-06-19,Midwest,Window Treatments,Rep E,Website,5,1077.78,5388.9,2024-06
503439,2025-02-27,Midwest,Smart Blinds,Rep A,Canvassing,4,563.17,2252.68,2025-02
503440,2024-11-21,West,Outdoor Shades,Rep D,Canvassing,1,707.63,707.63,2024-11
503441,2025-11-02,East,Window Treatments,Rep B,Referral,1,568.77,568.77,2025-11
503442,2025-03-06,Midwest,Outdoor Shades,Rep E,Canvassing,1,291.43,291.43,2025-03
503443,2025-06-15,Midwest,Window Treatments,Rep C,Referral,2,528.45,1056.9,2025-06
503444,2024-10-16,West,Window Treatments,Rep B,Partner,5,459.14,2295.7,2024-10
503445,2025-07-28,East,Window Treatments,Rep A,Partner,5,221.38,1106.9,2025-07
503446,2025-05-09,Midwest,Window Treatments,Rep D,Canvassing,5,208.92,1044.6,2025-05
503447,2024-11-18,South,Window Treatments,Rep E,Partner,5,1097.12,5485.6,2024-11
503448,2025-08-25,Midwest,Window Treatments,Rep A,Partner,5,442.26,2211.3,2025-08
503449,2025-12-14,South,Accessories,Rep C,Website,5,874.13,4370.65,2025-12
503450,2024-01-09,West,Outdoor Shades,Rep B,Website,3,135.25,405.75,2024-01
503451,2025-01-15,West,Window Treatments,Rep D,Canvassing,2,740.38,1480.76,2025-01
503452,2024-06-22,West,Outdoor Shades,Rep C,Inbound Call,5,637.26,3186.3,2024-06
503453,2024-05-14,South,Smart Blinds,Rep D,Partner,2,919.98,1839.96,2024-05
503454,2024-10-03,Midwest,Window Treatments,Rep E,Website,3,482.71,1448.13,2024-10
503455,2025-03-01,East,Smart Blinds,Rep A,Partner,3,834.4,2503.2,2025-03
503456,2024-02-06,West,Smart Blinds,Rep C,Canvassing,4,999.5,3998.0,2024-02
503457,2025-06-01,West,Window Treatments,Rep B,Referral,4,863.68,3454.72,2025-06
503458,2025-06-07,Midwest,Outdoor Shades,Rep E,Partner,2,772.88,1545.76,2025-06
503459,2024-06-20,South,Accessories,Rep D,Canvassing,3,455.27,1365.81,2024-06
503460,2025-05-05,Midwest,Outdoor Shades,Rep A,Canvassing,1,480.61,480.61,2025-05
503461,2024-04-14,West,Smart Blinds,Rep C,Website,4,390.92,1563.68,2024-04
503462,2025-01-19,East,Outdoor Shades,Rep E,Inbound Call,1,145.95,145.95,2025-01
503463,2025-10-04,East,Smart Blinds,Rep C,Referral,1,276.18,276.18,2025-10
503464,2025-05-17,South,Smart Blinds,Rep A,Referral,5,631.95,3159.75,2025-05
503465,2025-09-03,West,Outdoor Shades,Rep E,Partner,4,229.67,918.68,2025-09
503466,2024-11-08,Midwest,Window Treatments,Rep E,Inbound Call,4,538.11,2152.44,2024-11
503467,2024-09-20,Midwest,Window Treatments,Rep B,Partner,4,1003.98,4015.92,2024-09
503468,2024-08-09,West,Window Treatments,Rep E,Inbound Call,5,719.59,3597.95,2024-08
503469,2025-05-06,East,Smart Blinds,Rep E,Website,5,479.0,2395.0,2025-05
503470,2025-04-18,East,Outdoor Shades,Rep D,Inbound Call,1,368.26,368.26,2025-04
503471,2025-07-01,Midwest,Smart Blinds,Rep D,Canvassing,3,866.37,2599.11,2025-07
503472,2025-10-28,Midwest,Window Treatments,Rep A,Referral,4,351.7,1406.8,2025-10
503473,2025-03-07,East,Window Treatments,Rep C,Partner,5,803.7,4018.5,2025-03
503474,2024-07-14,West,Outdoor Shades,Rep D,Website,5,732.42,3662.1,2024-07
503475,2025-06-17,West,Window Treatments,Rep E,Canvassing,1,282.67,282.67,2025-06
503476,2024-10-10,West,Smart Blinds,Rep D,Canvassing,2,249.02,498.04,2024-10
503477,2025-12-02,South,Smart Blinds,Rep A,Inbound Call,5,460.45,2302.25,2025-12
503478,2024-11-13,East,Outdoor Shades,Rep B,Referral,3,855.83,2567.49,2024-11
503479,2025-04-13,West,Window Treatments,Rep C,Inbound Call,1,1018.82,1018.82,2025-04
503480,2025-12-08,South,Smart Blinds,Rep D,Partner,5,495.88,2479.4,2025-12
503481,2024-03-19,South,Outdoor Shades,Rep B,Website,4,202.4,809.6,2024-03
503482,2024-09-23,Midwest,Window Treatments,Rep C,Canvassing,1,408.14,408.14,2024-09
503483,2024-02-26,East,Window Treatments,Rep A,Inbound Call,4,367.89,1471.56,2024-02
503484,2025-10-27,West,Outdoor Shades,Rep C,Canvassing,3,346.1,1038.3,2025-10
503485,2024-04-23,Midwest,Window Treatments,Rep B,Canvassing,4,176.56,706.24,2024-04
503486,2025-01-04,East,Window Treatments,Rep D,Partner,5,927.63,4638.15,2025-01
503487,2024-06-04,South,Accessories,Rep B,Canvassing,4,963.81,3855.24,2024-06
503488,2025-05-11,South,Outdoor Shades,Rep D,Referral,5,642.9,3214.5,2025-05
503489,2025-10-18,South,Accessories,Rep D,Canvassing,1,986.17,986.17,2025-10
503490,2024-08-01,West,Window Treatments,Rep B,Canvassing,1,1006.99,1006.99,2024-08
503491,2025-11-02,West,Window Treatments,Rep B,Referral,2,888.53,1777.06,2025-11
503492,2024-07-31,South,Smart Blinds,Rep C,Website,1,581.97,581.97,2024-07
503493,2025-07-02,South,Outdoor Shades,Rep A,Inbound Call,2,349.72,699.44,2025-07
503494,2025-04-14,Midwest,Outdoor Shades,Rep E,Partner,1,792.01,792.01,2025-04
503495,2025-12-05,Midwest,Outdoor Shades,Rep E,Canvassing,3,354.85,1064.55,2025-12
503496,2024-10-17,South,Smart Blinds,Rep A,Canvassing,4,615.04,2460.16,2024-10
503497,2024-04-05,East,Window Treatments,Rep E,Partner,4,261.59,1046.36,2024-04
503498,2025-11-22,South,Smart Blinds,Rep C,Inbound Call,5,983.61,4918.05,2025-11
503499,2025-02-25,Midwest,Outdoor Shades,Rep E,Referral,4,246.37,985.48,2025-02
503500,2025-09-08,South,Accessories,Rep A,Partner,5,203.75,1018.75,2025-09
503501,2024-06-26,East,Smart Blinds,Rep D,Canvassing,2,235.99,471.98,2024-06
503502,2025-02-13,East,Smart Blinds,Rep D,Referral,3,429.89,1289.67,2025-02
503503,2024-04-20,Midwest,Window Treatments,Rep C,Referral,5,384.73,1923.65,2024-04
503504,2024-08-02,South,Smart Blinds,Rep C,Referral,2,271.85,543.7,2024-08
503505,2025-08-22,West,Smart Blinds,Rep E,Website,1,761.33,761.33,2025-08
503506,2024-07-21,South,Smart Blinds,Rep B,Referral,4,699.35,2797.4,2024-07
503507,2025-10-07,Midwest,Window Treatments,Rep E,Referral,2,849.32,1698.64,2025-10
503508,2025-07-03,South,Accessories,Rep A,Inbound Call,4,406.31,1625.24,2025-07
503509,2025-04-09,East,Window Treatments,Rep B,Website,5,913.91,4569.55,2025-04
503510,2024-10-15,South,Window Treatments,Rep B,Inbound Call,5,449.26,2246.3,2024-10
503511,2025-08-25,West,Smart Blinds,Rep B,Canvassing,4,314.3,1257.2,2025-08
503512,2024-10-22,East,Window Treatments,Rep D,Partner,2,377.69,755.38,2024-10
503513,2024-04-14,Midwest,Outdoor Shades,Rep D,Referral,5,724.67,3623.35,2024-04
503514,2025-08-03,Midwest,Accessories,Rep E,Website,2,347.01,694.02,2025-08
503515,2025-01-17,Midwest,Smart Blinds,Rep E,Inbound Call,3,504.72,1514.16,2025-01
503516,2024-04-19,West,Smart Blinds,Rep B,Partner,1,514.2,514.2,2024-04
503517,2025-01-30,East,Accessories,Rep C,Referral,3,455.42,1366.26,2025-01
503518,2024-09-27,West,Outdoor Shades,Rep A,Partner,2,1039.78,2079.56,2024-09
503519,2024-09-21,East,Window Treatments,Rep C,Website,4,390.65,1562.6,2024-09
503520,2025-01-14,East,Outdoor Shades,Rep D,Website,4,490.97,1963.88,2025-01
503521,2025-08-12,Midwest,Window Treatments,Rep B,Partner,5,172.14,860.7,2025-08
503522,2024-09-04,Midwest,Smart Blinds,Rep A,Referral,3,202.43,607.29,2024-09
503523,2024-07-16,East,Window Treatments,Rep C,Partner,2,591.2,1182.4,2024-07
503524,2024-01-31,West,Smart Blinds,Rep D,Referral,2,854.63,1709.26,2024-01
503525,2025-12-08,South,Window Treatments,Rep B,Partner,4,669.4,2677.6,2025-12
503526,2025-06-23,West,Window Treatments,Rep B,Website,5,565.67,2828.35,2025-06
503527,2024-08-11,South,Window Treatments,Rep E,Canvassing,1,621.41,621.41,2024-08
503528,2024-04-29,Midwest,Window Treatments,Rep A,Canvassing,5,227.28,1136.4,2024-04
503529,2025-10-21,South,Smart Blinds,Rep B,Website,1,457.17,457.17,2025-10
503530,2025-02-10,Midwest,Smart Blinds,Rep E,Partner,4,1022.56,4090.24,2025-02
503531,2024-07-25,Midwest,Outdoor Shades,Rep B,Partner,4,569.8,2279.2,2024-07
503532,2025-05-01,West,Window Treatments,Rep B,Inbound Call,2,198.19,396.38,2025-05
503533,2025-04-26,East,Outdoor Shades,Rep B,Website,2,789.19,1578.38,2025-04
503534,2025-12-27,South,Smart Blinds,Rep C,Inbound Call,1,700.18,700.18,2025-12
503535,2024-12-26,West,Outdoor Shades,Rep C,Inbound Call,4,529.44,2117.76,2024-12
503536,2024-12-25,South,Window Treatments,Rep E,Canvassing,3,773.86,2321.58,2024-12
503537,2025-11-11,East,Outdoor Shades,Rep C,Website,4,620.68,2482.72,2025-11
503538,2025-06-14,South,Window Treatments,Rep A,Website,1,130.82,130.82,2025-06
503539,2025-06-01,Midwest,Outdoor Shades,Rep C,Referral,1,389.83,389.83,2025-06
503540,2024-05-11,East,Outdoor Shades,Rep D,Website,4,1091.69,4366.76,2024-05
503541,2025-08-20,South,Window Treatments,Rep E,Referral,2,751.4,1502.8,2025-08
503542,2024-01-29,South,Window Treatments,Rep E,Canvassing,5,833.12,4165.6,2024-01
503543,2025-03-26,West,Accessories,Rep C,Canvassing,3,860.06,2580.18,2025-03
503544,2025-11-18,South,Window Treatments,Rep B,Website,2,535.28,1070.56,2025-11
503545,2024-09-03,Midwest,Outdoor Shades,Rep C,Website,2,693.76,1387.52,2024-09
503546,2025-03-20,Midwest,Outdoor Shades,Rep B,Website,2,495.89,991.78,2025-03
503547,2025-10-10,South,Outdoor Shades,Rep B,Referral,3,326.44,979.32,2025-10
503548,2024-03-18,East,Outdoor Shades,Rep E,Canvassing,2,455.97,911.94,2024-03
503549,2024-04-10,East,Window Treatments,Rep C,Website,5,449.05,2245.25,2024-04
503550,2025-11-21,South,Window Treatments,Rep D,Canvassing,5,558.85,2794.25,2025-11
503551,2024-12-27,West,Outdoor Shades,Rep E,Website,1,898.21,898.21,2024-12
503552,2025-08-06,West,Window Treatments,Rep E,Referral,2,363.07,726.14,2025-08
503553,2024-05-03,West,Window Treatments,Rep A,Website,1,704.94,704.94,2024-05
503554,2024-05-13,South,Window Treatments,Rep D,Referral,3,994.19,2982.57,2024-05
503555,2025-02-27,Midwest,Window Treatments,Rep D,Referral,4,477.74,1910.96,2025-02
503556,2024-04-07,West,Smart Blinds,Rep D,Inbound Call,5,123.6,618.0,2024-04
503557,2025-05-24,West,Window Treatments,Rep D,Website,4,951.11,3804.44,2025-05
503558,2024-09-03,Midwest,Outdoor Shades,Rep C,Website,4,749.48,2997.92,2024-09
503559,2025-11-14,Midwest,Outdoor Shades,Rep E,Canvassing,1,169.92,169.92,2025-11
503560,2025-02-27,South,Outdoor Shades,Rep B,Website,3,501.3,1503.9,2025-02
503561,2024-06-06,East,Smart Blinds,Rep A,Canvassing,3,1039.86,3119.58,2024-06
503562,2025-06-17,South,Outdoor Shades,Rep B,Inbound Call,3,183.05,549.15,2025-06
503563,2025-11-16,East,Accessories,Rep B,Referral,5,498.57,2492.85,2025-11
503564,2024-07-05,Midwest,Window Treatments,Rep A,Website,2,381.46,762.92,2024-07
503565,2025-07-11,East,Accessories,Rep A,Partner,5,454.24,2271.2,2025-07
503566,2024-07-05,Midwest,Outdoor Shades,Rep C,Canvassing,4,897.37,3589.48,2024-07
503567,2024-04-08,East,Outdoor Shades,Rep C,Canvassing,5,817.25,4086.25,2024-04
503568,2024-12-21,South,Outdoor Shades,Rep E,Inbound Call,2,825.76,1651.52,2024-12
503569,2024-04-29,West,Window Treatments,Rep C,Website,5,755.67,3778.35,2024-04
503570,2024-03-15,West,Window Treatments,Rep C,Referral,1,1009.87,1009.87,2024-03
503571,2024-02-12,South,Outdoor Shades,Rep E,Canvassing,5,732.35,3661.75,2024-02
503572,2025-04-14,East,Accessories,Rep A,Partner,5,501.43,2507.15,2025-04
503573,2025-12-15,West,Outdoor Shades,Rep B,Inbound Call,1,778.58,778.58,2025-12
503574,2025-11-22,Midwest,Smart Blinds,Rep E,Partner,1,559.97,559.97,2025-11
503575,2024-03-09,Midwest,Outdoor Shades,Rep B,Partner,4,1011.38,4045.52,2024-03
503576,2025-12-26,East,Outdoor Shades,Rep C,Inbound Call,5,731.59,3657.95,2025-12
503577,2024-09-29,West,Outdoor Shades,Rep E,Canvassing,4,547.69,2190.76,2024-09
503578,2024-11-09,Midwest,Window Treatments,Rep D,Referral,5,750.27,3751.35,2024-11
503579,2025-10-29,Midwest,Outdoor Shades,Rep C,Canvassing,3,621.42,1864.26,2025-10
503580,2025-05-22,East,Window Treatments,Rep B,Canvassing,1,688.02,688.02,2025-05
503581,2025-12-20,East,Smart Blinds,Rep B,Canvassing,5,767.14,3835.7,2025-12
503582,2024-08-13,East,Window Treatments,Rep A,Partner,4,252.97,1011.88,2024-08
503583,2024-02-25,South,Window Treatments,Rep B,Referral,4,410.22,1640.88,2024-02
503584,2025-08-30,Midwest,Outdoor Shades,Rep D,Inbound Call,4,937.56,3750.24,2025-08
503585,2025-03-24,South,Window Treatments,Rep D,Partner,1,753.01,753.01,2025-03
503586,2025-05-02,Midwest,Accessories,Rep D,Canvassing,4,454.35,1817.4,2025-05
503587,2025-11-21,South,Window Treatments,Rep B,Referral,3,370.42,1111.26,2025-11
503588,2025-11-22,Midwest,Outdoor Shades,Rep C,Referral,3,254.45,763.35,2025-11
503589,2024-11-30,South,Outdoor Shades,Rep B,Website,4,1017.54,4070.16,2024-11
503590,2024-03-27,East,Outdoor Shades,Rep D,Canvassing,5,487.18,2435.9,2024-03
503591,2025-11-08,West,Accessories,Rep A,Partner,5,743.0,3715.0,2025-11
503592,2025-09-09,East,Smart Blinds,Rep B,Website,4,631.45,2525.8,2025-09
503593,2024-01-02,Midwest,Smart Blinds,Rep E,Canvassing,5,921.95,4609.75,2024-01
503594,2024-01-24,South,Accessories,Rep E,Referral,1,337.81,337.81,2024-01
503595,2024-03-26,East,Window Treatments,Rep C,Canvassing,3,761.52,2284.56,2024-03
503596,2025-03-14,South,Outdoor Shades,Rep E,Referral,5,897.26,4486.3,2025-03
503597,2025-07-14,West,Window Treatments,Rep D,Referral,1,587.38,587.38,2025-07
503598,2025-11-11,Midwest,Outdoor Shades,Rep E,Inbound Call,4,235.77,943.08,2025-11
503599,2025-06-08,West,Accessories,Rep C,Canvassing,2,783.83,1567.66,2025-06
503600,2025-04-30,East,Smart Blinds,Rep A,Partner,2,840.2,1680.4,2025-04
503601,2024-10-31,South,Window Treatments,Rep A,Canvassing,4,120.69,482.76,2024-10
503602,2024-03-25,East,Smart Blinds,Rep E,Canvassing,5,553.21,2766.05,2024-03
503603,2025-09-16,Midwest,Window Treatments,Rep B,Inbound Call,3,716.29,2148.87,2025-09
503604,2024-12-07,West,Window Treatments,Rep E,Canvassing,1,551.09,551.09,2024-12
503605,2025-02-21,West,Outdoor Shades,Rep C,Inbound Call,1,1090.76,1090.76,2025-02
503606,2024-07-13,Midwest,Smart Blinds,Rep C,Website,2,462.36,924.72,2024-07
503607,2025-06-06,Midwest,Outdoor Shades,Rep C,Canvassing,3,978.7,2936.1,2025-06
503608,2025-03-04,South,Outdoor Shades,Rep D,Website,1,839.86,839.86,2025-03
503609,2024-10-31,South,Smart Blinds,Rep A,Website,1,492.71,492.71,2024-10
503610,2025-01-06,Midwest,Outdoor Shades,Rep C,Referral,4,535.47,2141.88,2025-01
503611,2025-03-30,East,Window Treatments,Rep C,Inbound Call,4,639.08,2556.32,2025-03
503612,2024-04-05,Midwest,Smart Blinds,Rep D,Website,1,727.98,727.98,2024-04
503613,2024-07-05,East,Smart Blinds,Rep E,Referral,3,214.37,643.11,2024-07
503614,2024-03-17,South,Accessories,Rep A,Inbound Call,5,411.01,2055.05,2024-03
503615,2024-09-12,West,Window Treatments,Rep A,Referral,1,760.72,760.72,2024-09
503616,2025-05-08,Midwest,Window Treatments,Rep D,Website,1,416.49,416.49,2025-05
503617,2024-08-30,West,Outdoor Shades,Rep E,Website,2,781.08,1562.16,2024-08
503618,2025-08-09,South,Window Treatments,Rep B,Website,4,793.86,3175.44,2025-08
503619,2025-08-22,West,Window Treatments,Rep E,Partner,5,753.04,3765.2,2025-08
503620,2025-08-31,South,Smart Blinds,Rep C,Inbound Call,3,338.47,1015.41,2025-08
503621,2024-07-15,West,Outdoor Shades,Rep B,Inbound Call,3,684.83,2054.49,2024-07
503622,2024-08-07,East,Smart Blinds,Rep C,Referral,2,972.3,1944.6,2024-08
503623,2024-08-04,East,Smart Blinds,Rep E,Website,5,847.45,4237.25,2024-08
503624,2024-11-23,South,Window Treatments,Rep D,Inbound Call,1,910.97,910.97,2024-11
503625,2024-04-08,East,Window Treatments,Rep C,Referral,2,270.54,541.08,2024-04
503626,2025-12-29,Midwest,Window Treatments,Rep C,Canvassing,1,166.15,166.15,2025-12
503627,2025-02-10,West,Window Treatments,Rep D,Partner,3,548.49,1645.47,2025-02
503628,2025-11-02,South,Outdoor Shades,Rep C,Referral,3,531.8,1595.4,2025-11
503629,2024-05-17,South,Outdoor Shades,Rep B,Inbound Call,4,544.61,2178.44,2024-05
503630,2025-08-15,South,Smart Blinds,Rep B,Canvassing,5,232.94,1164.7,2025-08
503631,2024-02-26,West,Window Treatments,Rep E,Partner,3,1087.07,3261.21,2024-02
503632,2025-08-10,South,Smart Blinds,Rep D,Referral,5,253.98,1269.9,2025-08
503633,2025-05-13,Midwest,Window Treatments,Rep C,Partner,2,882.67,1765.34,2025-05
503634,2025-12-29,West,Window Treatments,Rep C,Partner,5,809.7,4048.5,2025-12
503635,2024-08-13,South,Smart Blinds,Rep E,Inbound Call,1,245.13,245.13,2024-08
503636,2024-11-30,East,Window Treatments,Rep C,Partner,3,1035.61,3106.83,2024-11
503637,2025-06-13,South,Smart Blinds,Rep A,Partner,5,200.03,1000.15,2025-06
503638,2025-06-24,West,Accessories,Rep D,Canvassing,4,929.86,3719.44,2025-06
503639,2025-03-19,West,Smart Blinds,Rep A,Canvassing,5,822.6,4113.0,2025-03
503640,2025-05-13,West,Window Treatments,Rep B,Website,4,188.69,754.76,2025-05
503641,2024-01-01,West,Smart Blinds,Rep B,Canvassing,2,310.18,620.36,2024-01
503642,2024-09-17,West,Outdoor Shades,Rep D,Inbound Call,3,223.28,669.84,2024-09
503643,2024-03-05,East,Smart Blinds,Rep A,Referral,2,754.99,1509.98,2024-03
503644,2024-11-29,East,Window Treatments,Rep A,Inbound Call,4,425.4,1701.6,2024-11
503645,2025-06-12,Midwest,Outdoor Shades,Rep B,Canvassing,3,923.41,2770.23,2025-06
503646,2024-10-15,East,Smart Blinds,Rep D,Inbound Call,2,551.15,1102.3,2024-10
503647,2024-01-07,West,Window Treatments,Rep D,Canvassing,5,647.19,3235.95,2024-01
503648,2025-01-14,West,Accessories,Rep C,Inbound Call,4,557.63,2230.52,2025-01
503649,2024-09-05,South,Smart Blinds,Rep B,Canvassing,4,333.22,1332.88,2024-09
503650,2025-04-28,West,Smart Blinds,Rep B,Inbound Call,5,520.64,2603.2,2025-04
503651,2024-09-08,South,Smart Blinds,Rep A,Canvassing,1,167.91,167.91,2024-09
503652,2025-07-09,West,Window Treatments,Rep B,Inbound Call,5,675.69,3378.45,2025-07
503653,2025-04-24,East,Smart Blinds,Rep A,Inbound Call,2,301.54,603.08,2025-04
503654,2025-06-18,Midwest,Outdoor Shades,Rep D,Canvassing,3,694.78,2084.34,2025-06
503655,2025-03-08,South,Outdoor Shades,Rep D,Canvassing,5,1078.5,5392.5,2025-03
503656,2024-02-23,Midwest,Accessories,Rep A,Website,3,786.11,2358.33,2024-02
503657,2024-11-30,West,Window Treatments,Rep A,Inbound Call,4,199.76,799.04,2024-11
503658,2025-08-18,South,Window Treatments,Rep B,Referral,2,423.78,847.56,2025-08
503659,2024-03-11,East,Outdoor Shades,Rep E,Inbound Call,5,1007.61,5038.05,2024-03
503660,2025-05-11,West,Outdoor Shades,Rep C,Inbound Call,3,762.32,2286.96,2025-05
503661,2025-07-11,South,Window Treatments,Rep B,Website,5,675.11,3375.55,2025-07
503662,2025-04-09,East,Window Treatments,Rep A,Canvassing,3,515.11,1545.33,2025-04
503663,2025-08-07,South,Window Treatments,Rep D,Inbound Call,2,967.51,1935.02,2025-08
503664,2024-09-06,South,Outdoor Shades,Rep B,Partner,5,750.79,3753.95,2024-09
503665,2025-09-28,West,Window Treatments,Rep E,Website,1,935.41,935.41,2025-09
503666,2024-04-03,South,Outdoor Shades,Rep A,Website,5,245.41,1227.05,2024-04
503667,2024-09-11,West,Window Treatments,Rep E,Inbound Call,3,872.22,2616.66,2024-09
503668,2024-06-05,West,Window Treatments,Rep A,Partner,3,555.74,1667.22,2024-06
503669,2024-07-14,West,Outdoor Shades,Rep D,Canvassing,3,178.04,534.12,2024-07
503670,2024-04-15,South,Accessories,Rep D,Partner,2,490.9,981.8,2024-04
503671,2025-09-08,South,Accessories,Rep D,Website,5,1068.89,5344.45,2025-09
503672,2025-06-22,West,Window Treatments,Rep B,Partner,2,889.61,1779.22,2025-06
503673,2025-12-17,South,Smart Blinds,Rep C,Website,1,693.11,693.11,2025-12
503674,2025-01-08,West,Window Treatments,Rep C,Partner,2,221.13,442.26,2025-01
503675,2025-06-16,East,Window Treatments,Rep E,Referral,4,482.63,1930.52,2025-06
503676,2024-10-03,Midwest,Window Treatments,Rep B,Partner,2,979.42,1958.84,2024-10
503677,2024-05-26,Midwest,Window Treatments,Rep B,Inbound Call,1,879.54,879.54,2024-05
503678,2024-07-12,Midwest,Window Treatments,Rep E,Inbound Call,2,745.45,1490.9,2024-07
503679,2024-01-26,West,Smart Blinds,Rep C,Inbound Call,3,873.41,2620.23,2024-01
503680,2025-06-15,South,Window Treatments,Rep A,Partner,5,577.81,2889.05,2025-06
503681,2024-08-08,Midwest,Outdoor Shades,Rep C,Partner,1,880.24,880.24,2024-08
503682,2025-03-11,Midwest,Window Treatments,Rep D,Referral,5,515.8,2579.0,2025-03
503683,2025-08-12,Midwest,Smart Blinds,Rep D,Referral,3,500.77,1502.31,2025-08
503684,2024-12-15,West,Accessories,Rep B,Referral,4,610.32,2441.28,2024-12
503685,2025-11-02,West,Window Treatments,Rep B,Canvassing,4,1015.0,4060.0,2025-11
503686,2024-02-22,South,Outdoor Shades,Rep B,Referral,1,600.04,600.04,2024-02
503687,2025-01-04,West,Outdoor Shades,Rep C,Website,5,206.59,1032.95,2025-01
503688,2024-05-06,South,Smart Blinds,Rep E,Inbound Call,2,361.32,722.64,2024-05
503689,2024-03-26,West,Outdoor Shades,Rep A,Canvassing,5,811.7,4058.5,2024-03
503690,2025-08-13,South,Window Treatments,Rep D,Canvassing,4,889.97,3559.88,2025-08
503691,2024-03-12,South,Window Treatments,Rep D,Referral,5,481.25,2406.25,2024-03
503692,2024-02-26,East,Outdoor Shades,Rep A,Website,2,729.45,1458.9,2024-02
503693,2024-01-30,West,Smart Blinds,Rep C,Website,4,930.51,3722.04,2024-01
503694,2024-05-25,West,Smart Blinds,Rep D,Canvassing,3,287.94,863.82,2024-05
503695,2025-12-08,East,Accessories,Rep A,Canvassing,1,902.47,902.47,2025-12
503696,2024-01-04,West,Window Treatments,Rep A,Inbound Call,5,407.35,2036.75,2024-01
503697,2025-01-05,East,Smart Blinds,Rep A,Referral,3,1066.8,3200.4,2025-01
503698,2024-07-14,South,Smart Blinds,Rep E,Inbound Call,5,716.81,3584.05,2024-07
503699,2024-05-29,South,Smart Blinds,Rep C,Website,5,492.33,2461.65,2024-05
503700,2025-06-06,South,Smart Blinds,Rep C,Website,3,636.74,1910.22,2025-06
503701,2024-08-28,West,Accessories,Rep C,Website,4,977.32,3909.28,2024-08
503702,2024-08-08,West,Window Treatments,Rep C,Inbound Call,4,242.39,969.56,2024-08
503703,2025-09-22,South,Smart Blinds,Rep E,Website,2,690.34,1380.68,2025-09
503704,2025-12-30,Midwest,Accessories,Rep B,Partner,1,211.71,211.71,2025-12
503705,2024-08-05,South,Window Treatments,Rep E,Partner,1,197.5,197.5,2024-08
503706,2024-05-10,East,Accessories,Rep B,Website,3,354.98,1064.94,2024-05
503707,2024-07-28,West,Outdoor Shades,Rep D,Inbound Call,4,588.49,2353.96,2024-07
503708,2024-06-24,South,Smart Blinds,Rep C,Referral,5,1072.29,5361.45,2024-06
503709,2024-06-25,East,Outdoor Shades,Rep E,Website,4,367.26,1469.04,2024-06
503710,2024-08-08,South,Outdoor Shades,Rep A,Inbound Call,2,915.04,1830.08,2024-08
503711,2024-08-17,East,Window Treatments,Rep E,Inbound Call,2,1042.84,2085.68,2024-08
503712,2025-03-22,West,Smart Blinds,Rep D,Canvassing,1,653.94,653.94,2025-03
503713,2025-05-18,West,Outdoor Shades,Rep B,Partner,5,699.77,3498.85,2025-05
503714,2024-10-04,South,Outdoor Shades,Rep C,Inbound Call,2,942.59,1885.18,2024-10
503715,2025-09-16,South,Smart Blinds,Rep B,Inbound Call,4,598.78,2395.12,2025-09
503716,2024-03-21,East,Window Treatments,Rep D,Canvassing,1,1035.56,1035.56,2024-03
503717,2025-02-09,South,Window Treatments,Rep A,Partner,2,215.83,431.66,2025-02
503718,2025-11-11,West,Accessories,Rep D,Canvassing,3,1037.71,3113.13,2025-11
503719,2024-03-10,West,Window Treatments,Rep A,Canvassing,5,989.5,4947.5,2024-03
503720,2025-11-26,West,Accessories,Rep B,Canvassing,3,1038.2,3114.6,2025-11
503721,2024-03-03,East,Outdoor Shades,Rep E,Inbound Call,3,348.32,1044.96,2024-03
503722,2024-03-15,South,Outdoor Shades,Rep A,Inbound Call,2,607.37,1214.74,2024-03
503723,2024-08-01,West,Window Treatments,Rep D,Website,3,253.86,761.58,2024-08
503724,2024-02-11,West,Accessories,Rep D,Canvassing,3,486.76,1460.28,2024-02
503725,2024-09-11,Midwest,Accessories,Rep A,Canvassing,3,771.19,2313.57,2024-09
503726,2024-10-03,Midwest,Window Treatments,Rep E,Partner,2,490.52,981.04,2024-10
503727,2024-05-06,Midwest,Accessories,Rep E,Partner,3,155.81,467.43,2024-05
503728,2025-06-01,East,Window Treatments,Rep E,Referral,2,577.08,1154.16,2025-06
503729,2025-11-22,East,Accessories,Rep D,Referral,3,716.81,2150.43,2025-11
503730,2025-06-12,West,Smart Blinds,Rep A,Partner,1,554.7,554.7,2025-06
503731,2025-12-22,West,Window Treatments,Rep B,Inbound Call,5,344.99,1724.95,2025-12
503732,2025-01-06,West,Smart Blinds,Rep C,Inbound Call,2,775.42,1550.84,2025-01
503733,2025-03-30,West,Smart Blinds,Rep C,Website,1,766.82,766.82,2025-03
503734,2025-09-23,East,Window Treatments,Rep A,Referral,4,1045.81,4183.24,2025-09
503735,2024-08-12,West,Window Treatments,Rep E,Inbound Call,2,1000.1,2000.2,2024-08
503736,2025-06-26,West,Smart Blinds,Rep A,Canvassing,3,455.97,1367.91,2025-06
503737,2025-07-19,West,Smart Blinds,Rep E,Partner,5,817.09,4085.45,2025-07
503738,2024-02-10,West,Window Treatments,Rep D,Referral,2,175.11,350.22,2024-02
503739,2024-06-22,South,Outdoor Shades,Rep E,Partner,1,489.65,489.65,2024-06
503740,2024-03-13,South,Window Treatments,Rep E,Inbound Call,1,236.99,236.99,2024-03
503741,2024-04-12,South,Window Treatments,Rep E,Canvassing,3,732.08,2196.24,2024-04
503742,2025-08-16,East,Window Treatments,Rep D,Canvassing,1,881.44,881.44,2025-08
503743,2025-10-07,West,Accessories,Rep D,Website,2,207.27,414.54,2025-10
503744,2025-04-25,Midwest,Smart Blinds,Rep E,Canvassing,1,617.32,617.32,2025-04
503745,2025-08-13,West,Window Treatments,Rep C,Referral,3,1067.39,3202.17,2025-08
503746,2025-06-20,East,Accessories,Rep C,Partner,4,269.84,1079.36,2025-06
503747,2024-07-15,West,Outdoor Shades,Rep D,Referral,1,510.59,510.59,2024-07
503748,2024-09-29,Midwest,Smart Blinds,Rep C,Website,3,139.2,417.6,2024-09
503749,2025-04-19,East,Outdoor Shades,Rep D,Website,5,999.4,4997.0,2025-04
503750,2024-06-30,Midwest,Window Treatments,Rep C,Website,4,847.13,3388.52,2024-06
503751,2025-03-28,South,Accessories,Rep C,Inbound Call,3,583.41,1750.23,2025-03
503752,2025-01-22,South,Window Treatments,Rep C,Canvassing,2,954.55,1909.1,2025-01
503753,2024-07-21,South,Smart Blinds,Rep E,Canvassing,4,381.45,1525.8,2024-07
503754,2025-10-29,West,Outdoor Shades,Rep A,Canvassing,1,272.47,272.47,2025-10
503755,2025-09-16,South,Accessories,Rep D,Referral,1,541.77,541.77,2025-09
503756,2024-04-16,East,Outdoor Shades,Rep A,Inbound Call,1,360.76,360.76,2024-04
503757,2025-01-24,West,Outdoor Shades,Rep A,Website,4,198.5,794.0,2025-01
503758,2025-05-26,Midwest,Accessories,Rep D,Website,5,288.36,1441.8,2025-05
503759,2024-02-16,West,Accessories,Rep A,Canvassing,1,168.57,168.57,2024-02
503760,2025-12-07,West,Window Treatments,Rep D,Referral,2,547.88,1095.76,2025-12
503761,2025-11-26,South,Outdoor Shades,Rep C,Partner,5,547.28,2736.4,2025-11
503762,2025-04-11,South,Window Treatments,Rep C,Partner,5,571.07,2855.35,2025-04
503763,2025-08-11,South,Accessories,Rep D,Partner,2,1078.03,2156.06,2025-08
503764,2024-05-31,Midwest,Window Treatments,Rep B,Partner,1,462.94,462.94,2024-05
503765,2025-10-08,East,Window Treatments,Rep B,Partner,4,568.58,2274.32,2025-10
503766,2025-11-30,East,Accessories,Rep A,Partner,2,459.96,919.92,2025-11
503767,2024-01-05,West,Window Treatments,Rep A,Partner,1,1031.77,1031.77,2024-01
503768,2024-05-10,South,Window Treatments,Rep D,Canvassing,4,577.53,2310.12,2024-05
503769,2025-01-30,Midwest,Smart Blinds,Rep E,Website,4,925.75,3703.0,2025-01
503770,2024-11-23,South,Smart Blinds,Rep E,Website,3,191.12,573.36,2024-11
503771,2025-07-09,West,Smart Blinds,Rep E,Inbound Call,1,713.18,713.18,2025-07
503772,2025-10-23,East,Smart Blinds,Rep D,Website,3,447.87,1343.61,2025-10
503773,2025-08-09,South,Window Treatments,Rep E,Partner,2,658.67,1317.34,2025-08
503774,2024-09-05,Midwest,Window Treatments,Rep C,Referral,2,693.56,1387.12,2024-09
503775,2025-03-26,South,Smart Blinds,Rep A,Partner,1,594.85,594.85,2025-03
503776,2024-05-13,Midwest,Outdoor Shades,Rep A,Partner,3,692.12,2076.36,2024-05
503777,2024-02-20,West,Outdoor Shades,Rep B,Canvassing,2,722.35,1444.7,2024-02
503778,2025-12-16,Midwest,Window Treatments,Rep D,Inbound Call,3,904.4,2713.2,2025-12
503779,2024-07-07,Midwest,Window Treatments,Rep A,Website,4,1085.33,4341.32,2024-07
503780,2024-12-28,Midwest,Outdoor Shades,Rep B,Referral,4,679.63,2718.52,2024-12
503781,2025-01-17,East,Outdoor Shades,Rep B,Referral,2,596.16,1192.32,2025-01
503782,2025-10-09,South,Window Treatments,Rep C,Inbound Call,1,722.68,722.68,2025-10
503783,2024-02-22,South,Accessories,Rep A,Inbound Call,3,603.73,1811.19,2024-02
503784,2025-02-24,South,Smart Blinds,Rep B,Website,4,743.29,2973.16,2025-02
503785,2025-10-06,East,Outdoor Shades,Rep E,Website,1,726.86,726.86,2025-10
503786,2025-05-08,East,Smart Blinds,Rep D,Inbound Call,4,992.98,3971.92,2025-05
503787,2024-06-24,East,Window Treatments,Rep D,Partner,3,572.99,1718.97,2024-06
503788,2025-09-16,East,Window Treatments,Rep E,Canvassing,5,472.29,2361.45,2025-09
503789,2024-01-17,Midwest,Outdoor Shades,Rep A,Canvassing,5,227.37,1136.85,2024-01
503790,2024-10-11,East,Outdoor Shades,Rep C,Partner,4,939.69,3758.76,2024-10
503791,2025-08-13,East,Smart Blinds,Rep B,Canvassing,5,213.11,1065.55,2025-08
503792,2024-10-21,East,Window Treatments,Rep E,Referral,5,465.27,2326.35,2024-10
503793,2024-07-11,South,Window Treatments,Rep C,Website,5,700.66,3503.3,2024-07
503794,2024-06-15,South,Outdoor Shades,Rep E,Website,4,256.27,1025.08,2024-06
503795,2025-02-12,South,Window Treatments,Rep B,Website,2,350.72,701.44,2025-02
503796,2025-12-11,East,Smart Blinds,Rep E,Website,3,520.83,1562.49,2025-12
503797,2025-09-22,South,Outdoor Shades,Rep D,Canvassing,1,882.99,882.99,2025-09
503798,2024-11-03,South,Outdoor Shades,Rep E,Referral,5,820.56,4102.8,2024-11
503799,2025-10-23,Midwest,Smart Blinds,Rep A,Referral,2,210.45,420.9,2025-10
503800,2025-11-22,South,Outdoor Shades,Rep A,Referral,3,179.19,537.57,2025-11
503801,2025-07-13,West,Smart Blinds,Rep C,Canvassing,5,163.8,819.0,2025-07
503802,2024-07-23,East,Outdoor Shades,Rep B,Website,5,197.22,986.1,2024-07
503803,2025-08-25,East,Window Treatments,Rep E,Canvassing,4,354.78,1419.12,2025-08
503804,2024-04-30,West,Outdoor Shades,Rep B,Website,4,876.62,3506.48,2024-04
503805,2024-07-21,Midwest,Outdoor Shades,Rep E,Referral,3,625.46,1876.38,2024-07
503806,2025-12-23,West,Smart Blinds,Rep B,Inbound Call,5,281.22,1406.1,2025-12
503807,2024-02-18,South,Window Treatments,Rep E,Canvassing,3,871.0,2613.0,2024-02
503808,2024-10-30,Midwest,Accessories,Rep C,Referral,3,125.16,375.48,2024-10
503809,2025-11-26,West,Outdoor Shades,Rep B,Referral,1,754.02,754.02,2025-11
503810,2024-03-02,West,Window Treatments,Rep B,Referral,2,632.92,1265.84,2024-03
503811,2024-05-03,East,Smart Blinds,Rep D,Website,3,1075.48,3226.44,2024-05
503812,2024-05-29,South,Outdoor Shades,Rep E,Canvassing,5,1045.18,5225.9,2024-05
503813,2024-10-06,Midwest,Accessories,Rep B,Partner,3,985.43,2956.29,2024-10
503814,2025-08-17,Midwest,Outdoor Shades,Rep C,Canvassing,4,435.2,1740.8,2025-08
503815,2025-12-31,West,Window Treatments,Rep D,Website,2,1009.15,2018.3,2025-12
503816,2025-01-22,East,Smart Blinds,Rep A,Partner,4,764.52,3058.08,2025-01
503817,2025-06-24,Midwest,Outdoor Shades,Rep E,Inbound Call,4,723.0,2892.0,2025-06
503818,2024-01-22,East,Outdoor Shades,Rep E,Partner,2,810.75,1621.5,2024-01
503819,2025-05-30,South,Window Treatments,Rep A,Referral,1,767.49,767.49,2025-05
503820,2024-09-16,South,Window Treatments,Rep A,Inbound Call,4,825.21,3300.84,2024-09
503821,2025-10-25,East,Smart Blinds,Rep A,Website,2,972.08,1944.16,2025-10
503822,2024-05-04,South,Outdoor Shades,Rep B,Referral,4,368.14,1472.56,2024-05
503823,2025-09-19,South,Accessories,Rep C,Website,3,487.45,1462.35,2025-09
503824,2025-06-18,Midwest,Smart Blinds,Rep E,Canvassing,2,696.22,1392.44,2025-06
503825,2024-11-17,South,Outdoor Shades,Rep C,Canvassing,4,778.5,3114.0,2024-11
503826,2025-10-30,Midwest,Outdoor Shades,Rep B,Website,3,162.53,487.59,2025-10
503827,2024-01-17,Midwest,Outdoor Shades,Rep D,Canvassing,4,697.33,2789.32,2024-01
503828,2024-12-01,East,Outdoor Shades,Rep C,Canvassing,3,459.82,1379.46,2024-12
503829,2025-02-06,Midwest,Accessories,Rep B,Referral,5,836.83,4184.15,2025-02
503830,2025-02-15,West,Accessories,Rep E,Canvassing,2,410.66,821.32,2025-02
503831,2024-08-28,Midwest,Window Treatments,Rep E,Referral,1,1082.56,1082.56,2024-08
503832,2024-11-01,East,Window Treatments,Rep A,Website,4,829.41,3317.64,2024-11
503833,2025-02-10,Midwest,Outdoor Shades,Rep E,Canvassing,2,911.76,1823.52,2025-02
503834,2025-01-19,West,Accessories,Rep B,Inbound Call,2,861.86,1723.72,2025-01
503835,2025-12-26,Midwest,Smart Blinds,Rep D,Partner,2,942.81,1885.62,2025-12
503836,2024-08-17,West,Accessories,Rep C,Referral,3,665.49,1996.47,2024-08
503837,2024-09-02,East,Window Treatments,Rep D,Partner,1,699.64,699.64,2024-09
503838,2025-09-10,East,Outdoor Shades,Rep B,Canvassing,2,762.61,1525.22,2025-09
503839,2025-10-02,East,Outdoor Shades,Rep C,Inbound Call,5,134.4,672.0,2025-10
503840,2025-02-23,Midwest,Outdoor Shades,Rep A,Canvassing,4,774.34,3097.36,2025-02
503841,2024-02-17,Midwest,Outdoor Shades,Rep B,Partner,1,971.89,971.89,2024-02
503842,2025-10-08,West,Window Treatments,Rep B,Partner,4,340.38,1361.52,2025-10
503843,2025-11-15,Midwest,Window Treatments,Rep A,Partner,5,1017.81,5089.05,2025-11
503844,2025-10-13,Midwest,Smart Blinds,Rep E,Partner,5,554.16,2770.8,2025-10
503845,2025-06-13,West,Window Treatments,Rep B,Website,2,521.7,1043.4,2025-06
503846,2025-04-08,West,Window Treatments,Rep C,Inbound Call,5,499.92,2499.6,2025-04
503847,2025-07-27,South,Smart Blinds,Rep C,Referral,5,989.8,4949.0,2025-07
503848,2024-08-10,East,Outdoor Shades,Rep D,Referral,1,922.87,922.87,2024-08
503849,2024-10-29,West,Window Treatments,Rep C,Partner,2,833.67,1667.34,2024-10
503850,2024-05-30,East,Outdoor Shades,Rep B,Canvassing,4,740.15,2960.6,2024-05
503851,2025-04-20,East,Smart Blinds,Rep D,Website,4,492.33,1969.32,2025-04
503852,2025-11-03,East,Accessories,Rep A,Website,4,736.44,2945.76,2025-11
503853,2025-12-22,Midwest,Window Treatments,Rep B,Canvassing,5,863.71,4318.55,2025-12
503854,2025-07-24,Midwest,Smart Blinds,Rep A,Partner,3,149.64,448.92,2025-07
503855,2024-11-08,South,Window Treatments,Rep C,Website,5,235.25,1176.25,2024-11
503856,2025-02-21,South,Window Treatments,Rep B,Canvassing,5,634.94,3174.7,2025-02
503857,2025-10-07,West,Window Treatments,Rep B,Website,1,920.52,920.52,2025-10
503858,2024-10-16,South,Outdoor Shades,Rep E,Website,2,1040.39,2080.78,2024-10
503859,2025-05-01,West,Window Treatments,Rep D,Inbound Call,1,631.7,631.7,2025-05
503860,2025-04-20,East,Smart Blinds,Rep A,Website,3,621.84,1865.52,2025-04
503861,2024-06-22,Midwest,Outdoor Shades,Rep C,Canvassing,2,366.58,733.16,2024-06
503862,2025-05-06,East,Window Treatments,Rep D,Referral,2,556.07,1112.14,2025-05
503863,2024-07-26,Midwest,Smart Blinds,Rep A,Website,1,831.55,831.55,2024-07
503864,2025-04-27,South,Accessories,Rep D,Inbound Call,5,441.47,2207.35,2025-04
503865,2025-12-04,South,Window Treatments,Rep B,Website,2,938.68,1877.36,2025-12
503866,2025-03-06,Midwest,Window Treatments,Rep A,Referral,4,159.14,636.56,2025-03
503867,2024-07-03,Midwest,Smart Blinds,Rep E,Canvassing,4,362.56,1450.24,2024-07
503868,2025-09-09,Midwest,Window Treatments,Rep A,Canvassing,1,862.37,862.37,2025-09
503869,2025-09-21,East,Window Treatments,Rep E,Inbound Call,5,502.1,2510.5,2025-09
503870,2025-05-03,East,Smart Blinds,Rep B,Inbound Call,4,152.23,608.92,2025-05
503871,2025-03-26,East,Accessories,Rep A,Inbound Call,3,152.08,456.24,2025-03
503872,2025-12-18,South,Window Treatments,Rep D,Canvassing,3,936.12,2808.36,2025-12
503873,2024-08-02,South,Outdoor Shades,Rep E,Inbound Call,5,487.66,2438.3,2024-08
503874,2025-10-20,South,Smart Blinds,Rep C,Canvassing,1,678.51,678.51,2025-10
503875,2025-06-22,East,Outdoor Shades,Rep D,Partner,2,633.48,1266.96,2025-06
503876,2024-10-28,East,Window Treatments,Rep E,Inbound Call,3,386.45,1159.35,2024-10
503877,2024-07-01,Midwest,Accessories,Rep A,Partner,4,439.06,1756.24,2024-07
503878,2024-09-14,West,Outdoor Shades,Rep B,Inbound Call,2,690.77,1381.54,2024-09
503879,2025-10-15,West,Window Treatments,Rep A,Inbound Call,1,121.26,121.26,2025-10
503880,2024-11-26,East,Window Treatments,Rep C,Partner,1,927.45,927.45,2024-11
503881,2024-01-01,East,Outdoor Shades,Rep A,Canvassing,4,482.9,1931.6,2024-01
503882,2025-11-21,West,Window Treatments,Rep A,Partner,5,233.84,1169.2,2025-11
503883,2025-08-18,East,Accessories,Rep C,Canvassing,4,399.71,1598.84,2025-08
503884,2025-11-27,South,Outdoor Shades,Rep D,Website,3,145.13,435.39,2025-11
503885,2024-09-26,East,Smart Blinds,Rep B,Canvassing,4,375.78,1503.12,2024-09
503886,2025-10-12,South,Accessories,Rep D,Inbound Call,2,894.17,1788.34,2025-10
503887,2024-01-12,West,Window Treatments,Rep B,Partner,2,609.55,1219.1,2024-01
503888,2024-12-05,South,Window Treatments,Rep B,Website,4,459.99,1839.96,2024-12
503889,2025-12-16,South,Window Treatments,Rep B,Canvassing,4,509.12,2036.48,2025-12
503890,2025-02-22,South,Outdoor Shades,Rep B,Referral,1,1071.56,1071.56,2025-02
503891,2024-10-16,South,Smart Blinds,Rep D,Website,2,165.58,331.16,2024-10
503892,2025-05-17,West,Window Treatments,Rep C,Website,3,1016.6,3049.8,2025-05
503893,2025-08-09,West,Smart Blinds,Rep B,Inbound Call,1,556.99,556.99,2025-08
503894,2025-09-18,Midwest,Outdoor Shades,Rep B,Referral,4,631.45,2525.8,2025-09
503895,2025-01-14,Midwest,Outdoor Shades,Rep D,Referral,3,695.42,2086.26,2025-01
503896,2025-07-25,South,Outdoor Shades,Rep B,Inbound Call,1,312.12,312.12,2025-07
503897,2024-08-14,East,Smart Blinds,Rep C,Inbound Call,3,984.06,2952.18,2024-08
503898,2025-12-26,South,Outdoor Shades,Rep D,Website,5,719.86,3599.3,2025-12
503899,2024-03-12,West,Smart Blinds,Rep D,Website,4,693.49,2773.96,2024-03
503900,2024-09-01,South,Smart Blinds,Rep B,Canvassing,3,388.19,1164.57,2024-09
503901,2025-08-31,Midwest,Smart Blinds,Rep A,Website,5,180.04,900.2,2025-08
503902,2025-11-28,Midwest,Window Treatments,Rep D,Website,5,1010.73,5053.65,2025-11
503903,2025-02-02,South,Outdoor Shades,Rep E,Inbound Call,4,655.91,2623.64,2025-02
503904,2025-01-31,South,Window Treatments,Rep D,Referral,2,1029.86,2059.72,2025-01
503905,2024-10-09,Midwest,Accessories,Rep B,Canvassing,2,250.77,501.54,2024-10
503906,2024-07-07,Midwest,Outdoor Shades,Rep B,Referral,2,595.74,1191.48,2024-07
503907,2025-03-21,East,Smart Blinds,Rep A,Website,5,261.16,1305.8,2025-03
503908,2024-04-29,East,Window Treatments,Rep B,Website,4,700.1,2800.4,2024-04
503909,2025-03-31,East,Outdoor Shades,Rep D,Website,2,831.17,1662.34,2025-03
503910,2024-10-12,West,Window Treatments,Rep B,Website,5,949.52,4747.6,2024-10
503911,2025-06-12,East,Window Treatments,Rep A,Referral,3,444.34,1333.02,2025-06
503912,2024-11-08,South,Smart Blinds,Rep D,Referral,5,353.34,1766.7,2024-11
503913,2024-10-26,Midwest,Smart Blinds,Rep A,Partner,4,868.94,3475.76,2024-10
503914,2025-08-08,South,Outdoor Shades,Rep A,Partner,1,607.66,607.66,2025-08
503915,2024-03-22,Midwest,Window Treatments,Rep C,Canvassing,3,207.2,621.6,2024-03
503916,2024-04-30,East,Window Treatments,Rep E,Canvassing,1,504.17,504.17,2024-04
503917,2024-02-13,West,Accessories,Rep C,Inbound Call,2,823.83,1647.66,2024-02
503918,2024-05-05,Midwest,Window Treatments,Rep E,Canvassing,2,500.77,1001.54,2024-05
503919,2025-11-21,East,Accessories,Rep B,Website,2,269.45,538.9,2025-11
503920,2025-10-27,South,Smart Blinds,Rep E,Inbound Call,4,134.51,538.04,2025-10
503921,2025-07-04,West,Outdoor Shades,Rep D,Referral,3,1021.52,3064.56,2025-07
503922,2024-03-16,Midwest,Window Treatments,Rep C,Partner,2,158.17,316.34,2024-03
503923,2024-06-12,South,Accessories,Rep B,Website,3,441.31,1323.93,2024-06
503924,2025-02-28,South,Window Treatments,Rep C,Partner,1,430.67,430.67,2025-02
503925,2024-02-23,Midwest,Outdoor Shades,Rep B,Partner,2,379.54,759.08,2024-02
503926,2025-08-20,Midwest,Outdoor Shades,Rep A,Canvassing,1,803.63,803.63,2025-08
503927,2024-02-05,Midwest,Outdoor Shades,Rep C,Referral,3,756.55,2269.65,2024-02
503928,2024-12-05,Midwest,Smart Blinds,Rep D,Inbound Call,2,443.55,887.1,2024-12
503929,2024-11-23,East,Window Treatments,Rep D,Canvassing,2,429.7,859.4,2024-11
503930,2024-10-18,West,Window Treatments,Rep D,Canvassing,4,936.91,3747.64,2024-10
503931,2024-06-16,East,Smart Blinds,Rep D,Referral,2,1005.85,2011.7,2024-06
503932,2025-08-15,South,Window Treatments,Rep C,Referral,3,879.7,2639.1,2025-08
503933,2024-09-19,South,Window Treatments,Rep E,Inbound Call,3,804.77,2414.31,2024-09
503934,2025-06-19,West,Window Treatments,Rep E,Partner,5,1011.77,5058.85,2025-06
503935,2025-09-21,South,Outdoor Shades,Rep E,Referral,3,741.32,2223.96,2025-09
503936,2024-05-11,West,Outdoor Shades,Rep D,Canvassing,2,637.53,1275.06,2024-05
503937,2024-01-12,Midwest,Window Treatments,Rep D,Website,1,254.66,254.66,2024-01
503938,2025-11-25,West,Accessories,Rep B,Referral,3,592.5,1777.5,2025-11
503939,2025-11-16,East,Outdoor Shades,Rep A,Referral,4,933.72,3734.88,2025-11
503940,2024-03-07,West,Window Treatments,Rep C,Partner,1,223.96,223.96,2024-03
503941,2025-12-03,East,Smart Blinds,Rep E,Inbound Call,5,863.11,4315.55,2025-12
503942,2025-08-18,East,Window Treatments,Rep E,Canvassing,5,1088.6,5443.0,2025-08
503943,2024-04-05,West,Smart Blinds,Rep C,Canvassing,4,496.51,1986.04,2024-04
503944,2024-01-26,West,Outdoor Shades,Rep A,Canvassing,4,237.68,950.72,2024-01
503945,2024-12-06,Midwest,Outdoor Shades,Rep E,Website,5,510.57,2552.85,2024-12
503946,2025-07-30,East,Window Treatments,Rep D,Partner,1,426.38,426.38,2025-07
503947,2025-06-17,West,Smart Blinds,Rep B,Canvassing,2,277.58,555.16,2025-06
503948,2025-10-11,East,Window Treatments,Rep C,Website,4,862.17,3448.68,2025-10
503949,2025-06-06,South,Smart Blinds,Rep E,Canvassing,3,250.85,752.55,2025-06
503950,2024-03-19,West,Accessories,Rep B,Website,5,959.12,4795.6,2024-03
503951,2025-06-17,West,Window Treatments,Rep A,Canvassing,3,347.87,1043.61,2025-06
503952,2025-07-09,East,Outdoor Shades,Rep D,Referral,5,537.51,2687.55,2025-07
503953,2024-08-22,Midwest,Outdoor Shades,Rep C,Inbound Call,5,998.02,4990.1,2024-08
503954,2024-11-29,South,Accessories,Rep A,Partner,1,1080.99,1080.99,2024-11
503955,2024-12-28,South,Smart Blinds,Rep D,Partner,3,612.09,1836.27,2024-12
503956,2024-09-15,South,Outdoor Shades,Rep D,Partner,3,211.98,635.94,2024-09
503957,2025-03-09,South,Outdoor Shades,Rep D,Website,4,568.7,2274.8,2025-03
503958,2024-01-03,South,Smart Blinds,Rep D,Partner,3,1021.59,3064.77,2024-01
503959,2024-11-04,South,Smart Blinds,Rep B,Inbound Call,2,696.64,1393.28,2024-11
503960,2024-03-08,East,Smart Blinds,Rep C,Partner,5,454.31,2271.55,2024-03
503961,2024-11-25,South,Window Treatments,Rep E,Canvassing,1,704.73,704.73,2024-11
503962,2025-05-27,East,Outdoor Shades,Rep C,Canvassing,1,264.91,264.91,2025-05
503963,2024-03-27,East,Smart Blinds,Rep D,Partner,2,935.56,1871.12,2024-03
503964,2024-11-11,Midwest,Smart Blinds,Rep E,Inbound Call,3,598.53,1795.59,2024-11
503965,2024-09-20,West,Outdoor Shades,Rep A,Partner,2,397.64,795.28,2024-09
503966,2024-12-19,Midwest,Window Treatments,Rep A,Inbound Call,2,1035.38,2070.76,2024-12
503967,2024-09-04,West,Window Treatments,Rep E,Website,1,190.3,190.3,2024-09
503968,2024-01-08,East,Smart Blinds,Rep C,Canvassing,1,377.05,377.05,2024-01
503969,2024-03-10,Midwest,Smart Blinds,Rep D,Inbound Call,1,955.97,955.97,2024-03
503970,2024-09-05,East,Accessories,Rep D,Website,1,160.63,160.63,2024-09
503971,2025-01-24,West,Window Treatments,Rep C,Referral,1,747.91,747.91,2025-01
503972,2024-10-25,West,Window Treatments,Rep A,Canvassing,4,197.18,788.72,2024-10
503973,2024-04-25,West,Outdoor Shades,Rep C,Website,4,752.73,3010.92,2024-04
503974,2025-06-10,South,Outdoor Shades,Rep D,Website,5,238.71,1193.55,2025-06
503975,2024-10-18,South,Accessories,Rep B,Inbound Call,1,288.68,288.68,2024-10
503976,2025-11-11,South,Window Treatments,Rep A,Website,1,892.58,892.58,2025-11
503977,2024-09-21,West,Window Treatments,Rep D,Website,3,773.22,2319.66,2024-09
503978,2025-11-02,Midwest,Smart Blinds,Rep E,Website,3,1018.13,3054.39,2025-11
503979,2024-12-17,West,Smart Blinds,Rep E,Partner,3,434.65,1303.95,2024-12
503980,2025-06-02,East,Window Treatments,Rep B,Referral,1,907.25,907.25,2025-06
503981,2024-08-22,South,Outdoor Shades,Rep A,Website,1,861.86,861.86,2024-08
503982,2024-11-23,East,Window Treatments,Rep A,Inbound Call,4,714.21,2856.84,2024-11
503983,2025-03-01,Midwest,Smart Blinds,Rep E,Website,1,547.71,547.71,2025-03
503984,2024-08-24,Midwest,Smart Blinds,Rep D,Canvassing,2,675.94,1351.88,2024-08
503985,2025-06-12,Midwest,Smart Blinds,Rep E,Referral,3,590.04,1770.12,2025-06
503986,2025-07-29,Midwest,Outdoor Shades,Rep D,Partner,1,508.12,508.12,2025-07
503987,2025-10-07,South,Window Treatments,Rep D,Partner,3,1096.14,3288.42,2025-10
503988,2025-02-11,West,Outdoor Shades,Rep B,Website,1,701.65,701.65,2025-02
503989,2024-07-29,West,Outdoor Shades,Rep A,Website,2,674.43,1348.86,2024-07
503990,2025-02-24,Midwest,Accessories,Rep E,Canvassing,4,645.1,2580.4,2025-02
503991,2025-05-31,Midwest,Outdoor Shades,Rep B,Partner,1,803.19,803.19,2025-05
503992,2024-10-24,South,Window Treatments,Rep B,Inbound Call,1,190.37,190.37,2024-10
503993,2025-09-09,East,Window Treatments,Rep C,Partner,4,121.58,486.32,2025-09
503994,2024-12-26,East,Outdoor Shades,Rep D,Website,2,763.59,1527.18,2024-12
503995,2025-12-30,West,Outdoor Shades,Rep B,Inbound Call,3,846.88,2540.64,2025-12
503996,2025-07-01,South,Accessories,Rep A,Partner,2,776.45,1552.9,2025-07
503997,2025-08-25,South,Window Treatments,Rep A,Referral,2,332.08,664.16,2025-08
503998,2024-01-04,East,Accessories,Rep B,Canvassing,1,885.28,885.28,2024-01
503999,2025-04-19,Midwest,Smart Blinds,Rep A,Inbound Call,1,492.19,492.19,2025-04
504000,2025-10-13,East,Window Treatments,Rep C,Inbound Call,3,414.83,1244.49,2025-10
504001,2025-01-28,Midwest,Window Treatments,Rep A,Referral,5,252.27,1261.35,2025-01
504002,2025-06-26,East,Outdoor Shades,Rep C,Partner,2,955.8,1911.6,2025-06
504003,2025-09-16,East,Outdoor Shades,Rep C,Partner,5,158.55,792.75,2025-09
504004,2024-06-02,South,Smart Blinds,Rep D,Inbound Call,3,693.8,2081.4,2024-06
504005,2024-08-01,East,Window Treatments,Rep E,Partner,4,904.9,3619.6,2024-08
504006,2025-04-13,West,Window Treatments,Rep A,Canvassing,1,259.68,259.68,2025-04
504007,2025-03-16,East,Window Treatments,Rep B,Website,2,984.68,1969.36,2025-03
504008,2024-04-04,East,Window Treatments,Rep A,Canvassing,3,315.58,946.74,2024-04
504009,2024-04-15,Midwest,Smart Blinds,Rep D,Website,3,1002.32,3006.96,2024-04
504010,2024-03-11,South,Outdoor Shades,Rep D,Referral,1,874.5,874.5,2024-03
504011,2024-06-23,East,Outdoor Shades,Rep B,Inbound Call,1,311.11,311.11,2024-06
504012,2025-12-16,South,Window Treatments,Rep A,Website,3,775.56,2326.68,2025-12
504013,2025-10-04,East,Smart Blinds,Rep B,Referral,3,255.1,765.3,2025-10
504014,2024-07-18,South,Smart Blinds,Rep B,Referral,4,1048.46,4193.84,2024-07
504015,2025-09-18,Midwest,Window Treatments,Rep B,Website,5,938.2,4691.0,2025-09
504016,2025-02-21,Midwest,Smart Blinds,Rep E,Referral,4,930.67,3722.68,2025-02
504017,2024-10-28,South,Accessories,Rep E,Website,4,391.56,1566.24,2024-10
504018,2024-09-25,South,Window Treatments,Rep D,Partner,3,409.8,1229.4,2024-09
504019,2024-03-30,South,Smart Blinds,Rep B,Website,3,532.9,1598.7,2024-03
504020,2024-12-29,Midwest,Accessories,Rep A,Canvassing,3,136.44,409.32,2024-12
504021,2025-11-15,West,Smart Blinds,Rep A,Partner,5,806.06,4030.3,2025-11
504022,2024-04-15,East,Smart Blinds,Rep A,Referral,5,999.01,4995.05,2024-04
504023,2025-08-21,West,Outdoor Shades,Rep B,Website,1,607.2,607.2,2025-08
504024,2024-08-16,East,Outdoor Shades,Rep A,Canvassing,3,537.93,1613.79,2024-08
504025,2025-01-28,South,Outdoor Shades,Rep D,Partner,1,506.11,506.11,2025-01
504026,2024-09-02,West,Outdoor Shades,Rep E,Referral,1,964.19,964.19,2024-09
504027,2025-06-04,South,Window Treatments,Rep C,Canvassing,2,539.62,1079.24,2025-06
504028,2024-05-06,Midwest,Smart Blinds,Rep C,Inbound Call,2,473.85,947.7,2024-05
504029,2025-01-06,West,Smart Blinds,Rep E,Website,3,948.39,2845.17,2025-01
504030,2025-07-14,Midwest,Accessories,Rep A,Canvassing,5,638.27,3191.35,2025-07
504031,2025-09-03,East,Smart Blinds,Rep E,Website,3,900.59,2701.77,2025-09
504032,2024-11-06,East,Accessories,Rep A,Canvassing,2,1079.13,2158.26,2024-11
504033,2025-03-03,East,Smart Blinds,Rep E,Canvassing,1,865.57,865.57,2025-03
504034,2024-09-27,Midwest,Window Treatments,Rep E,Inbound Call,3,296.49,889.47,2024-09
504035,2025-01-05,Midwest,Outdoor Shades,Rep B,Referral,3,133.29,399.87,2025-01
504036,2025-08-27,South,Outdoor Shades,Rep E,Inbound Call,4,1074.5,4298.0,2025-08
504037,2024-11-21,Midwest,Smart Blinds,Rep B,Partner,1,819.66,819.66,2024-11
504038,2025-08-15,Midwest,Smart Blinds,Rep A,Website,1,501.64,501.64,2025-08
504039,2024-03-24,West,Window Treatments,Rep E,Canvassing,5,741.79,3708.95,2024-03
504040,2024-08-21,West,Outdoor Shades,Rep B,Referral,1,451.92,451.92,2024-08
504041,2024-12-05,Midwest,Window Treatments,Rep A,Website,3,1064.33,3192.99,2024-12
504042,2024-08-29,East,Accessories,Rep D,Partner,2,1066.87,2133.74,2024-08
504043,2025-01-05,West,Outdoor Shades,Rep C,Website,5,1090.51,5452.55,2025-01
504044,2025-07-17,Midwest,Window Treatments,Rep B,Website,2,885.92,1771.84,2025-07
504045,2025-09-06,South,Window Treatments,Rep C,Website,5,149.68,748.4,2025-09
504046,2025-04-21,Midwest,Window Treatments,Rep D,Partner,5,162.13,810.65,2025-04
504047,2025-07-17,East,Window Treatments,Rep D,Inbound Call,4,324.17,1296.68,2025-07
504048,2025-03-17,Midwest,Window Treatments,Rep B,Referral,2,980.17,1960.34,2025-03
504049,2024-09-29,Midwest,Smart Blinds,Rep C,Website,4,764.58,3058.32,2024-09
504050,2025-08-20,South,Smart Blinds,Rep C,Partner,1,894.64,894.64,2025-08
504051,2025-02-18,Midwest,Accessories,Rep E,Partner,3,787.79,2363.37,2025-02
504052,2025-01-05,West,Outdoor Shades,Rep D,Website,2,1050.49,2100.98,2025-01
504053,2025-10-31,East,Window Treatments,Rep D,Inbound Call,5,561.08,2805.4,2025-10
504054,2024-10-06,East,Window Treatments,Rep B,Inbound Call,2,1028.26,2056.52,2024-10
504055,2025-02-07,Midwest,Accessories,Rep E,Partner,1,560.33,560.33,2025-02
504056,2024-09-18,West,Window Treatments,Rep B,Partner,1,426.36,426.36,2024-09
504057,2024-10-10,East,Accessories,Rep C,Website,3,636.46,1909.38,2024-10
504058,2024-10-02,Midwest,Smart Blinds,Rep B,Partner,3,599.05,1797.15,2024-10
504059,2024-04-01,West,Outdoor Shades,Rep E,Partner,1,990.94,990.94,2024-04
504060,2025-10-12,East,Window Treatments,Rep E,Canvassing,5,830.27,4151.35,2025-10
504061,2024-01-28,East,Smart Blinds,Rep E,Canvassing,5,372.46,1862.3,2024-01
504062,2024-10-23,East,Smart Blinds,Rep A,Partner,2,646.69,1293.38,2024-10
504063,2025-12-29,East,Outdoor Shades,Rep D,Canvassing,2,392.41,784.82,2025-12
504064,2025-09-28,Midwest,Smart Blinds,Rep C,Inbound Call,3,875.38,2626.14,2025-09
504065,2024-03-27,East,Smart Blinds,Rep C,Website,2,657.8,1315.6,2024-03
504066,2024-01-18,West,Window Treatments,Rep A,Referral,1,439.45,439.45,2024-01
504067,2025-07-24,South,Outdoor Shades,Rep A,Website,2,279.0,558.0,2025-07
504068,2025-04-15,Midwest,Outdoor Shades,Rep B,Inbound Call,1,771.74,771.74,2025-04
504069,2025-10-03,West,Smart Blinds,Rep A,Website,3,913.68,2741.04,2025-10
504070,2024-09-21,Midwest,Outdoor Shades,Rep B,Canvassing,3,675.57,2026.71,2024-09
504071,2024-06-28,West,Window Treatments,Rep B,Partner,3,959.17,2877.51,2024-06
504072,2024-05-20,East,Outdoor Shades,Rep A,Canvassing,5,732.21,3661.05,2024-05
504073,2025-05-01,East,Outdoor Shades,Rep A,Partner,1,548.0,548.0,2025-05
504074,2025-06-25,West,Window Treatments,Rep D,Website,5,336.63,1683.15,2025-06
504075,2024-01-25,South,Window Treatments,Rep E,Website,4,625.19,2500.76,2024-01
504076,2024-06-03,West,Accessories,Rep B,Website,4,498.01,1992.04,2024-06
504077,2024-10-30,Midwest,Smart Blinds,Rep B,Referral,2,340.72,681.44,2024-10
504078,2025-06-10,East,Outdoor Shades,Rep B,Partner,4,639.99,2559.96,2025-06
504079,2025-06-13,East,Accessories,Rep A,Website,1,1097.2,1097.2,2025-06
504080,2024-10-27,Midwest,Window Treatments,Rep E,Partner,1,865.54,865.54,2024-10
504081,2024-10-21,East,Window Treatments,Rep E,Partner,2,694.75,1389.5,2024-10
504082,2024-08-04,East,Window Treatments,Rep B,Canvassing,5,823.94,4119.7,2024-08
504083,2025-11-28,West,Outdoor Shades,Rep D,Canvassing,1,209.11,209.11,2025-11
504084,2025-12-22,West,Outdoor Shades,Rep A,Inbound Call,1,590.57,590.57,2025-12
504085,2024-08-31,West,Outdoor Shades,Rep B,Inbound Call,2,774.07,1548.14,2024-08
504086,2025-01-24,South,Accessories,Rep A,Inbound Call,2,1036.04,2072.08,2025-01
504087,2024-03-12,East,Accessories,Rep A,Website,4,928.5,3714.0,2024-03
504088,2024-04-21,East,Smart Blinds,Rep B,Canvassing,3,157.63,472.89,2024-04
504089,2024-06-21,Midwest,Smart Blinds,Rep D,Website,4,767.94,3071.76,2024-06
504090,2024-06-02,West,Window Treatments,Rep B,Referral,5,522.02,2610.1,2024-06
504091,2024-07-26,Midwest,Window Treatments,Rep A,Partner,1,840.88,840.88,2024-07
504092,2024-10-12,Midwest,Outdoor Shades,Rep D,Inbound Call,3,259.03,777.09,2024-10
504093,2024-12-14,West,Window Treatments,Rep E,Referral,4,469.22,1876.88,2024-12
504094,2025-02-17,East,Accessories,Rep D,Partner,4,238.93,955.72,2025-02
504095,2024-11-17,East,Window Treatments,Rep D,Partner,2,341.7,683.4,2024-11
504096,2024-02-27,Midwest,Smart Blinds,Rep C,Partner,2,144.41,288.82,2024-02
504097,2024-02-04,Midwest,Window Treatments,Rep B,Inbound Call,3,430.53,1291.59,2024-02
504098,2024-07-12,South,Window Treatments,Rep B,Website,4,316.74,1266.96,2024-07
504099,2024-05-20,South,Window Treatments,Rep C,Referral,1,873.7,873.7,2024-05
504100,2024-07-01,West,Smart Blinds,Rep A,Canvassing,5,584.95,2924.75,2024-07
504101,2025-02-20,West,Accessories,Rep C,Canvassing,5,647.59,3237.95,2025-02
504102,2024-10-14,East,Window Treatments,Rep A,Inbound Call,2,814.32,1628.64,2024-10
504103,2025-11-05,South,Window Treatments,Rep E,Referral,5,422.34,2111.7,2025-11
504104,2025-03-10,West,Outdoor Shades,Rep D,Inbound Call,1,920.35,920.35,2025-03
504105,2025-03-16,East,Window Treatments,Rep C,Referral,1,675.95,675.95,2025-03
504106,2024-05-11,Midwest,Window Treatments,Rep C,Canvassing,5,418.31,2091.55,2024-05
504107,2024-10-08,Midwest,Smart Blinds,Rep D,Partner,2,305.03,610.06,2024-10
504108,2024-09-07,Midwest,Smart Blinds,Rep A,Canvassing,5,207.97,1039.85,2024-09
504109,2025-04-22,East,Smart Blinds,Rep A,Inbound Call,5,206.2,1031.0,2025-04
504110,2025-01-31,Midwest,Window Treatments,Rep E,Inbound Call,5,133.4,667.0,2025-01
504111,2024-04-18,East,Smart Blinds,Rep C,Inbound Call,5,1071.77,5358.85,2024-04
504112,2025-06-20,Midwest,Outdoor Shades,Rep D,Website,3,309.05,927.15,2025-06
504113,2025-04-29,Midwest,Smart Blinds,Rep E,Partner,5,955.66,4778.3,2025-04
504114,2024-09-17,East,Outdoor Shades,Rep D,Partner,2,1087.59,2175.18,2024-09
504115,2024-01-24,West,Window Treatments,Rep C,Partner,2,890.44,1780.88,2024-01
504116,2024-08-04,Midwest,Window Treatments,Rep B,Website,3,405.25,1215.75,2024-08
504117,2024-06-18,Midwest,Window Treatments,Rep A,Website,4,893.44,3573.76,2024-06
504118,2024-07-29,East,Accessories,Rep C,Referral,4,1053.74,4214.96,2024-07
504119,2025-10-26,South,Outdoor Shades,Rep B,Inbound Call,1,196.64,196.64,2025-10
504120,2025-10-07,West,Accessories,Rep C,Referral,1,411.13,411.13,2025-10
504121,2024-08-17,South,Smart Blinds,Rep C,Website,3,972.14,2916.42,2024-08
504122,2024-12-11,East,Window Treatments,Rep C,Inbound Call,1,683.92,683.92,2024-12
504123,2024-07-13,Midwest,Outdoor Shades,Rep D,Website,3,423.16,1269.48,2024-07
504124,2025-09-05,South,Outdoor Shades,Rep C,Canvassing,5,186.94,934.7,2025-09
504125,2024-03-21,East,Window Treatments,Rep B,Inbound Call,5,1044.66,5223.3,2024-03
504126,2024-11-29,South,Window Treatments,Rep E,Partner,2,1084.62,2169.24,2024-11
504127,2024-10-08,West,Window Treatments,Rep E,Partner,1,689.71,689.71,2024-10
504128,2024-10-21,South,Window Treatments,Rep C,Referral,5,257.49,1287.45,2024-10
504129,2024-08-12,Midwest,Window Treatments,Rep C,Partner,5,747.16,3735.8,2024-08
504130,2024-09-02,South,Window Treatments,Rep A,Canvassing,5,786.23,3931.15,2024-09
504131,2024-08-12,Midwest,Window Treatments,Rep A,Inbound Call,1,757.69,757.69,2024-08
504132,2025-08-31,West,Outdoor Shades,Rep C,Partner,4,181.96,727.84,2025-08
504133,2024-04-05,West,Accessories,Rep E,Partner,1,705.79,705.79,2024-04
504134,2024-10-09,Midwest,Smart Blinds,Rep C,Canvassing,1,740.01,740.01,2024-10
504135,2024-06-02,South,Window Treatments,Rep C,Inbound Call,3,839.52,2518.56,2024-06
504136,2025-08-07,West,Smart Blinds,Rep C,Canvassing,4,135.2,540.8,2025-08
504137,2025-04-18,Midwest,Smart Blinds,Rep B,Website,3,265.72,797.16,2025-04
504138,2024-08-20,South,Accessories,Rep E,Website,1,548.96,548.96,2024-08
504139,2024-11-17,Midwest,Window Treatments,Rep C,Inbound Call,4,985.62,3942.48,2024-11
504140,2024-03-05,Midwest,Accessories,Rep C,Canvassing,5,851.6,4258.0,2024-03
504141,2024-08-09,East,Window Treatments,Rep B,Partner,4,389.02,1556.08,2024-08
504142,2025-12-20,East,Smart Blinds,Rep A,Canvassing,4,390.41,1561.64,2025-12
504143,2025-06-02,East,Window Treatments,Rep E,Referral,1,682.94,682.94,2025-06
504144,2025-12-29,East,Outdoor Shades,Rep C,Referral,2,935.77,1871.54,2025-12
504145,2024-11-05,Midwest,Smart Blinds,Rep D,Canvassing,1,447.07,447.07,2024-11
504146,2024-07-17,West,Smart Blinds,Rep E,Inbound Call,3,643.51,1930.53,2024-07
504147,2025-09-04,South,Accessories,Rep A,Website,3,439.97,1319.91,2025-09
504148,2025-11-01,Midwest,Window Treatments,Rep D,Inbound Call,4,471.36,1885.44,2025-11
504149,2025-10-02,Midwest,Smart Blinds,Rep B,Referral,2,1053.06,2106.12,2025-10
504150,2024-10-26,West,Accessories,Rep D,Inbound Call,2,186.68,373.36,2024-10
504151,2024-12-01,East,Window Treatments,Rep A,Canvassing,4,194.88,779.52,2024-12
504152,2024-05-16,East,Window Treatments,Rep A,Referral,5,494.72,2473.6,2024-05
504153,2025-01-31,Midwest,Window Treatments,Rep C,Canvassing,5,340.97,1704.85,2025-01
504154,2024-12-27,Midwest,Smart Blinds,Rep A,Partner,5,153.72,768.6,2024-12
504155,2025-04-25,Midwest,Outdoor Shades,Rep A,Website,1,1049.97,1049.97,2025-04
504156,2025-05-16,South,Outdoor Shades,Rep B,Canvassing,1,465.51,465.51,2025-05
504157,2025-02-27,East,Outdoor Shades,Rep C,Canvassing,5,380.86,1904.3,2025-02
504158,2025-01-30,West,Window Treatments,Rep B,Canvassing,4,147.18,588.72,2025-01
504159,2024-10-14,West,Window Treatments,Rep C,Inbound Call,2,316.2,632.4,2024-10
504160,2024-08-16,South,Window Treatments,Rep A,Website,2,921.6,1843.2,2024-08
504161,2025-01-13,South,Window Treatments,Rep A,Inbound Call,5,901.21,4506.05,2025-01
504162,2025-09-09,East,Outdoor Shades,Rep D,Canvassing,5,821.63,4108.15,2025-09
504163,2025-09-15,East,Window Treatments,Rep B,Canvassing,3,453.54,1360.62,2025-09
504164,2024-06-13,South,Accessories,Rep B,Website,2,827.78,1655.56,2024-06
504165,2024-11-27,South,Window Treatments,Rep B,Website,1,471.58,471.58,2024-11
504166,2025-06-29,East,Accessories,Rep C,Inbound Call,2,419.2,838.4,2025-06
504167,2024-09-08,South,Smart Blinds,Rep E,Website,4,992.93,3971.72,2024-09
504168,2024-06-27,West,Window Treatments,Rep B,Referral,3,863.96,2591.88,2024-06
504169,2024-12-21,East,Window Treatments,Rep C,Inbound Call,1,413.62,413.62,2024-12
504170,2025-04-19,Midwest,Accessories,Rep E,Partner,3,328.16,984.48,2025-04
504171,2024-05-07,East,Accessories,Rep B,Canvassing,2,699.67,1399.34,2024-05
504172,2025-05-05,Midwest,Outdoor Shades,Rep A,Referral,1,339.99,339.99,2025-05
504173,2024-03-04,West,Smart Blinds,Rep A,Partner,1,124.68,124.68,2024-03
504174,2024-08-16,East,Smart Blinds,Rep D,Inbound Call,5,227.9,1139.5,2024-08
504175,2025-07-18,Midwest,Window Treatments,Rep B,Partner,1,252.62,252.62,2025-07
504176,2025-02-28,East,Window Treatments,Rep B,Referral,5,837.75,4188.75,2025-02
504177,2025-12-07,West,Smart Blinds,Rep C,Canvassing,2,120.36,240.72,2025-12
504178,2024-02-27,East,Outdoor Shades,Rep B,Referral,4,1073.21,4292.84,2024-02
504179,2024-09-07,East,Window Treatments,Rep C,Inbound Call,3,1018.93,3056.79,2024-09
504180,2025-03-22,Midwest,Window Treatments,Rep E,Canvassing,1,155.58,155.58,2025-03
504181,2024-07-22,East,Window Treatments,Rep E,Referral,5,834.42,4172.1,2024-07
504182,2025-10-13,South,Accessories,Rep B,Partner,4,761.71,3046.84,2025-10
504183,2024-04-11,South,Outdoor Shades,Rep A,Canvassing,1,336.55,336.55,2024-04
504184,2025-01-31,West,Window Treatments,Rep C,Referral,2,1085.02,2170.04,2025-01
504185,2025-10-07,South,Window Treatments,Rep C,Inbound Call,2,899.6,1799.2,2025-10
504186,2025-06-20,West,Smart Blinds,Rep E,Canvassing,3,395.04,1185.12,2025-06
504187,2025-01-19,Midwest,Outdoor Shades,Rep A,Canvassing,5,976.65,4883.25,2025-01
504188,2024-04-12,East,Window Treatments,Rep B,Canvassing,1,634.52,634.52,2024-04
504189,2024-05-20,West,Smart Blinds,Rep E,Partner,5,184.89,924.45,2024-05
504190,2024-08-27,Midwest,Smart Blinds,Rep C,Canvassing,3,421.94,1265.82,2024-08
504191,2024-12-25,South,Smart Blinds,Rep C,Referral,3,860.39,2581.17,2024-12
504192,2025-04-10,West,Outdoor Shades,Rep E,Partner,2,917.85,1835.7,2025-04
504193,2024-02-04,South,Smart Blinds,Rep E,Partner,3,1032.7,3098.1,2024-02
504194,2024-08-11,Midwest,Outdoor Shades,Rep A,Partner,4,945.43,3781.72,2024-08
504195,2024-08-08,West,Smart Blinds,Rep B,Referral,1,558.65,558.65,2024-08
504196,2025-06-08,East,Outdoor Shades,Rep C,Canvassing,5,324.84,1624.2,2025-06
504197,2025-08-27,South,Smart Blinds,Rep B,Referral,4,786.64,3146.56,2025-08
504198,2025-05-08,Midwest,Smart Blinds,Rep E,Inbound Call,4,163.15,652.6,2025-05
504199,2025-01-30,East,Smart Blinds,Rep D,Canvassing,4,560.86,2243.44,2025-01
504200,2025-01-11,West,Smart Blinds,Rep C,Partner,2,349.74,699.48,2025-01
504201,2025-06-03,West,Smart Blinds,Rep C,Inbound Call,2,155.8,311.6,2025-06
504202,2024-06-20,East,Outdoor Shades,Rep A,Referral,2,714.6,1429.2,2024-06
504203,2024-04-11,West,Smart Blinds,Rep A,Canvassing,3,603.26,1809.78,2024-04
504204,2025-11-22,Midwest,Accessories,Rep E,Website,4,135.07,540.28,2025-11
504205,2024-01-26,South,Smart Blinds,Rep B,Inbound Call,4,888.63,3554.52,2024-01
504206,2024-07-18,South,Window Treatments,Rep E,Inbound Call,5,708.2,3541.0,2024-07
504207,2024-03-09,West,Outdoor Shades,Rep A,Canvassing,3,630.45,1891.35,2024-03
504208,2024-06-03,South,Outdoor Shades,Rep B,Referral,1,594.24,594.24,2024-06
504209,2024-10-25,South,Outdoor Shades,Rep E,Canvassing,3,943.15,2829.45,2024-10
504210,2025-10-10,East,Window Treatments,Rep A,Referral,1,1002.61,1002.61,2025-10
504211,2025-12-19,West,Window Treatments,Rep B,Inbound Call,2,941.31,1882.62,2025-12
504212,2024-11-29,West,Smart Blinds,Rep D,Canvassing,1,848.08,848.08,2024-11
504213,2024-03-01,Midwest,Window Treatments,Rep E,Referral,3,503.3,1509.9,2024-03
504214,2024-04-16,East,Smart Blinds,Rep B,Referral,2,549.13,1098.26,2024-04
504215,2024-04-06,South,Window Treatments,Rep D,Inbound Call,2,429.02,858.04,2024-04
504216,2024-01-26,South,Smart Blinds,Rep C,Partner,5,285.21,1426.05,2024-01
504217,2025-02-06,West,Accessories,Rep C,Inbound Call,2,143.47,286.94,2025-02
504218,2024-05-01,South,Accessories,Rep E,Inbound Call,3,145.03,435.09,2024-05
504219,2025-07-30,West,Smart Blinds,Rep C,Partner,2,783.61,1567.22,2025-07
504220,2025-10-21,West,Outdoor Shades,Rep A,Canvassing,4,964.24,3856.96,2025-10
504221,2024-10-31,South,Window Treatments,Rep D,Website,5,604.26,3021.3,2024-10
504222,2024-05-04,South,Window Treatments,Rep C,Referral,5,301.61,1508.05,2024-05
504223,2025-09-30,South,Window Treatments,Rep A,Website,5,1063.44,5317.2,2025-09
504224,2024-12-15,East,Outdoor Shades,Rep A,Canvassing,2,327.24,654.48,2024-12
504225,2024-10-25,South,Outdoor Shades,Rep E,Canvassing,3,162.71,488.13,2024-10
504226,2024-02-17,East,Window Treatments,Rep E,Inbound Call,4,863.49,3453.96,2024-02
504227,2024-07-12,West,Window Treatments,Rep B,Canvassing,5,681.0,3405.0,2024-07
504228,2024-02-29,East,Window Treatments,Rep B,Inbound Call,5,1090.43,5452.15,2024-02
504229,2024-01-21,South,Window Treatments,Rep A,Referral,5,303.55,1517.75,2024-01
504230,2024-06-02,West,Accessories,Rep B,Inbound Call,1,312.33,312.33,2024-06
504231,2025-08-01,Midwest,Window Treatments,Rep D,Website,3,224.06,672.18,2025-08
504232,2024-03-06,Midwest,Window Treatments,Rep A,Referral,4,843.82,3375.28,2024-03
504233,2024-05-26,West,Window Treatments,Rep A,Referral,3,769.82,2309.46,2024-05
504234,2024-10-15,Midwest,Window Treatments,Rep E,Referral,2,1082.98,2165.96,2024-10
504235,2025-06-14,East,Window Treatments,Rep C,Partner,3,482.42,1447.26,2025-06
504236,2024-03-02,West,Window Treatments,Rep E,Canvassing,2,575.79,1151.58,2024-03
504237,2025-07-31,Midwest,Accessories,Rep A,Website,4,136.52,546.08,2025-07
504238,2025-08-27,South,Window Treatments,Rep A,Referral,1,502.72,502.72,2025-08
504239,2024-07-17,West,Window Treatments,Rep A,Website,2,458.15,916.3,2024-07
504240,2025-06-10,East,Window Treatments,Rep C,Website,2,385.41,770.82,2025-06
504241,2025-09-17,West,Accessories,Rep E,Inbound Call,2,432.72,865.44,2025-09
504242,2024-01-26,East,Window Treatments,Rep A,Referral,2,850.97,1701.94,2024-01
504243,2024-12-21,West,Window Treatments,Rep D,Canvassing,1,490.35,490.35,2024-12
504244,2025-07-04,East,Window Treatments,Rep C,Website,3,534.48,1603.44,2025-07
504245,2025-10-22,Midwest,Window Treatments,Rep D,Inbound Call,2,181.06,362.12,2025-10
504246,2024-06-05,East,Outdoor Shades,Rep A,Inbound Call,1,747.72,747.72,2024-06
504247,2024-07-04,Midwest,Accessories,Rep E,Canvassing,1,386.7,386.7,2024-07
504248,2025-01-24,East,Window Treatments,Rep B,Partner,1,487.56,487.56,2025-01
504249,2024-10-26,South,Outdoor Shades,Rep A,Referral,4,161.36,645.44,2024-10
504250,2025-01-25,West,Outdoor Shades,Rep E,Canvassing,3,983.84,2951.52,2025-01
504251,2025-09-29,Midwest,Smart Blinds,Rep B,Website,1,1019.47,1019.47,2025-09
504252,2024-11-14,Midwest,Smart Blinds,Rep A,Referral,5,530.85,2654.25,2024-11
504253,2025-03-16,Midwest,Outdoor Shades,Rep D,Referral,1,921.89,921.89,2025-03
504254,2025-02-16,South,Outdoor Shades,Rep B,Referral,1,675.83,675.83,2025-02
504255,2025-03-17,East,Smart Blinds,Rep E,Partner,5,731.31,3656.55,2025-03
504256,2025-05-02,Midwest,Smart Blinds,Rep B,Website,4,679.67,2718.68,2025-05
504257,2025-12-01,South,Accessories,Rep B,Referral,4,384.97,1539.88,2025-12
504258,2024-12-10,East,Outdoor Shades,Rep D,Canvassing,1,248.93,248.93,2024-12
504259,2024-02-07,West,Outdoor Shades,Rep B,Canvassing,5,143.96,719.8,2024-02
504260,2025-01-12,Midwest,Window Treatments,Rep C,Website,1,860.9,860.9,2025-01
504261,2024-06-11,West,Smart Blinds,Rep C,Referral,5,631.28,3156.4,2024-06
504262,2024-12-13,South,Outdoor Shades,Rep B,Partner,2,1032.92,2065.84,2024-12
504263,2025-07-04,Midwest,Smart Blinds,Rep D,Referral,3,530.88,1592.64,2025-07
504264,2025-08-08,South,Smart Blinds,Rep C,Partner,4,196.43,785.72,2025-08
504265,2025-06-15,West,Outdoor Shades,Rep A,Referral,1,137.0,137.0,2025-06
504266,2024-07-07,South,Outdoor Shades,Rep B,Canvassing,5,646.52,3232.6,2024-07
504267,2025-11-28,East,Accessories,Rep D,Referral,5,717.19,3585.95,2025-11
504268,2024-01-23,Midwest,Smart Blinds,Rep E,Canvassing,2,265.99,531.98,2024-01
504269,2025-11-17,South,Smart Blinds,Rep A,Website,5,368.84,1844.2,2025-11
504270,2024-10-23,East,Window Treatments,Rep D,Inbound Call,3,970.53,2911.59,2024-10
504271,2024-11-05,East,Window Treatments,Rep C,Partner,4,484.76,1939.04,2024-11
504272,2024-12-22,Midwest,Smart Blinds,Rep B,Referral,1,740.49,740.49,2024-12
504273,2025-09-24,West,Window Treatments,Rep B,Website,5,257.98,1289.9,2025-09
504274,2025-01-17,East,Outdoor Shades,Rep E,Inbound Call,4,824.23,3296.92,2025-01
504275,2025-05-06,South,Window Treatments,Rep D,Partner,3,1006.03,3018.09,2025-05
504276,2025-08-05,Midwest,Outdoor Shades,Rep D,Inbound Call,3,684.27,2052.81,2025-08
504277,2024-09-10,Midwest,Smart Blinds,Rep C,Partner,4,1034.28,4137.12,2024-09
504278,2024-12-07,Midwest,Window Treatments,Rep C,Canvassing,1,899.58,899.58,2024-12
504279,2024-12-25,South,Outdoor Shades,Rep A,Referral,5,1005.75,5028.75,2024-12
504280,2025-08-29,East,Smart Blinds,Rep B,Website,2,619.96,1239.92,2025-08
504281,2025-12-15,Midwest,Accessories,Rep D,Inbound Call,5,446.16,2230.8,2025-12
504282,2024-01-07,Midwest,Smart Blinds,Rep C,Website,1,885.59,885.59,2024-01
504283,2024-10-09,South,Smart Blinds,Rep A,Canvassing,2,1080.07,2160.14,2024-10
504284,2025-11-20,Midwest,Smart Blinds,Rep B,Inbound Call,2,491.99,983.98,2025-11
504285,2024-06-05,West,Window Treatments,Rep D,Website,5,1052.2,5261.0,2024-06
504286,2024-09-12,West,Window Treatments,Rep A,Inbound Call,5,1019.48,5097.4,2024-09
504287,2025-09-06,East,Window Treatments,Rep D,Canvassing,5,346.2,1731.0,2025-09
504288,2024-10-26,Midwest,Window Treatments,Rep D,Referral,5,1044.8,5224.0,2024-10
504289,2024-08-21,South,Window Treatments,Rep C,Canvassing,5,600.59,3002.95,2024-08
504290,2025-08-27,West,Outdoor Shades,Rep B,Inbound Call,2,202.44,404.88,2025-08
504291,2024-07-29,South,Smart Blinds,Rep D,Website,2,790.31,1580.62,2024-07
504292,2025-01-19,East,Window Treatments,Rep D,Referral,2,749.89,1499.78,2025-01
504293,2025-09-26,East,Accessories,Rep B,Partner,5,187.53,937.65,2025-09
504294,2025-04-04,South,Window Treatments,Rep A,Website,2,1007.77,2015.54,2025-04
504295,2025-07-31,West,Accessories,Rep A,Partner,3,366.71,1100.13,2025-07
504296,2024-06-13,Midwest,Outdoor Shades,Rep C,Partner,3,226.22,678.66,2024-06
504297,2025-08-12,South,Window Treatments,Rep A,Partner,1,520.5,520.5,2025-08
504298,2024-11-22,South,Outdoor Shades,Rep D,Partner,1,628.28,628.28,2024-11
504299,2024-05-03,South,Smart Blinds,Rep B,Website,3,429.34,1288.02,2024-05
504300,2024-01-11,West,Outdoor Shades,Rep E,Partner,5,186.78,933.9,2024-01
504301,2024-06-07,South,Smart Blinds,Rep C,Canvassing,3,699.8,2099.4,2024-06
504302,2025-03-14,West,Outdoor Shades,Rep A,Partner,2,188.87,377.74,2025-03
504303,2024-06-25,South,Window Treatments,Rep C,Canvassing,4,669.32,2677.28,2024-06
504304,2024-11-14,Midwest,Window Treatments,Rep E,Website,1,331.01,331.01,2024-11
504305,2025-04-12,West,Window Treatments,Rep B,Website,4,815.34,3261.36,2025-04
504306,2025-08-21,South,Outdoor Shades,Rep E,Partner,3,330.08,990.24,2025-08
504307,2025-10-05,West,Accessories,Rep E,Inbound Call,2,671.34,1342.68,2025-10
504308,2025-02-27,Midwest,Outdoor Shades,Rep D,Website,4,234.39,937.56,2025-02
504309,2025-10-08,Midwest,Window Treatments,Rep A,Partner,5,399.1,1995.5,2025-10
504310,2025-06-03,East,Smart Blinds,Rep E,Website,2,659.05,1318.1,2025-06
504311,2025-08-01,East,Window Treatments,Rep E,Canvassing,2,326.36,652.72,2025-08
504312,2024-03-22,South,Outdoor Shades,Rep A,Inbound Call,4,325.24,1300.96,2024-03
504313,2024-09-19,South,Outdoor Shades,Rep E,Partner,3,742.07,2226.21,2024-09
504314,2025-11-24,East,Outdoor Shades,Rep E,Inbound Call,5,476.65,2383.25,2025-11
504315,2024-07-30,East,Smart Blinds,Rep D,Website,3,360.62,1081.86,2024-07
504316,2025-02-13,West,Smart Blinds,Rep B,Partner,4,1056.35,4225.4,2025-02
504317,2024-08-14,East,Accessories,Rep A,Website,2,448.83,897.66,2024-08
504318,2024-09-01,East,Window Treatments,Rep E,Partner,1,851.87,851.87,2024-09
504319,2024-01-07,South,Smart Blinds,Rep B,Partner,1,741.03,741.03,2024-01
504320,2024-03-07,West,Window Treatments,Rep D,Inbound Call,1,469.82,469.82,2024-03
504321,2024-10-22,West,Smart Blinds,Rep E,Website,4,885.3,3541.2,2024-10
504322,2025-11-30,Midwest,Outdoor Shades,Rep C,Inbound Call,3,673.87,2021.61,2025-11
504323,2025-04-04,South,Smart Blinds,Rep E,Referral,3,1077.28,3231.84,2025-04
504324,2025-10-21,East,Window Treatments,Rep E,Referral,2,1094.0,2188.0,2025-10
504325,2024-06-09,Midwest,Window Treatments,Rep D,Website,1,584.43,584.43,2024-06
504326,2025-05-25,Midwest,Outdoor Shades,Rep E,Partner,2,729.06,1458.12,2025-05
504327,2024-09-12,Midwest,Window Treatments,Rep D,Website,3,643.44,1930.32,2024-09
504328,2024-01-29,Midwest,Smart Blinds,Rep D,Canvassing,2,267.89,535.78,2024-01
504329,2024-06-14,Midwest,Window Treatments,Rep E,Inbound Call,4,933.17,3732.68,2024-06
504330,2025-11-01,Midwest,Outdoor Shades,Rep E,Website,1,659.87,659.87,2025-11
504331,2025-03-02,South,Outdoor Shades,Rep C,Inbound Call,5,310.65,1553.25,2025-03
504332,2025-07-26,South,Accessories,Rep D,Website,4,604.78,2419.12,2025-07
504333,2024-08-29,Midwest,Smart Blinds,Rep B,Referral,2,792.47,1584.94,2024-08
504334,2024-08-31,West,Accessories,Rep C,Partner,1,731.36,731.36,2024-08
504335,2024-03-01,Midwest,Window Treatments,Rep B,Referral,4,522.47,2089.88,2024-03
504336,2025-03-18,Midwest,Accessories,Rep C,Inbound Call,5,968.8,4844.0,2025-03
504337,2025-10-04,West,Window Treatments,Rep E,Referral,3,351.96,1055.88,2025-10
504338,2025-03-23,West,Outdoor Shades,Rep C,Inbound Call,2,304.24,608.48,2025-03
504339,2024-11-22,Midwest,Outdoor Shades,Rep D,Partner,3,454.43,1363.29,2024-11
504340,2024-03-21,Midwest,Window Treatments,Rep C,Inbound Call,5,1066.98,5334.9,2024-03
504341,2025-10-16,Midwest,Outdoor Shades,Rep D,Partner,1,480.14,480.14,2025-10
504342,2024-09-12,West,Window Treatments,Rep E,Canvassing,5,848.21,4241.05,2024-09
504343,2024-02-16,West,Smart Blinds,Rep E,Referral,5,124.05,620.25,2024-02
504344,2024-01-01,East,Window Treatments,Rep A,Inbound Call,2,574.78,1149.56,2024-01
504345,2024-10-05,South,Window Treatments,Rep D,Referral,4,997.85,3991.4,2024-10
504346,2025-03-15,East,Smart Blinds,Rep A,Inbound Call,4,730.13,2920.52,2025-03
504347,2024-03-30,East,Window Treatments,Rep C,Referral,3,1014.49,3043.47,2024-03
504348,2024-07-08,West,Outdoor Shades,Rep D,Partner,4,948.53,3794.12,2024-07
504349,2025-08-08,South,Window Treatments,Rep B,Inbound Call,2,449.11,898.22,2025-08
504350,2024-08-05,South,Window Treatments,Rep A,Inbound Call,3,869.38,2608.14,2024-08
504351,2024-10-04,South,Window Treatments,Rep A,Partner,5,524.28,2621.4,2024-10
504352,2025-01-07,West,Smart Blinds,Rep B,Inbound Call,1,904.69,904.69,2025-01
504353,2024-10-26,Midwest,Smart Blinds,Rep D,Inbound Call,5,335.82,1679.1,2024-10
504354,2025-03-15,South,Outdoor Shades,Rep A,Referral,4,747.92,2991.68,2025-03
504355,2024-01-22,Midwest,Smart Blinds,Rep C,Partner,5,218.24,1091.2,2024-01
504356,2024-11-01,South,Smart Blinds,Rep D,Partner,5,829.93,4149.65,2024-11
504357,2025-02-13,South,Outdoor Shades,Rep B,Inbound Call,3,830.44,2491.32,2025-02
504358,2025-12-25,West,Outdoor Shades,Rep A,Inbound Call,2,728.11,1456.22,2025-12
504359,2025-01-13,South,Window Treatments,Rep E,Partner,1,570.78,570.78,2025-01
504360,2024-12-08,West,Window Treatments,Rep C,Website,4,346.67,1386.68,2024-12
504361,2024-11-26,East,Window Treatments,Rep A,Inbound Call,4,855.72,3422.88,2024-11
504362,2024-07-22,East,Window Treatments,Rep C,Referral,2,540.85,1081.7,2024-07
504363,2025-03-12,East,Window Treatments,Rep C,Inbound Call,4,634.24,2536.96,2025-03
504364,2025-06-23,West,Smart Blinds,Rep B,Inbound Call,1,492.59,492.59,2025-06
504365,2024-05-28,West,Smart Blinds,Rep E,Canvassing,2,129.32,258.64,2024-05
504366,2024-05-03,South,Outdoor Shades,Rep D,Referral,1,566.26,566.26,2024-05
504367,2025-06-30,South,Window Treatments,Rep E,Website,1,912.73,912.73,2025-06
504368,2025-02-25,Midwest,Smart Blinds,Rep C,Inbound Call,5,347.93,1739.65,2025-02
504369,2025-04-29,West,Smart Blinds,Rep D,Referral,2,326.64,653.28,2025-04
504370,2024-02-05,South,Outdoor Shades,Rep B,Partner,5,857.76,4288.8,2024-02
504371,2024-06-28,South,Outdoor Shades,Rep A,Referral,2,146.75,293.5,2024-06
504372,2024-09-11,Midwest,Smart Blinds,Rep D,Referral,5,978.67,4893.35,2024-09
504373,2025-08-16,East,Smart Blinds,Rep C,Referral,3,127.25,381.75,2025-08
504374,2024-10-03,East,Window Treatments,Rep D,Inbound Call,2,523.21,1046.42,2024-10
504375,2024-04-17,East,Smart Blinds,Rep C,Canvassing,3,693.51,2080.53,2024-04
504376,2024-01-07,East,Window Treatments,Rep D,Canvassing,2,539.66,1079.32,2024-01
504377,2024-07-30,West,Window Treatments,Rep B,Inbound Call,3,122.23,366.69,2024-07
504378,2024-02-23,East,Outdoor Shades,Rep C,Canvassing,1,881.28,881.28,2024-02
504379,2024-11-21,Midwest,Outdoor Shades,Rep E,Partner,3,642.56,1927.68,2024-11
504380,2024-02-12,East,Outdoor Shades,Rep C,Referral,2,829.95,1659.9,2024-02
504381,2024-07-29,East,Window Treatments,Rep A,Inbound Call,5,335.79,1678.95,2024-07
504382,2024-01-23,East,Outdoor Shades,Rep B,Canvassing,1,643.94,643.94,2024-01
504383,2024-03-09,South,Outdoor Shades,Rep B,Website,3,698.63,2095.89,2024-03
504384,2025-09-25,West,Window Treatments,Rep C,Canvassing,5,145.26,726.3,2025-09
504385,2025-08-03,South,Smart Blinds,Rep E,Website,3,882.37,2647.11,2025-08
504386,2024-12-20,Midwest,Window Treatments,Rep E,Referral,5,465.24,2326.2,2024-12
504387,2024-09-30,West,Window Treatments,Rep B,Canvassing,5,1090.4,5452.0,2024-09
504388,2025-10-28,South,Smart Blinds,Rep C,Canvassing,2,226.94,453.88,2025-10
504389,2025-05-27,East,Outdoor Shades,Rep B,Canvassing,3,461.63,1384.89,2025-05
504390,2025-06-12,West,Smart Blinds,Rep B,Canvassing,3,927.16,2781.48,2025-06
504391,2024-04-23,South,Smart Blinds,Rep D,Inbound Call,3,800.0,2400.0,2024-04
504392,2024-09-03,West,Smart Blinds,Rep E,Inbound Call,1,240.49,240.49,2024-09
504393,2024-12-14,South,Accessories,Rep A,Canvassing,3,610.28,1830.84,2024-12
504394,2024-07-31,Midwest,Accessories,Rep E,Referral,4,520.85,2083.4,2024-07
504395,2025-05-21,Midwest,Window Treatments,Rep E,Partner,1,969.97,969.97,2025-05
504396,2024-02-12,East,Accessories,Rep A,Canvassing,5,968.31,4841.55,2024-02
504397,2025-12-16,Midwest,Smart Blinds,Rep A,Partner,5,679.91,3399.55,2025-12
504398,2025-08-17,Midwest,Window Treatments,Rep D,Canvassing,1,955.08,955.08,2025-08
504399,2024-08-25,Midwest,Outdoor Shades,Rep A,Canvassing,1,545.22,545.22,2024-08
504400,2024-08-30,East,Outdoor Shades,Rep B,Inbound Call,5,876.96,4384.8,2024-08
504401,2025-11-23,Midwest,Outdoor Shades,Rep A,Website,3,986.87,2960.61,2025-11
504402,2024-11-21,East,Window Treatments,Rep C,Partner,4,958.56,3834.24,2024-11
504403,2025-05-31,East,Outdoor Shades,Rep C,Inbound Call,3,399.81,1199.43,2025-05
504404,2025-02-04,East,Outdoor Shades,Rep A,Referral,2,419.8,839.6,2025-02
504405,2024-08-07,East,Accessories,Rep C,Inbound Call,1,391.69,391.69,2024-08
504406,2025-11-22,South,Outdoor Shades,Rep B,Canvassing,4,477.67,1910.68,2025-11
504407,2025-09-06,Midwest,Outdoor Shades,Rep E,Referral,4,677.21,2708.84,2025-09
504408,2025-02-26,Midwest,Window Treatments,Rep E,Website,1,350.93,350.93,2025-02
504409,2025-09-24,South,Window Treatments,Rep D,Referral,2,619.48,1238.96,2025-09
504410,2025-04-17,Midwest,Window Treatments,Rep C,Website,3,461.3,1383.9,2025-04
504411,2025-07-28,South,Window Treatments,Rep D,Inbound Call,3,1005.89,3017.67,2025-07
504412,2024-01-25,Midwest,Outdoor Shades,Rep A,Partner,4,148.15,592.6,2024-01
504413,2025-02-25,Midwest,Outdoor Shades,Rep C,Canvassing,1,845.66,845.66,2025-02
504414,2024-01-20,Midwest,Outdoor Shades,Rep D,Website,1,666.6,666.6,2024-01
504415,2025-01-02,East,Outdoor Shades,Rep E,Website,5,519.45,2597.25,2025-01
504416,2024-06-26,West,Outdoor Shades,Rep A,Partner,4,245.72,982.88,2024-06
504417,2025-01-16,East,Smart Blinds,Rep A,Referral,2,1060.39,2120.78,2025-01
504418,2025-04-27,West,Smart Blinds,Rep E,Referral,3,910.22,2730.66,2025-04
504419,2025-10-21,West,Accessories,Rep B,Referral,3,446.26,1338.78,2025-10
504420,2025-01-14,South,Smart Blinds,Rep B,Inbound Call,1,167.48,167.48,2025-01
504421,2024-06-17,South,Window Treatments,Rep A,Website,1,792.7,792.7,2024-06
504422,2024-12-22,Midwest,Outdoor Shades,Rep C,Website,1,759.77,759.77,2024-12
504423,2025-01-25,West,Smart Blinds,Rep A,Referral,3,423.26,1269.78,2025-01
504424,2024-03-17,West,Window Treatments,Rep E,Partner,1,836.4,836.4,2024-03
504425,2024-09-24,East,Outdoor Shades,Rep B,Referral,5,503.64,2518.2,2024-09
504426,2024-09-05,East,Outdoor Shades,Rep E,Canvassing,3,589.05,1767.15,2024-09
504427,2024-04-17,West,Window Treatments,Rep E,Inbound Call,4,689.88,2759.52,2024-04
504428,2025-12-26,Midwest,Accessories,Rep C,Inbound Call,4,1005.89,4023.56,2025-12
504429,2025-02-01,South,Window Treatments,Rep C,Partner,2,1048.65,2097.3,2025-02
504430,2024-06-07,South,Smart Blinds,Rep D,Canvassing,2,739.37,1478.74,2024-06
504431,2025-07-02,East,Smart Blinds,Rep D,Partner,1,266.57,266.57,2025-07
504432,2025-05-23,West,Smart Blinds,Rep B,Inbound Call,2,665.39,1330.78,2025-05
504433,2025-11-12,Midwest,Window Treatments,Rep A,Inbound Call,3,399.54,1198.62,2025-11
504434,2024-10-21,South,Window Treatments,Rep E,Website,2,385.16,770.32,2024-10
504435,2024-01-03,Midwest,Window Treatments,Rep A,Canvassing,3,1033.89,3101.67,2024-01
504436,2024-03-20,East,Outdoor Shades,Rep D,Referral,1,874.04,874.04,2024-03
504437,2024-03-31,South,Smart Blinds,Rep C,Referral,5,585.53,2927.65,2024-03
504438,2025-01-13,South,Accessories,Rep E,Referral,2,559.67,1119.34,2025-01
504439,2025-01-30,Midwest,Smart Blinds,Rep C,Website,1,636.23,636.23,2025-01
504440,2025-07-01,Midwest,Window Treatments,Rep A,Website,2,1033.46,2066.92,2025-07
504441,2024-08-14,Midwest,Window Treatments,Rep C,Website,5,740.79,3703.95,2024-08
504442,2024-05-29,South,Smart Blinds,Rep C,Partner,1,263.75,263.75,2024-05
504443,2025-09-23,Midwest,Smart Blinds,Rep D,Inbound Call,4,568.47,2273.88,2025-09
504444,2024-05-17,West,Outdoor Shades,Rep D,Referral,4,616.72,2466.88,2024-05
504445,2025-10-10,South,Accessories,Rep C,Inbound Call,3,1012.25,3036.75,2025-10
504446,2025-12-24,Midwest,Outdoor Shades,Rep D,Referral,3,656.71,1970.13,2025-12
504447,2025-04-11,East,Smart Blinds,Rep B,Website,5,174.61,873.05,2025-04
504448,2024-10-18,West,Window Treatments,Rep E,Referral,4,659.98,2639.92,2024-10
504449,2024-12-27,South,Accessories,Rep E,Website,1,841.98,841.98,2024-12
504450,2025-06-24,South,Window Treatments,Rep C,Canvassing,4,1008.32,4033.28,2025-06
504451,2025-07-19,East,Outdoor Shades,Rep A,Partner,3,579.06,1737.18,2025-07
504452,2024-05-03,East,Outdoor Shades,Rep E,Website,2,498.71,997.42,2024-05
504453,2024-06-04,East,Accessories,Rep D,Referral,1,570.11,570.11,2024-06
504454,2025-11-19,South,Smart Blinds,Rep B,Inbound Call,5,725.82,3629.1,2025-11
504455,2024-03-26,Midwest,Outdoor Shades,Rep D,Referral,2,880.99,1761.98,2024-03
504456,2024-08-31,West,Window Treatments,Rep E,Canvassing,2,278.86,557.72,2024-08
504457,2025-12-10,West,Window Treatments,Rep E,Canvassing,1,580.56,580.56,2025-12
504458,2025-09-02,Midwest,Outdoor Shades,Rep D,Referral,3,659.52,1978.56,2025-09
504459,2025-09-27,East,Accessories,Rep D,Inbound Call,5,767.38,3836.9,2025-09
504460,2025-08-21,Midwest,Outdoor Shades,Rep E,Website,2,137.85,275.7,2025-08
504461,2025-04-15,South,Smart Blinds,Rep A,Canvassing,5,213.6,1068.0,2025-04
504462,2025-12-25,East,Smart Blinds,Rep C,Website,4,433.23,1732.92,2025-12
504463,2024-11-02,East,Window Treatments,Rep B,Website,4,1000.99,4003.96,2024-11
504464,2025-11-02,West,Outdoor Shades,Rep C,Website,4,673.08,2692.32,2025-11
504465,2024-10-25,West,Window Treatments,Rep C,Canvassing,5,1006.83,5034.15,2024-10
504466,2024-12-16,South,Outdoor Shades,Rep D,Canvassing,4,661.82,2647.28,2024-12
504467,2024-08-13,East,Window Treatments,Rep B,Canvassing,3,1081.11,3243.33,2024-08
504468,2025-12-14,Midwest,Window Treatments,Rep C,Referral,2,321.63,643.26,2025-12
504469,2024-07-07,Midwest,Smart Blinds,Rep C,Canvassing,1,545.63,545.63,2024-07
504470,2024-05-08,West,Window Treatments,Rep D,Partner,2,260.69,521.38,2024-05
504471,2025-04-23,East,Accessories,Rep A,Canvassing,1,326.11,326.11,2025-04
504472,2025-08-04,South,Smart Blinds,Rep E,Canvassing,3,490.7,1472.1,2025-08
504473,2025-06-11,South,Window Treatments,Rep E,Partner,3,199.06,597.18,2025-06
504474,2025-02-10,East,Outdoor Shades,Rep D,Referral,5,683.0,3415.0,2025-02
504475,2024-04-16,East,Smart Blinds,Rep A,Canvassing,2,143.87,287.74,2024-04
504476,2025-11-27,Midwest,Smart Blinds,Rep C,Partner,4,417.25,1669.0,2025-11
504477,2024-07-16,West,Smart Blinds,Rep E,Website,5,769.81,3849.05,2024-07
504478,2024-08-01,Midwest,Window Treatments,Rep B,Website,2,146.83,293.66,2024-08
504479,2025-10-01,West,Outdoor Shades,Rep A,Canvassing,2,809.22,1618.44,2025-10
504480,2025-12-12,West,Outdoor Shades,Rep C,Inbound Call,4,289.11,1156.44,2025-12
504481,2024-04-18,Midwest,Smart Blinds,Rep E,Website,5,787.41,3937.05,2024-04
504482,2024-11-16,South,Window Treatments,Rep E,Partner,3,757.09,2271.27,2024-11
504483,2025-01-14,East,Window Treatments,Rep D,Canvassing,3,454.73,1364.19,2025-01
504484,2024-06-20,East,Outdoor Shades,Rep E,Inbound Call,4,367.86,1471.44,2024-06
504485,2025-03-26,East,Smart Blinds,Rep D,Partner,1,1057.81,1057.81,2025-03
504486,2024-12-03,West,Smart Blinds,Rep E,Canvassing,2,564.41,1128.82,2024-12
504487,2024-08-07,Midwest,Window Treatments,Rep E,Website,1,260.72,260.72,2024-08
504488,2024-07-07,West,Outdoor Shades,Rep E,Referral,5,247.78,1238.9,2024-07
504489,2025-08-21,Midwest,Window Treatments,Rep D,Partner,4,770.18,3080.72,2025-08
504490,2024-02-24,East,Window Treatments,Rep A,Website,2,1074.22,2148.44,2024-02
504491,2024-04-05,Midwest,Smart Blinds,Rep C,Canvassing,3,559.09,1677.27,2024-04
504492,2024-03-28,East,Outdoor Shades,Rep D,Partner,2,278.27,556.54,2024-03
504493,2024-03-06,Midwest,Window Treatments,Rep E,Partner,1,1084.71,1084.71,2024-03
504494,2024-07-23,South,Outdoor Shades,Rep C,Partner,1,466.94,466.94,2024-07
504495,2025-08-10,East,Smart Blinds,Rep D,Canvassing,5,137.77,688.85,2025-08
504496,2024-03-13,West,Window Treatments,Rep D,Referral,1,988.34,988.34,2024-03
504497,2024-08-06,West,Window Treatments,Rep B,Referral,3,557.69,1673.07,2024-08
504498,2025-07-14,Midwest,Smart Blinds,Rep E,Partner,1,921.92,921.92,2025-07
504499,2024-01-11,Midwest,Accessories,Rep C,Inbound Call,2,1047.26,2094.52,2024-01
504500,2025-04-04,South,Window Treatments,Rep C,Website,1,929.19,929.19,2025-04
504501,2024-10-31,Midwest,Outdoor Shades,Rep D,Partner,1,426.63,426.63,2024-10
504502,2025-02-20,South,Window Treatments,Rep B,Website,3,943.0,2829.0,2025-02
504503,2025-09-22,Midwest,Outdoor Shades,Rep D,Inbound Call,4,878.17,3512.68,2025-09
504504,2024-03-30,West,Window Treatments,Rep B,Partner,1,631.58,631.58,2024-03
504505,2025-02-11,East,Smart Blinds,Rep D,Referral,3,973.32,2919.96,2025-02
504506,2025-09-28,Midwest,Window Treatments,Rep B,Inbound Call,2,586.83,1173.66,2025-09
504507,2025-10-28,South,Accessories,Rep D,Website,3,898.12,2694.36,2025-10
504508,2024-02-10,East,Window Treatments,Rep C,Website,1,236.94,236.94,2024-02
504509,2024-10-23,South,Outdoor Shades,Rep B,Inbound Call,1,910.09,910.09,2024-10
504510,2025-10-30,South,Accessories,Rep A,Partner,4,413.2,1652.8,2025-10
504511,2025-11-22,South,Window Treatments,Rep C,Referral,5,564.28,2821.4,2025-11
504512,2024-01-27,East,Outdoor Shades,Rep E,Partner,4,723.02,2892.08,2024-01
504513,2025-12-04,South,Window Treatments,Rep B,Inbound Call,4,149.0,596.0,2025-12
504514,2024-03-21,West,Smart Blinds,Rep C,Partner,2,504.29,1008.58,2024-03
504515,2025-10-31,West,Smart Blinds,Rep E,Referral,3,772.55,2317.65,2025-10
504516,2024-12-22,South,Outdoor Shades,Rep E,Canvassing,3,983.73,2951.19,2024-12
504517,2024-12-05,South,Smart Blinds,Rep D,Inbound Call,4,768.68,3074.72,2024-12
504518,2025-04-25,East,Window Treatments,Rep C,Referral,2,725.59,1451.18,2025-04
504519,2024-03-25,South,Window Treatments,Rep D,Inbound Call,3,697.35,2092.05,2024-03
504520,2024-10-12,Midwest,Window Treatments,Rep A,Inbound Call,2,442.32,884.64,2024-10
504521,2024-11-30,South,Window Treatments,Rep D,Partner,4,919.65,3678.6,2024-11
504522,2024-07-17,West,Accessories,Rep D,Partner,1,504.62,504.62,2024-07
504523,2025-03-23,West,Window Treatments,Rep D,Canvassing,4,553.29,2213.16,2025-03
504524,2025-09-11,East,Outdoor Shades,Rep E,Partner,3,485.39,1456.17,2025-09
504525,2025-02-19,Midwest,Smart Blinds,Rep D,Partner,4,615.55,2462.2,2025-02
504526,2024-11-14,South,Window Treatments,Rep C,Canvassing,4,142.09,568.36,2024-11
504527,2024-02-23,East,Outdoor Shades,Rep E,Referral,1,324.54,324.54,2024-02
504528,2025-10-12,West,Accessories,Rep A,Canvassing,5,931.59,4657.95,2025-10
504529,2025-07-31,South,Window Treatments,Rep B,Website,4,771.57,3086.28,2025-07
504530,2024-03-25,Midwest,Accessories,Rep C,Partner,4,396.6,1586.4,2024-03
504531,2024-09-30,South,Outdoor Shades,Rep D,Canvassing,3,451.57,1354.71,2024-09
504532,2025-08-21,Midwest,Smart Blinds,Rep A,Referral,1,462.76,462.76,2025-08
504533,2025-10-01,East,Accessories,Rep C,Inbound Call,4,529.44,2117.76,2025-10
504534,2025-05-17,Midwest,Smart Blinds,Rep D,Referral,1,465.88,465.88,2025-05
504535,2025-12-08,East,Window Treatments,Rep E,Partner,1,676.21,676.21,2025-12
504536,2025-08-23,East,Window Treatments,Rep B,Canvassing,4,961.74,3846.96,2025-08
504537,2024-10-22,West,Window Treatments,Rep E,Canvassing,2,166.43,332.86,2024-10
504538,2025-12-27,West,Accessories,Rep B,Partner,2,527.69,1055.38,2025-12
504539,2024-03-11,South,Outdoor Shades,Rep E,Referral,2,584.04,1168.08,2024-03
504540,2024-06-30,Midwest,Accessories,Rep A,Referral,3,501.09,1503.27,2024-06
504541,2025-04-30,Midwest,Smart Blinds,Rep A,Canvassing,5,742.56,3712.8,2025-04
504542,2025-10-28,Midwest,Window Treatments,Rep B,Partner,3,830.22,2490.66,2025-10
504543,2024-06-12,South,Smart Blinds,Rep B,Partner,5,1023.94,5119.7,2024-06
504544,2024-02-16,East,Window Treatments,Rep E,Partner,2,213.48,426.96,2024-02
504545,2025-12-21,South,Accessories,Rep E,Website,5,761.02,3805.1,2025-12
504546,2025-01-05,Midwest,Window Treatments,Rep C,Canvassing,3,682.04,2046.12,2025-01
504547,2024-08-11,Midwest,Outdoor Shades,Rep E,Website,3,458.07,1374.21,2024-08
504548,2025-08-27,Midwest,Smart Blinds,Rep E,Canvassing,2,1008.85,2017.7,2025-08
504549,2024-08-25,West,Accessories,Rep D,Partner,2,358.82,717.64,2024-08
504550,2024-03-20,South,Outdoor Shades,Rep A,Referral,5,922.83,4614.15,2024-03
504551,2025-10-06,West,Outdoor Shades,Rep D,Referral,4,279.97,1119.88,2025-10
504552,2025-12-21,Midwest,Accessories,Rep A,Inbound Call,3,771.03,2313.09,2025-12
504553,2025-08-17,West,Window Treatments,Rep C,Inbound Call,3,821.56,2464.68,2025-08
504554,2025-06-07,Midwest,Accessories,Rep D,Website,3,794.21,2382.63,2025-06
504555,2025-10-21,West,Window Treatments,Rep B,Website,1,443.23,443.23,2025-10
504556,2024-05-03,East,Outdoor Shades,Rep B,Partner,2,463.63,927.26,2024-05
504557,2025-05-30,West,Window Treatments,Rep C,Referral,1,928.77,928.77,2025-05
504558,2025-08-27,Midwest,Outdoor Shades,Rep B,Partner,4,715.95,2863.8,2025-08
504559,2024-06-13,Midwest,Accessories,Rep A,Partner,1,1018.73,1018.73,2024-06
504560,2024-05-18,East,Window Treatments,Rep E,Canvassing,3,276.38,829.14,2024-05
504561,2025-09-15,West,Smart Blinds,Rep E,Canvassing,1,937.69,937.69,2025-09
504562,2025-11-16,West,Smart Blinds,Rep C,Partner,4,242.84,971.36,2025-11
504563,2024-08-22,East,Smart Blinds,Rep B,Inbound Call,2,979.52,1959.04,2024-08
504564,2024-10-24,Midwest,Accessories,Rep B,Canvassing,5,145.4,727.0,2024-10
504565,2025-01-10,East,Smart Blinds,Rep E,Referral,4,509.83,2039.32,2025-01
504566,2025-01-21,Midwest,Window Treatments,Rep E,Canvassing,5,519.47,2597.35,2025-01
504567,2025-08-23,East,Accessories,Rep E,Referral,4,458.43,1833.72,2025-08
504568,2024-01-04,Midwest,Outdoor Shades,Rep D,Website,5,817.1,4085.5,2024-01
504569,2024-04-06,South,Outdoor Shades,Rep E,Inbound Call,1,940.3,940.3,2024-04
504570,2025-12-28,Midwest,Outdoor Shades,Rep B,Referral,5,696.49,3482.45,2025-12
504571,2025-03-27,Midwest,Smart Blinds,Rep B,Referral,2,196.64,393.28,2025-03
504572,2025-10-17,West,Smart Blinds,Rep C,Website,3,962.52,2887.56,2025-10
504573,2025-06-14,West,Outdoor Shades,Rep C,Partner,2,701.91,1403.82,2025-06
504574,2024-10-07,East,Outdoor Shades,Rep B,Referral,1,763.42,763.42,2024-10
504575,2024-02-28,Midwest,Window Treatments,Rep C,Website,3,359.06,1077.18,2024-02
504576,2024-05-25,South,Accessories,Rep A,Canvassing,4,504.76,2019.04,2024-05
504577,2025-12-05,East,Accessories,Rep D,Inbound Call,1,927.12,927.12,2025-12
504578,2025-08-15,East,Smart Blinds,Rep D,Canvassing,1,273.41,273.41,2025-08
504579,2024-05-21,East,Window Treatments,Rep A,Canvassing,5,986.75,4933.75,2024-05
504580,2024-06-03,East,Smart Blinds,Rep B,Inbound Call,2,879.13,1758.26,2024-06
504581,2025-08-23,West,Window Treatments,Rep E,Referral,1,631.78,631.78,2025-08
504582,2024-06-06,Midwest,Accessories,Rep B,Referral,1,433.72,433.72,2024-06
504583,2025-04-06,South,Accessories,Rep C,Inbound Call,1,161.99,161.99,2025-04
504584,2024-12-24,East,Accessories,Rep E,Inbound Call,3,606.54,1819.62,2024-12
504585,2024-03-28,West,Window Treatments,Rep C,Website,3,767.12,2301.36,2024-03
504586,2024-08-27,East,Window Treatments,Rep D,Partner,1,830.58,830.58,2024-08
504587,2025-07-18,South,Smart Blinds,Rep A,Referral,1,605.73,605.73,2025-07
504588,2024-04-10,Midwest,Smart Blinds,Rep E,Inbound Call,2,241.26,482.52,2024-04
504589,2025-12-22,South,Outdoor Shades,Rep D,Referral,4,846.83,3387.32,2025-12
504590,2025-04-04,South,Accessories,Rep B,Website,3,1082.36,3247.08,2025-04
504591,2025-07-31,South,Window Treatments,Rep B,Inbound Call,4,801.38,3205.52,2025-07
504592,2024-07-31,South,Outdoor Shades,Rep C,Partner,3,400.86,1202.58,2024-07
504593,2024-11-29,Midwest,Outdoor Shades,Rep D,Inbound Call,5,993.1,4965.5,2024-11
504594,2024-08-16,Midwest,Outdoor Shades,Rep E,Partner,5,789.54,3947.7,2024-08
504595,2024-07-22,East,Outdoor Shades,Rep E,Canvassing,2,574.06,1148.12,2024-07
504596,2025-12-21,Midwest,Window Treatments,Rep C,Inbound Call,3,797.19,2391.57,2025-12
504597,2024-05-09,South,Accessories,Rep C,Canvassing,4,297.15,1188.6,2024-05
504598,2024-05-27,South,Outdoor Shades,Rep E,Partner,5,689.1,3445.5,2024-05
504599,2025-03-08,East,Window Treatments,Rep E,Referral,4,933.67,3734.68,2025-03
504600,2025-07-21,South,Window Treatments,Rep C,Referral,1,731.73,731.73,2025-07
504601,2024-01-23,Midwest,Smart Blinds,Rep E,Website,4,308.39,1233.56,2024-01
504602,2024-02-29,South,Window Treatments,Rep E,Partner,2,609.55,1219.1,2024-02
504603,2025-05-14,South,Window Treatments,Rep D,Website,1,149.13,149.13,2025-05
504604,2025-03-18,East,Outdoor Shades,Rep C,Canvassing,1,123.11,123.11,2025-03
504605,2025-11-21,East,Window Treatments,Rep D,Canvassing,3,742.52,2227.56,2025-11
504606,2025-09-27,Midwest,Window Treatments,Rep B,Website,4,938.81,3755.24,2025-09
504607,2024-01-17,South,Accessories,Rep A,Canvassing,3,187.1,561.3,2024-01
504608,2025-09-13,West,Smart Blinds,Rep D,Partner,2,730.63,1461.26,2025-09
504609,2024-06-02,West,Smart Blinds,Rep C,Inbound Call,1,417.31,417.31,2024-06
504610,2025-11-05,West,Window Treatments,Rep E,Inbound Call,5,1012.15,5060.75,2025-11
504611,2025-04-25,Midwest,Outdoor Shades,Rep A,Referral,4,905.87,3623.48,2025-04
504612,2025-04-25,West,Outdoor Shades,Rep A,Canvassing,4,146.46,585.84,2025-04
504613,2024-06-14,Midwest,Accessories,Rep D,Website,5,834.6,4173.0,2024-06
504614,2024-09-26,East,Window Treatments,Rep A,Inbound Call,3,133.29,399.87,2024-09
504615,2024-07-02,Midwest,Outdoor Shades,Rep E,Website,5,392.63,1963.15,2024-07
504616,2024-09-23,South,Window Treatments,Rep D,Canvassing,3,568.4,1705.2,2024-09
504617,2025-05-27,South,Outdoor Shades,Rep E,Referral,5,549.72,2748.6,2025-05
504618,2024-09-22,South,Window Treatments,Rep E,Referral,1,785.67,785.67,2024-09
504619,2025-10-14,East,Window Treatments,Rep C,Inbound Call,1,1064.85,1064.85,2025-10
504620,2025-01-26,West,Window Treatments,Rep B,Partner,3,782.22,2346.66,2025-01
504621,2024-12-28,South,Smart Blinds,Rep B,Canvassing,1,736.56,736.56,2024-12
504622,2025-06-22,Midwest,Window Treatments,Rep A,Partner,3,953.54,2860.62,2025-06
504623,2024-02-06,East,Outdoor Shades,Rep D,Website,3,623.58,1870.74,2024-02
504624,2025-12-22,West,Window Treatments,Rep E,Website,5,848.87,4244.35,2025-12
504625,2025-07-28,West,Accessories,Rep C,Canvassing,2,619.97,1239.94,2025-07
504626,2024-12-02,East,Smart Blinds,Rep C,Inbound Call,5,594.66,2973.3,2024-12
504627,2025-11-05,East,Accessories,Rep C,Partner,4,576.97,2307.88,2025-11
504628,2024-11-17,West,Accessories,Rep B,Canvassing,4,911.15,3644.6,2024-11
504629,2024-12-28,Midwest,Window Treatments,Rep D,Canvassing,3,912.81,2738.43,2024-12
504630,2025-04-02,South,Outdoor Shades,Rep C,Partner,4,333.21,1332.84,2025-04
504631,2024-05-17,West,Smart Blinds,Rep B,Referral,1,607.14,607.14,2024-05
504632,2025-10-17,East,Outdoor Shades,Rep D,Referral,5,753.23,3766.15,2025-10
504633,2024-04-20,West,Outdoor Shades,Rep A,Partner,2,759.56,1519.12,2024-04
504634,2025-03-15,Midwest,Outdoor Shades,Rep E,Referral,3,499.85,1499.55,2025-03
504635,2024-08-05,South,Accessories,Rep A,Canvassing,5,220.61,1103.05,2024-08
504636,2025-08-05,West,Outdoor Shades,Rep D,Inbound Call,4,876.25,3505.0,2025-08
504637,2024-04-15,South,Window Treatments,Rep C,Partner,2,341.43,682.86,2024-04
504638,2024-04-07,Midwest,Window Treatments,Rep C,Canvassing,3,608.99,1826.97,2024-04
504639,2025-06-12,West,Window Treatments,Rep D,Website,2,1068.83,2137.66,2025-06
504640,2025-09-03,East,Window Treatments,Rep C,Referral,3,480.5,1441.5,2025-09
504641,2025-05-29,Midwest,Smart Blinds,Rep A,Referral,1,693.54,693.54,2025-05
504642,2025-05-15,West,Smart Blinds,Rep A,Website,3,1014.93,3044.79,2025-05
504643,2025-05-29,West,Window Treatments,Rep D,Website,5,909.25,4546.25,2025-05
504644,2025-07-03,West,Window Treatments,Rep B,Website,2,416.85,833.7,2025-07
504645,2025-12-17,Midwest,Outdoor Shades,Rep A,Canvassing,2,521.33,1042.66,2025-12
504646,2025-04-22,South,Window Treatments,Rep A,Canvassing,4,309.18,1236.72,2025-04
504647,2025-06-24,West,Accessories,Rep D,Website,4,929.32,3717.28,2025-06
504648,2024-08-26,East,Outdoor Shades,Rep C,Website,4,406.72,1626.88,2024-08
504649,2024-12-19,East,Window Treatments,Rep C,Website,2,515.14,1030.28,2024-12
504650,2025-03-21,East,Window Treatments,Rep D,Referral,5,1013.51,5067.55,2025-03
504651,2024-04-14,South,Accessories,Rep A,Partner,4,392.27,1569.08,2024-04
504652,2024-04-16,West,Accessories,Rep A,Inbound Call,2,804.65,1609.3,2024-04
504653,2025-06-27,East,Outdoor Shades,Rep C,Website,3,1017.74,3053.22,2025-06
504654,2024-08-15,South,Smart Blinds,Rep B,Canvassing,2,736.71,1473.42,2024-08
504655,2024-07-30,East,Smart Blinds,Rep A,Inbound Call,4,991.84,3967.36,2024-07
504656,2025-11-06,Midwest,Window Treatments,Rep B,Website,4,554.32,2217.28,2025-11
504657,2025-05-10,West,Window Treatments,Rep D,Inbound Call,2,584.64,1169.28,2025-05
504658,2024-11-25,Midwest,Smart Blinds,Rep E,Partner,5,129.16,645.8,2024-11
504659,2024-12-08,East,Window Treatments,Rep D,Partner,3,334.23,1002.69,2024-12
504660,2024-07-30,West,Outdoor Shades,Rep B,Canvassing,5,538.68,2693.4,2024-07
504661,2025-06-27,West,Outdoor Shades,Rep C,Referral,5,469.9,2349.5,2025-06
504662,2024-04-02,South,Smart Blinds,Rep B,Referral,4,811.28,3245.12,2024-04
504663,2024-12-05,West,Smart Blinds,Rep E,Canvassing,2,1093.0,2186.0,2024-12
504664,2025-12-15,East,Outdoor Shades,Rep A,Canvassing,4,284.34,1137.36,2025-12
504665,2025-02-28,East,Smart Blinds,Rep D,Website,3,609.48,1828.44,2025-02
504666,2024-11-22,South,Smart Blinds,Rep D,Inbound Call,2,551.22,1102.44,2024-11
504667,2024-03-05,East,Window Treatments,Rep B,Inbound Call,5,238.16,1190.8,2024-03
504668,2024-05-07,South,Smart Blinds,Rep B,Inbound Call,1,467.3,467.3,2024-05
504669,2024-11-18,Midwest,Accessories,Rep D,Inbound Call,4,923.11,3692.44,2024-11
504670,2024-06-06,East,Smart Blinds,Rep B,Inbound Call,2,940.49,1880.98,2024-06
504671,2024-06-01,East,Window Treatments,Rep D,Website,3,195.42,586.26,2024-06
504672,2025-08-07,South,Outdoor Shades,Rep E,Partner,1,571.21,571.21,2025-08
504673,2024-09-17,Midwest,Smart Blinds,Rep C,Referral,5,670.28,3351.4,2024-09
504674,2024-08-26,East,Accessories,Rep B,Website,1,223.63,223.63,2024-08
504675,2025-08-08,Midwest,Outdoor Shades,Rep A,Referral,3,964.86,2894.58,2025-08
504676,2025-07-19,Midwest,Outdoor Shades,Rep C,Inbound Call,4,812.32,3249.28,2025-07
504677,2025-01-29,East,Smart Blinds,Rep E,Website,4,320.7,1282.8,2025-01
504678,2025-06-29,West,Window Treatments,Rep D,Canvassing,4,669.02,2676.08,2025-06
504679,2025-03-16,Midwest,Outdoor Shades,Rep E,Referral,2,391.54,783.08,2025-03
504680,2025-09-02,South,Window Treatments,Rep E,Partner,3,819.06,2457.18,2025-09
504681,2025-12-11,South,Window Treatments,Rep B,Website,1,466.23,466.23,2025-12
504682,2025-09-12,West,Outdoor Shades,Rep B,Canvassing,4,322.28,1289.12,2025-09
504683,2025-12-19,South,Window Treatments,Rep C,Partner,4,124.57,498.28,2025-12
504684,2025-05-25,East,Accessories,Rep E,Partner,5,226.76,1133.8,2025-05
504685,2025-09-25,South,Outdoor Shades,Rep C,Partner,1,294.79,294.79,2025-09
504686,2025-03-12,South,Window Treatments,Rep E,Inbound Call,2,862.83,1725.66,2025-03
504687,2025-08-30,South,Window Treatments,Rep C,Referral,2,889.41,1778.82,2025-08
504688,2024-07-30,East,Window Treatments,Rep A,Canvassing,5,516.33,2581.65,2024-07
504689,2024-11-15,East,Accessories,Rep A,Inbound Call,3,343.18,1029.54,2024-11
504690,2025-05-22,East,Window Treatments,Rep B,Inbound Call,1,662.8,662.8,2025-05
504691,2025-12-24,East,Accessories,Rep C,Website,2,931.6,1863.2,2025-12
504692,2024-03-02,South,Smart Blinds,Rep C,Referral,1,734.07,734.07,2024-03
504693,2024-07-19,East,Accessories,Rep B,Website,2,640.61,1281.22,2024-07
504694,2025-08-20,West,Window Treatments,Rep D,Website,3,664.89,1994.67,2025-08
504695,2024-05-02,Midwest,Accessories,Rep E,Partner,4,573.35,2293.4,2024-05
504696,2025-10-26,South,Window Treatments,Rep D,Website,3,315.73,947.19,2025-10
504697,2025-07-09,South,Window Treatments,Rep D,Canvassing,4,274.58,1098.32,2025-07
504698,2024-04-12,Midwest,Window Treatments,Rep E,Inbound Call,5,1055.35,5276.75,2024-04
504699,2025-03-29,West,Smart Blinds,Rep B,Partner,5,1060.85,5304.25,2025-03
504700,2025-08-21,West,Window Treatments,Rep C,Website,2,831.62,1663.24,2025-08
504701,2024-09-06,Midwest,Outdoor Shades,Rep B,Referral,3,480.08,1440.24,2024-09
504702,2025-10-23,Midwest,Window Treatments,Rep A,Referral,1,1058.02,1058.02,2025-10
504703,2024-09-27,West,Accessories,Rep A,Canvassing,2,337.26,674.52,2024-09
504704,2025-06-20,Midwest,Smart Blinds,Rep B,Canvassing,3,979.64,2938.92,2025-06
504705,2025-12-29,South,Window Treatments,Rep B,Referral,5,744.81,3724.05,2025-12
504706,2024-07-16,East,Outdoor Shades,Rep B,Partner,3,879.06,2637.18,2024-07
504707,2024-06-05,West,Accessories,Rep A,Website,5,788.33,3941.65,2024-06
504708,2024-03-15,South,Accessories,Rep E,Website,3,234.88,704.64,2024-03
504709,2024-12-01,West,Accessories,Rep D,Website,5,871.69,4358.45,2024-12
504710,2024-08-15,South,Window Treatments,Rep A,Website,2,156.06,312.12,2024-08
504711,2024-03-25,West,Smart Blinds,Rep B,Inbound Call,3,722.55,2167.65,2024-03
504712,2025-02-18,South,Window Treatments,Rep C,Partner,1,939.89,939.89,2025-02
504713,2024-05-06,Midwest,Outdoor Shades,Rep E,Canvassing,1,1001.18,1001.18,2024-05
504714,2025-08-07,South,Smart Blinds,Rep D,Referral,1,956.97,956.97,2025-08
504715,2025-08-05,South,Smart Blinds,Rep B,Website,3,987.36,2962.08,2025-08
504716,2024-08-16,South,Accessories,Rep B,Referral,2,969.8,1939.6,2024-08
504717,2024-03-16,Midwest,Outdoor Shades,Rep C,Inbound Call,5,796.91,3984.55,2024-03
504718,2025-06-02,South,Window Treatments,Rep B,Website,5,619.28,3096.4,2025-06
504719,2025-05-30,South,Outdoor Shades,Rep C,Referral,1,968.35,968.35,2025-05
504720,2025-01-08,East,Window Treatments,Rep A,Website,2,121.25,242.5,2025-01
504721,2024-05-15,South,Accessories,Rep D,Canvassing,4,410.37,1641.48,2024-05
504722,2024-10-23,Midwest,Window Treatments,Rep D,Inbound Call,1,805.78,805.78,2024-10
504723,2025-11-20,West,Window Treatments,Rep B,Website,1,215.58,215.58,2025-11
504724,2025-06-17,South,Outdoor Shades,Rep A,Canvassing,5,663.26,3316.3,2025-06
504725,2025-11-27,Midwest,Smart Blinds,Rep B,Inbound Call,4,239.02,956.08,2025-11
504726,2025-10-07,East,Smart Blinds,Rep A,Referral,3,851.84,2555.52,2025-10
504727,2025-12-23,Midwest,Accessories,Rep E,Inbound Call,3,557.11,1671.33,2025-12
504728,2025-08-19,East,Window Treatments,Rep E,Inbound Call,3,816.01,2448.03,2025-08
504729,2025-01-22,West,Outdoor Shades,Rep D,Partner,3,307.96,923.88,2025-01
504730,2024-11-06,West,Outdoor Shades,Rep A,Inbound Call,5,172.17,860.85,2024-11
504731,2024-07-22,South,Outdoor Shades,Rep A,Canvassing,4,394.89,1579.56,2024-07
504732,2024-05-14,Midwest,Accessories,Rep C,Inbound Call,4,399.58,1598.32,2024-05
504733,2025-08-14,Midwest,Outdoor Shades,Rep D,Canvassing,5,798.62,3993.1,2025-08
504734,2025-11-24,South,Window Treatments,Rep D,Inbound Call,4,422.22,1688.88,2025-11
504735,2025-04-26,East,Accessories,Rep C,Inbound Call,3,769.14,2307.42,2025-04
504736,2024-01-09,East,Accessories,Rep C,Inbound Call,2,176.16,352.32,2024-01
504737,2025-12-09,Midwest,Window Treatments,Rep C,Referral,5,549.23,2746.15,2025-12
504738,2024-12-28,South,Window Treatments,Rep B,Partner,2,663.59,1327.18,2024-12
504739,2024-03-28,East,Outdoor Shades,Rep E,Referral,1,437.08,437.08,2024-03
504740,2025-10-12,South,Outdoor Shades,Rep B,Referral,1,320.46,320.46,2025-10
504741,2024-04-29,West,Smart Blinds,Rep B,Referral,3,806.48,2419.44,2024-04
504742,2025-02-14,Midwest,Window Treatments,Rep D,Canvassing,1,733.02,733.02,2025-02
504743,2024-05-23,West,Outdoor Shades,Rep A,Referral,3,1076.34,3229.02,2024-05
504744,2025-12-13,Midwest,Outdoor Shades,Rep C,Website,1,575.74,575.74,2025-12
504745,2024-01-12,South,Smart Blinds,Rep D,Referral,2,1098.83,2197.66,2024-01
504746,2024-05-11,Midwest,Window Treatments,Rep A,Referral,5,582.34,2911.7,2024-05
504747,2024-02-03,East,Window Treatments,Rep E,Referral,4,638.54,2554.16,2024-02
504748,2024-11-27,Midwest,Outdoor Shades,Rep B,Inbound Call,5,124.21,621.05,2024-11
504749,2025-05-23,East,Window Treatments,Rep E,Partner,4,713.32,2853.28,2025-05
504750,2025-08-14,East,Window Treatments,Rep C,Inbound Call,5,455.59,2277.95,2025-08
504751,2025-07-19,South,Window Treatments,Rep B,Inbound Call,2,505.56,1011.12,2025-07
504752,2025-02-02,South,Smart Blinds,Rep B,Partner,4,196.32,785.28,2025-02
504753,2024-02-08,East,Window Treatments,Rep E,Canvassing,3,139.43,418.29,2024-02
504754,2024-07-23,East,Window Treatments,Rep E,Referral,2,623.75,1247.5,2024-07
504755,2025-04-06,South,Outdoor Shades,Rep E,Partner,5,386.22,1931.1,2025-04
504756,2024-09-08,East,Smart Blinds,Rep A,Partner,2,770.6,1541.2,2024-09
504757,2024-05-29,South,Outdoor Shades,Rep B,Inbound Call,2,752.67,1505.34,2024-05
504758,2024-11-03,South,Smart Blinds,Rep B,Partner,2,865.63,1731.26,2024-11
504759,2024-08-21,West,Window Treatments,Rep D,Website,4,874.1,3496.4,2024-08
504760,2024-02-15,West,Outdoor Shades,Rep A,Website,5,302.89,1514.45,2024-02
504761,2025-01-14,East,Smart Blinds,Rep B,Inbound Call,3,1005.04,3015.12,2025-01
504762,2025-02-02,South,Smart Blinds,Rep B,Canvassing,1,212.5,212.5,2025-02
504763,2025-08-27,East,Window Treatments,Rep D,Referral,5,154.76,773.8,2025-08
504764,2024-04-27,South,Window Treatments,Rep B,Website,4,838.74,3354.96,2024-04
504765,2024-12-19,Midwest,Outdoor Shades,Rep C,Referral,5,866.62,4333.1,2024-12
504766,2024-02-25,West,Window Treatments,Rep B,Referral,4,625.93,2503.72,2024-02
504767,2024-10-02,West,Outdoor Shades,Rep D,Inbound Call,5,135.07,675.35,2024-10
504768,2025-12-16,Midwest,Outdoor Shades,Rep E,Canvassing,4,571.31,2285.24,2025-12
504769,2025-01-25,West,Window Treatments,Rep A,Canvassing,1,326.54,326.54,2025-01
504770,2025-03-07,West,Window Treatments,Rep E,Inbound Call,1,143.3,143.3,2025-03
504771,2025-01-20,South,Smart Blinds,Rep C,Canvassing,3,970.37,2911.11,2025-01
504772,2025-09-16,East,Window Treatments,Rep A,Inbound Call,3,968.65,2905.95,2025-09
504773,2024-08-28,East,Smart Blinds,Rep B,Website,3,449.94,1349.82,2024-08
504774,2024-06-01,East,Outdoor Shades,Rep B,Canvassing,5,474.71,2373.55,2024-06
504775,2024-02-26,West,Outdoor Shades,Rep E,Referral,3,348.87,1046.61,2024-02
504776,2024-09-27,South,Window Treatments,Rep D,Website,3,503.78,1511.34,2024-09
504777,2025-07-10,West,Outdoor Shades,Rep E,Inbound Call,2,1037.9,2075.8,2025-07
504778,2025-01-04,South,Window Treatments,Rep D,Partner,4,481.58,1926.32,2025-01
504779,2024-06-19,Midwest,Window Treatments,Rep A,Canvassing,1,965.3,965.3,2024-06
504780,2025-12-05,East,Smart Blinds,Rep C,Referral,3,1041.85,3125.55,2025-12
504781,2024-08-09,Midwest,Smart Blinds,Rep B,Canvassing,1,277.59,277.59,2024-08
504782,2025-04-26,South,Accessories,Rep E,Referral,5,180.83,904.15,2025-04
504783,2024-04-23,West,Accessories,Rep D,Referral,3,127.14,381.42,2024-04
504784,2025-05-11,South,Smart Blinds,Rep E,Inbound Call,1,1053.2,1053.2,2025-05
504785,2024-08-02,East,Smart Blinds,Rep A,Website,5,607.11,3035.55,2024-08
504786,2024-04-27,East,Accessories,Rep C,Inbound Call,3,479.02,1437.06,2024-04
504787,2025-08-12,Midwest,Outdoor Shades,Rep E,Website,1,1005.05,1005.05,2025-08
504788,2024-01-17,Midwest,Outdoor Shades,Rep E,Referral,2,154.62,309.24,2024-01
504789,2025-12-19,West,Window Treatments,Rep B,Canvassing,4,500.35,2001.4,2025-12
504790,2024-11-19,East,Window Treatments,Rep D,Inbound Call,2,212.57,425.14,2024-11
504791,2025-11-03,East,Smart Blinds,Rep D,Website,2,398.44,796.88,2025-11
504792,2025-05-06,Midwest,Window Treatments,Rep B,Canvassing,2,864.4,1728.8,2025-05
504793,2024-09-21,Midwest,Outdoor Shades,Rep B,Canvassing,2,1091.47,2182.94,2024-09
504794,2024-12-28,West,Smart Blinds,Rep C,Website,5,227.33,1136.65,2024-12
504795,2025-07-11,West,Window Treatments,Rep A,Website,4,957.17,3828.68,2025-07
504796,2025-04-07,West,Smart Blinds,Rep D,Website,3,1056.56,3169.68,2025-04
504797,2025-01-10,South,Outdoor Shades,Rep B,Partner,2,573.1,1146.2,2025-01
504798,2024-10-02,Midwest,Outdoor Shades,Rep D,Canvassing,4,312.77,1251.08,2024-10
504799,2024-05-11,West,Accessories,Rep A,Canvassing,2,462.64,925.28,2024-05
504800,2024-09-11,Midwest,Accessories,Rep B,Partner,5,262.9,1314.5,2024-09
504801,2025-12-31,South,Smart Blinds,Rep A,Referral,5,455.23,2276.15,2025-12
504802,2025-08-02,East,Outdoor Shades,Rep C,Website,1,993.66,993.66,2025-08
504803,2024-01-22,South,Window Treatments,Rep C,Inbound Call,4,976.83,3907.32,2024-01
504804,2025-06-30,East,Accessories,Rep C,Inbound Call,3,501.06,1503.18,2025-06
504805,2024-03-22,West,Accessories,Rep A,Website,5,468.87,2344.35,2024-03
504806,2024-02-07,Midwest,Outdoor Shades,Rep B,Inbound Call,2,1018.8,2037.6,2024-02
504807,2025-08-08,West,Accessories,Rep E,Referral,5,655.1,3275.5,2025-08
504808,2025-10-02,West,Window Treatments,Rep A,Inbound Call,1,473.27,473.27,2025-10
504809,2025-03-02,Midwest,Outdoor Shades,Rep E,Website,2,215.73,431.46,2025-03
504810,2024-09-20,West,Window Treatments,Rep A,Inbound Call,5,474.1,2370.5,2024-09
504811,2025-08-20,South,Window Treatments,Rep B,Inbound Call,4,651.14,2604.56,2025-08
504812,2025-11-19,West,Outdoor Shades,Rep D,Website,3,731.73,2195.19,2025-11
504813,2025-06-07,West,Window Treatments,Rep D,Partner,4,259.31,1037.24,2025-06
504814,2024-02-13,South,Window Treatments,Rep B,Partner,1,547.44,547.44,2024-02
504815,2024-08-27,East,Outdoor Shades,Rep B,Inbound Call,2,707.17,1414.34,2024-08
504816,2024-02-03,East,Smart Blinds,Rep E,Referral,5,655.49,3277.45,2024-02
504817,2025-04-12,South,Window Treatments,Rep D,Partner,4,296.21,1184.84,2025-04
504818,2025-09-13,East,Outdoor Shades,Rep C,Inbound Call,1,488.66,488.66,2025-09
504819,2024-12-14,South,Smart Blinds,Rep C,Partner,4,422.99,1691.96,2024-12
504820,2024-03-04,South,Smart Blinds,Rep C,Canvassing,1,1020.82,1020.82,2024-03
504821,2024-03-24,East,Window Treatments,Rep E,Website,1,526.88,526.88,2024-03
504822,2024-06-27,South,Smart Blinds,Rep A,Inbound Call,5,1030.56,5152.8,2024-06
504823,2025-08-04,West,Smart Blinds,Rep D,Website,3,502.8,1508.4,2025-08
504824,2024-09-23,East,Smart Blinds,Rep E,Canvassing,1,564.37,564.37,2024-09
504825,2024-02-06,Midwest,Smart Blinds,Rep B,Canvassing,4,606.99,2427.96,2024-02
504826,2024-07-30,South,Window Treatments,Rep C,Website,2,870.6,1741.2,2024-07
504827,2025-09-22,East,Window Treatments,Rep A,Website,5,352.66,1763.3,2025-09
504828,2025-12-02,West,Accessories,Rep D,Partner,4,386.3,1545.2,2025-12
504829,2024-03-15,West,Window Treatments,Rep E,Referral,1,228.84,228.84,2024-03
504830,2025-06-28,South,Accessories,Rep D,Partner,4,721.09,2884.36,2025-06
504831,2025-10-08,East,Window Treatments,Rep B,Referral,4,198.15,792.6,2025-10
504832,2025-07-09,West,Window Treatments,Rep C,Inbound Call,2,889.95,1779.9,2025-07
504833,2024-11-24,South,Window Treatments,Rep A,Website,4,300.56,1202.24,2024-11
504834,2025-12-29,West,Window Treatments,Rep C,Inbound Call,2,280.22,560.44,2025-12
504835,2025-07-14,Midwest,Smart Blinds,Rep D,Canvassing,3,529.07,1587.21,2025-07
504836,2024-12-31,East,Window Treatments,Rep B,Canvassing,3,378.63,1135.89,2024-12
504837,2025-01-22,West,Window Treatments,Rep E,Partner,1,764.03,764.03,2025-01
504838,2024-08-01,South,Window Treatments,Rep E,Inbound Call,4,787.75,3151.0,2024-08
504839,2024-04-23,Midwest,Accessories,Rep A,Partner,5,555.7,2778.5,2024-04
504840,2025-09-22,West,Window Treatments,Rep B,Inbound Call,5,475.77,2378.85,2025-09
504841,2024-09-18,South,Window Treatments,Rep A,Partner,4,257.71,1030.84,2024-09
504842,2024-06-23,East,Window Treatments,Rep D,Website,3,443.21,1329.63,2024-06
504843,2024-05-03,South,Smart Blinds,Rep E,Canvassing,4,926.99,3707.96,2024-05
504844,2025-10-31,Midwest,Window Treatments,Rep A,Canvassing,1,807.13,807.13,2025-10
504845,2024-01-01,East,Window Treatments,Rep D,Partner,2,523.76,1047.52,2024-01
504846,2024-04-14,East,Smart Blinds,Rep A,Inbound Call,3,793.94,2381.82,2024-04
504847,2024-07-04,South,Outdoor Shades,Rep C,Partner,4,937.23,3748.92,2024-07
504848,2025-12-19,Midwest,Smart Blinds,Rep B,Canvassing,3,174.82,524.46,2025-12
504849,2025-02-10,East,Window Treatments,Rep D,Website,5,435.49,2177.45,2025-02
504850,2025-04-28,Midwest,Window Treatments,Rep B,Website,2,336.61,673.22,2025-04
504851,2025-02-28,South,Window Treatments,Rep E,Inbound Call,1,185.17,185.17,2025-02
504852,2025-11-22,South,Outdoor Shades,Rep C,Referral,3,1090.87,3272.61,2025-11
504853,2024-11-28,South,Outdoor Shades,Rep A,Referral,2,643.66,1287.32,2024-11
504854,2024-01-06,Midwest,Smart Blinds,Rep C,Referral,2,310.77,621.54,2024-01
504855,2025-04-27,South,Outdoor Shades,Rep B,Partner,5,200.94,1004.7,2025-04
504856,2024-06-18,West,Outdoor Shades,Rep D,Partner,5,904.0,4520.0,2024-06
504857,2024-12-14,Midwest,Outdoor Shades,Rep E,Referral,1,981.06,981.06,2024-12
504858,2024-12-05,West,Window Treatments,Rep D,Website,3,281.92,845.76,2024-12
504859,2024-09-21,South,Smart Blinds,Rep B,Canvassing,1,252.53,252.53,2024-09
504860,2024-06-06,South,Accessories,Rep E,Referral,2,842.15,1684.3,2024-06
504861,2025-08-03,West,Window Treatments,Rep C,Inbound Call,2,915.14,1830.28,2025-08
504862,2024-07-29,East,Window Treatments,Rep E,Website,3,393.01,1179.03,2024-07
504863,2024-02-23,South,Window Treatments,Rep C,Inbound Call,4,881.82,3527.28,2024-02
504864,2024-05-28,West,Accessories,Rep D,Partner,5,697.15,3485.75,2024-05
504865,2025-10-08,Midwest,Window Treatments,Rep A,Referral,5,267.2,1336.0,2025-10
504866,2025-01-29,South,Window Treatments,Rep C,Partner,3,342.95,1028.85,2025-01
504867,2024-02-08,West,Window Treatments,Rep A,Canvassing,4,178.32,713.28,2024-02
504868,2024-03-13,South,Window Treatments,Rep E,Referral,5,442.93,2214.65,2024-03
504869,2025-11-13,South,Window Treatments,Rep D,Referral,5,725.09,3625.45,2025-11
504870,2024-12-15,Midwest,Window Treatments,Rep E,Website,4,1092.09,4368.36,2024-12
504871,2025-12-26,South,Window Treatments,Rep B,Canvassing,2,264.71,529.42,2025-12
504872,2025-08-15,South,Window Treatments,Rep E,Canvassing,4,923.16,3692.64,2025-08
504873,2024-10-30,Midwest,Window Treatments,Rep B,Inbound Call,5,919.07,4595.35,2024-10
504874,2024-06-26,East,Outdoor Shades,Rep C,Website,5,915.87,4579.35,2024-06
504875,2025-01-31,East,Outdoor Shades,Rep D,Referral,2,939.33,1878.66,2025-01
504876,2024-11-23,South,Accessories,Rep B,Partner,2,809.81,1619.62,2024-11
504877,2025-06-15,South,Window Treatments,Rep E,Partner,1,196.86,196.86,2025-06
504878,2024-11-06,Midwest,Outdoor Shades,Rep A,Partner,2,1049.57,2099.14,2024-11
504879,2025-01-20,South,Smart Blinds,Rep D,Website,4,847.44,3389.76,2025-01
504880,2025-09-15,West,Smart Blinds,Rep C,Referral,4,496.46,1985.84,2025-09
504881,2025-07-05,South,Outdoor Shades,Rep C,Partner,1,308.61,308.61,2025-07
504882,2024-08-11,East,Accessories,Rep A,Inbound Call,2,159.45,318.9,2024-08
504883,2025-03-10,South,Window Treatments,Rep E,Partner,2,701.85,1403.7,2025-03
504884,2025-01-03,Midwest,Smart Blinds,Rep E,Inbound Call,1,388.43,388.43,2025-01
504885,2024-04-29,West,Outdoor Shades,Rep C,Referral,4,910.1,3640.4,2024-04
504886,2024-09-09,East,Window Treatments,Rep D,Canvassing,4,746.43,2985.72,2024-09
504887,2024-05-26,South,Window Treatments,Rep D,Partner,3,428.78,1286.34,2024-05
504888,2025-09-21,East,Window Treatments,Rep B,Website,2,974.74,1949.48,2025-09
504889,2025-06-05,East,Outdoor Shades,Rep A,Referral,2,919.42,1838.84,2025-06
504890,2025-11-16,East,Window Treatments,Rep B,Website,1,274.28,274.28,2025-11
504891,2024-01-05,East,Accessories,Rep C,Partner,3,1012.38,3037.14,2024-01
504892,2024-05-08,South,Accessories,Rep E,Website,5,518.41,2592.05,2024-05
504893,2025-04-22,South,Accessories,Rep B,Inbound Call,5,410.25,2051.25,2025-04
504894,2025-09-26,East,Window Treatments,Rep B,Website,5,213.57,1067.85,2025-09
504895,2024-02-03,Midwest,Outdoor Shades,Rep C,Website,5,253.0,1265.0,2024-02
504896,2025-02-27,Midwest,Smart Blinds,Rep D,Canvassing,4,1058.69,4234.76,2025-02
504897,2024-02-06,East,Window Treatments,Rep A,Referral,5,380.04,1900.2,2024-02
504898,2025-06-14,East,Smart Blinds,Rep E,Website,2,289.25,578.5,2025-06
504899,2024-12-11,South,Smart Blinds,Rep B,Partner,2,991.26,1982.52,2024-12
504900,2025-04-21,South,Outdoor Shades,Rep E,Website,2,570.22,1140.44,2025-04
504901,2024-12-07,South,Window Treatments,Rep D,Partner,3,598.39,1795.17,2024-12
504902,2024-10-15,South,Smart Blinds,Rep D,Website,1,567.4,567.4,2024-10
504903,2025-08-01,East,Window Treatments,Rep B,Canvassing,2,155.1,310.2,2025-08
504904,2024-12-12,Midwest,Outdoor Shades,Rep E,Referral,1,259.91,259.91,2024-12
504905,2025-11-01,East,Window Treatments,Rep C,Website,4,604.78,2419.12,2025-11
504906,2025-10-27,South,Outdoor Shades,Rep D,Website,1,297.25,297.25,2025-10
504907,2024-12-22,West,Smart Blinds,Rep E,Inbound Call,2,1089.38,2178.76,2024-12
504908,2024-10-20,Midwest,Accessories,Rep C,Inbound Call,2,216.22,432.44,2024-10
504909,2024-04-03,Midwest,Window Treatments,Rep A,Canvassing,1,969.7,969.7,2024-04
504910,2024-03-18,East,Outdoor Shades,Rep C,Inbound Call,3,247.01,741.03,2024-03
504911,2025-12-03,Midwest,Window Treatments,Rep E,Partner,3,1063.36,3190.08,2025-12
504912,2025-07-03,East,Window Treatments,Rep E,Inbound Call,3,1092.75,3278.25,2025-07
504913,2025-12-14,West,Window Treatments,Rep C,Website,1,990.14,990.14,2025-12
504914,2025-07-01,East,Outdoor Shades,Rep A,Inbound Call,3,189.34,568.02,2025-07
504915,2025-06-10,South,Smart Blinds,Rep B,Website,3,329.91,989.73,2025-06
504916,2024-03-18,East,Window Treatments,Rep A,Canvassing,2,578.36,1156.72,2024-03
504917,2025-09-10,East,Window Treatments,Rep D,Canvassing,2,1004.04,2008.08,2025-09
504918,2024-04-25,East,Window Treatments,Rep E,Canvassing,5,626.76,3133.8,2024-04
504919,2024-10-29,South,Smart Blinds,Rep E,Referral,4,866.2,3464.8,2024-10
504920,2025-06-30,South,Accessories,Rep A,Partner,1,273.51,273.51,2025-06
504921,2024-08-01,West,Outdoor Shades,Rep A,Website,5,977.68,4888.4,2024-08
504922,2025-11-04,East,Window Treatments,Rep C,Inbound Call,3,1067.55,3202.65,2025-11
504923,2024-04-01,South,Outdoor Shades,Rep E,Partner,2,935.61,1871.22,2024-04
504924,2025-09-19,West,Window Treatments,Rep A,Canvassing,1,871.24,871.24,2025-09
504925,2025-12-13,South,Accessories,Rep C,Inbound Call,3,394.16,1182.48,2025-12
504926,2024-04-02,Midwest,Window Treatments,Rep B,Canvassing,4,343.8,1375.2,2024-04
504927,2024-01-29,Midwest,Outdoor Shades,Rep C,Website,2,652.38,1304.76,2024-01
504928,2024-07-02,West,Smart Blinds,Rep D,Canvassing,1,811.58,811.58,2024-07
504929,2025-12-20,South,Window Treatments,Rep D,Inbound Call,1,535.37,535.37,2025-12
504930,2025-11-13,West,Accessories,Rep D,Website,5,135.31,676.55,2025-11
504931,2025-11-25,South,Accessories,Rep E,Canvassing,3,465.49,1396.47,2025-11
504932,2024-09-16,West,Outdoor Shades,Rep A,Referral,5,567.29,2836.45,2024-09
504933,2024-06-27,West,Smart Blinds,Rep B,Inbound Call,1,272.27,272.27,2024-06
504934,2025-10-22,South,Outdoor Shades,Rep B,Partner,3,472.23,1416.69,2025-10
504935,2024-04-28,South,Outdoor Shades,Rep E,Website,4,175.5,702.0,2024-04
504936,2024-08-07,West,Outdoor Shades,Rep A,Inbound Call,5,626.0,3130.0,2024-08
504937,2024-10-17,Midwest,Accessories,Rep E,Partner,2,556.79,1113.58,2024-10
504938,2024-04-15,West,Smart Blinds,Rep C,Referral,2,130.05,260.1,2024-04
504939,2025-07-01,South,Window Treatments,Rep E,Canvassing,3,939.99,2819.97,2025-07
504940,2024-10-17,East,Window Treatments,Rep D,Inbound Call,1,208.61,208.61,2024-10
504941,2025-09-27,Midwest,Smart Blinds,Rep E,Referral,3,655.44,1966.32,2025-09
504942,2024-03-19,West,Smart Blinds,Rep A,Inbound Call,2,416.06,832.12,2024-03
504943,2024-10-15,South,Window Treatments,Rep A,Website,3,664.85,1994.55,2024-10
504944,2025-02-26,South,Window Treatments,Rep C,Website,5,1084.79,5423.95,2025-02
504945,2024-02-20,Midwest,Accessories,Rep A,Website,2,248.76,497.52,2024-02
504946,2025-10-03,South,Window Treatments,Rep E,Partner,2,830.15,1660.3,2025-10
504947,2025-10-03,South,Smart Blinds,Rep D,Canvassing,1,255.94,255.94,2025-10
504948,2025-06-12,West,Outdoor Shades,Rep D,Canvassing,5,339.27,1696.35,2025-06
504949,2025-10-15,East,Window Treatments,Rep E,Website,2,248.27,496.54,2025-10
504950,2024-01-24,South,Accessories,Rep B,Referral,4,726.07,2904.28,2024-01
504951,2024-09-04,South,Window Treatments,Rep D,Partner,1,224.16,224.16,2024-09
504952,2025-01-01,East,Outdoor Shades,Rep A,Inbound Call,2,555.54,1111.08,2025-01
504953,2024-06-27,Midwest,Window Treatments,Rep C,Inbound Call,1,621.33,621.33,2024-06
504954,2025-10-18,South,Accessories,Rep C,Referral,4,250.08,1000.32,2025-10
504955,2025-06-09,Midwest,Outdoor Shades,Rep C,Partner,5,454.52,2272.6,2025-06
504956,2024-12-09,West,Accessories,Rep C,Website,4,635.5,2542.0,2024-12
504957,2025-12-14,Midwest,Outdoor Shades,Rep C,Referral,3,578.8,1736.4,2025-12
504958,2025-07-28,West,Outdoor Shades,Rep C,Inbound Call,3,404.72,1214.16,2025-07
504959,2025-09-03,Midwest,Outdoor Shades,Rep D,Inbound Call,5,169.43,847.15,2025-09
504960,2025-02-16,Midwest,Outdoor Shades,Rep C,Canvassing,1,257.77,257.77,2025-02
504961,2025-01-07,Midwest,Window Treatments,Rep E,Partner,3,985.93,2957.79,2025-01
504962,2025-12-21,East,Window Treatments,Rep C,Canvassing,5,623.62,3118.1,2025-12
504963,2024-11-07,Midwest,Window Treatments,Rep C,Inbound Call,1,474.51,474.51,2024-11
504964,2025-08-11,West,Window Treatments,Rep E,Partner,2,785.83,1571.66,2025-08
504965,2024-03-21,Midwest,Smart Blinds,Rep C,Website,3,530.61,1591.83,2024-03
504966,2025-10-09,South,Outdoor Shades,Rep E,Canvassing,4,914.39,3657.56,2025-10
504967,2024-04-05,West,Window Treatments,Rep D,Referral,4,277.25,1109.0,2024-04
504968,2024-04-14,Midwest,Window Treatments,Rep D,Partner,5,343.25,1716.25,2024-04
504969,2025-11-25,South,Smart Blinds,Rep A,Website,1,455.65,455.65,2025-11
504970,2025-09-15,South,Smart Blinds,Rep C,Referral,2,883.04,1766.08,2025-09
504971,2024-10-25,South,Smart Blinds,Rep B,Partner,4,1014.7,4058.8,2024-10
504972,2024-07-02,East,Smart Blinds,Rep B,Canvassing,3,703.07,2109.21,2024-07
504973,2025-01-12,Midwest,Accessories,Rep C,Website,4,517.89,2071.56,2025-01
504974,2025-11-24,South,Window Treatments,Rep C,Website,1,810.53,810.53,2025-11
504975,2025-01-03,South,Outdoor Shades,Rep B,Inbound Call,5,606.77,3033.85,2025-01
504976,2024-01-20,Midwest,Window Treatments,Rep C,Inbound Call,1,825.38,825.38,2024-01
504977,2024-05-12,East,Outdoor Shades,Rep B,Referral,3,814.16,2442.48,2024-05
504978,2024-02-27,South,Window Treatments,Rep A,Canvassing,5,290.09,1450.45,2024-02
504979,2024-04-29,South,Outdoor Shades,Rep E,Partner,3,600.91,1802.73,2024-04
504980,2024-01-19,West,Smart Blinds,Rep D,Partner,3,284.9,854.7,2024-01
504981,2024-12-31,Midwest,Outdoor Shades,Rep C,Inbound Call,3,457.98,1373.94,2024-12
504982,2025-03-19,East,Smart Blinds,Rep C,Referral,3,655.2,1965.6,2025-03
504983,2024-07-06,East,Window Treatments,Rep E,Canvassing,2,990.22,1980.44,2024-07
504984,2024-11-13,South,Outdoor Shades,Rep E,Website,5,130.16,650.8,2024-11
504985,2025-12-02,South,Outdoor Shades,Rep B,Canvassing,1,889.65,889.65,2025-12
504986,2025-07-22,Midwest,Outdoor Shades,Rep B,Partner,4,1065.01,4260.04,2025-07
504987,2025-01-05,South,Accessories,Rep E,Canvassing,4,331.98,1327.92,2025-01
504988,2025-08-13,West,Outdoor Shades,Rep C,Canvassing,1,294.33,294.33,2025-08
504989,2025-02-06,South,Outdoor Shades,Rep B,Referral,4,593.56,2374.24,2025-02
504990,2024-08-18,East,Smart Blinds,Rep D,Website,2,451.31,902.62,2024-08
504991,2025-12-06,East,Outdoor Shades,Rep C,Partner,1,184.77,184.77,2025-12
504992,2025-09-19,West,Outdoor Shades,Rep D,Referral,3,738.52,2215.56,2025-09
504993,2025-10-30,South,Outdoor Shades,Rep C,Partner,3,1049.02,3147.06,2025-10
504994,2024-01-26,East,Window Treatments,Rep A,Partner,5,621.57,3107.85,2024-01
504995,2025-06-17,West,Outdoor Shades,Rep D,Canvassing,5,290.89,1454.45,2025-06
504996,2025-09-02,West,Outdoor Shades,Rep C,Website,3,722.53,2167.59,2025-09
504997,2024-05-21,West,Smart Blinds,Rep D,Inbound Call,1,779.24,779.24,2024-05
504998,2025-06-20,East,Outdoor Shades,Rep E,Canvassing,1,149.65,149.65,2025-06
504999,2024-02-14,South,Window Treatments,Rep C,Inbound Call,5,172.83,864.15,2024-02
505000,2025-05-19,South,Outdoor Shades,Rep B,Canvassing,1,647.83,647.83,2025-05
505001,2024-06-19,West,Accessories,Rep D,Referral,2,949.95,1899.9,2024-06
505002,2025-06-24,West,Outdoor Shades,Rep A,Canvassing,4,756.75,3027.0,2025-06
505003,2025-08-05,East,Window Treatments,Rep A,Website,5,588.18,2940.9,2025-08
505004,2024-01-08,East,Outdoor Shades,Rep B,Canvassing,3,569.0,1707.0,2024-01
505005,2024-12-23,East,Outdoor Shades,Rep B,Partner,2,210.46,420.92,2024-12
505006,2025-04-29,South,Window Treatments,Rep D,Referral,4,661.57,2646.28,2025-04
505007,2025-09-09,East,Smart Blinds,Rep C,Inbound Call,5,808.69,4043.45,2025-09
505008,2025-12-16,East,Outdoor Shades,Rep C,Website,5,925.6,4628.0,2025-12
505009,2025-02-23,West,Window Treatments,Rep A,Partner,5,873.09,4365.45,2025-02
505010,2024-09-24,East,Window Treatments,Rep B,Inbound Call,3,1064.73,3194.19,2024-09
505011,2025-05-20,South,Window Treatments,Rep E,Website,5,653.04,3265.2,2025-05
505012,2024-01-12,South,Window Treatments,Rep D,Website,2,451.27,902.54,2024-01
505013,2025-10-01,South,Window Treatments,Rep D,Canvassing,2,915.97,1831.94,2025-10
505014,2025-05-26,Midwest,Outdoor Shades,Rep A,Inbound Call,4,587.39,2349.56,2025-05
505015,2025-04-30,South,Outdoor Shades,Rep D,Partner,4,604.48,2417.92,2025-04
505016,2025-11-04,West,Window Treatments,Rep B,Referral,3,500.2,1500.6,2025-11
505017,2025-11-30,Midwest,Window Treatments,Rep C,Partner,3,834.84,2504.52,2025-11
505018,2024-02-02,East,Window Treatments,Rep D,Referral,2,440.36,880.72,2024-02
505019,2024-09-21,Midwest,Outdoor Shades,Rep D,Partner,3,570.16,1710.48,2024-09
505020,2024-02-26,South,Accessories,Rep A,Canvassing,5,762.48,3812.4,2024-02
505021,2025-07-11,West,Smart Blinds,Rep D,Inbound Call,5,765.26,3826.3,2025-07
505022,2025-04-22,East,Outdoor Shades,Rep C,Canvassing,2,887.24,1774.48,2025-04
505023,2025-03-30,West,Outdoor Shades,Rep A,Inbound Call,2,685.66,1371.32,2025-03
505024,2024-02-24,East,Smart Blinds,Rep D,Canvassing,5,851.6,4258.0,2024-02
505025,2024-03-11,West,Smart Blinds,Rep E,Canvassing,1,246.12,246.12,2024-03
505026,2025-10-15,West,Smart Blinds,Rep E,Partner,5,423.01,2115.05,2025-10
505027,2025-11-30,East,Window Treatments,Rep E,Website,5,394.18,1970.9,2025-11
505028,2024-02-11,South,Smart Blinds,Rep A,Canvassing,5,319.84,1599.2,2024-02
505029,2025-02-17,Midwest,Window Treatments,Rep D,Canvassing,2,1014.36,2028.72,2025-02
505030,2024-08-13,South,Window Treatments,Rep A,Website,5,639.74,3198.7,2024-08
505031,2024-04-23,East,Window Treatments,Rep B,Partner,2,223.91,447.82,2024-04
505032,2024-10-28,West,Outdoor Shades,Rep A,Canvassing,3,278.13,834.39,2024-10
505033,2025-02-13,Midwest,Outdoor Shades,Rep A,Canvassing,5,887.58,4437.9,2025-02
505034,2025-05-17,Midwest,Accessories,Rep A,Partner,2,216.53,433.06,2025-05
505035,2024-05-06,Midwest,Window Treatments,Rep B,Canvassing,2,420.06,840.12,2024-05
505036,2024-10-20,South,Window Treatments,Rep C,Website,2,647.1,1294.2,2024-10
505037,2024-12-03,South,Window Treatments,Rep D,Inbound Call,3,845.68,2537.04,2024-12
505038,2024-02-11,East,Window Treatments,Rep D,Inbound Call,2,427.16,854.32,2024-02
505039,2025-04-22,Midwest,Outdoor Shades,Rep C,Inbound Call,5,362.93,1814.65,2025-04
505040,2025-11-27,West,Accessories,Rep B,Canvassing,2,956.59,1913.18,2025-11
505041,2024-07-11,East,Outdoor Shades,Rep E,Canvassing,2,716.91,1433.82,2024-07
505042,2025-07-21,South,Window Treatments,Rep C,Referral,1,535.59,535.59,2025-07
505043,2025-05-28,East,Window Treatments,Rep B,Canvassing,1,889.67,889.67,2025-05
505044,2025-05-26,South,Window Treatments,Rep D,Website,1,151.58,151.58,2025-05
505045,2024-01-21,West,Window Treatments,Rep E,Canvassing,5,862.08,4310.4,2024-01
505046,2024-12-19,East,Window Treatments,Rep A,Website,5,1037.92,5189.6,2024-12
505047,2024-07-16,South,Window Treatments,Rep B,Canvassing,3,880.16,2640.48,2024-07
505048,2024-10-22,Midwest,Outdoor Shades,Rep B,Partner,1,977.69,977.69,2024-10
505049,2024-02-29,West,Window Treatments,Rep D,Referral,1,231.6,231.6,2024-02
505050,2024-10-17,South,Outdoor Shades,Rep B,Partner,2,168.84,337.68,2024-10
505051,2024-02-02,South,Outdoor Shades,Rep A,Website,3,578.43,1735.29,2024-02
505052,2025-11-05,West,Window Treatments,Rep C,Inbound Call,3,572.65,1717.95,2025-11
505053,2024-04-25,Midwest,Window Treatments,Rep C,Canvassing,4,333.94,1335.76,2024-04
505054,2025-07-13,South,Smart Blinds,Rep D,Canvassing,3,176.86,530.58,2025-07
505055,2025-02-09,Midwest,Window Treatments,Rep A,Referral,3,404.44,1213.32,2025-02
505056,2024-10-24,South,Outdoor Shades,Rep C,Inbound Call,4,1083.3,4333.2,2024-10
505057,2025-08-12,East,Smart Blinds,Rep C,Referral,4,362.78,1451.12,2025-08
505058,2025-10-22,South,Window Treatments,Rep C,Website,2,786.65,1573.3,2025-10
505059,2024-12-11,Midwest,Window Treatments,Rep A,Referral,3,604.95,1814.85,2024-12
505060,2025-05-21,Midwest,Smart Blinds,Rep C,Canvassing,2,270.95,541.9,2025-05
505061,2025-05-08,East,Window Treatments,Rep E,Partner,1,533.03,533.03,2025-05
505062,2024-10-09,South,Smart Blinds,Rep D,Partner,2,342.32,684.64,2024-10
505063,2025-09-24,West,Outdoor Shades,Rep E,Partner,1,519.7,519.7,2025-09
505064,2025-04-21,South,Window Treatments,Rep A,Website,3,797.82,2393.46,2025-04
505065,2025-03-30,Midwest,Window Treatments,Rep B,Website,2,677.1,1354.2,2025-03
505066,2025-03-06,South,Outdoor Shades,Rep D,Referral,5,296.47,1482.35,2025-03
505067,2024-10-25,East,Accessories,Rep B,Website,5,604.35,3021.75,2024-10
505068,2024-10-19,Midwest,Smart Blinds,Rep D,Inbound Call,2,731.83,1463.66,2024-10
505069,2025-08-19,East,Window Treatments,Rep D,Website,5,917.29,4586.45,2025-08
505070,2025-10-09,West,Outdoor Shades,Rep E,Referral,4,945.62,3782.48,2025-10
505071,2025-01-30,South,Outdoor Shades,Rep C,Inbound Call,4,1028.41,4113.64,2025-01
505072,2024-08-30,Midwest,Window Treatments,Rep A,Inbound Call,4,1042.04,4168.16,2024-08
505073,2025-06-11,West,Outdoor Shades,Rep C,Referral,1,222.08,222.08,2025-06
505074,2024-07-26,West,Outdoor Shades,Rep B,Website,3,634.92,1904.76,2024-07
505075,2024-01-18,Midwest,Window Treatments,Rep C,Website,2,517.13,1034.26,2024-01
505076,2024-12-23,East,Window Treatments,Rep D,Inbound Call,4,584.74,2338.96,2024-12
505077,2024-04-29,South,Accessories,Rep B,Partner,2,1028.62,2057.24,2024-04
505078,2025-04-20,South,Window Treatments,Rep A,Inbound Call,4,210.57,842.28,2025-04
505079,2025-09-17,Midwest,Window Treatments,Rep C,Partner,3,1056.84,3170.52,2025-09
505080,2025-11-10,South,Window Treatments,Rep D,Canvassing,1,991.12,991.12,2025-11
505081,2024-09-27,West,Window Treatments,Rep A,Partner,3,422.01,1266.03,2024-09
505082,2024-02-04,East,Window Treatments,Rep B,Partner,3,978.92,2936.76,2024-02
505083,2024-09-17,South,Outdoor Shades,Rep E,Partner,3,498.41,1495.23,2024-09
505084,2025-11-29,Midwest,Outdoor Shades,Rep D,Website,2,430.23,860.46,2025-11
505085,2025-08-23,West,Accessories,Rep C,Partner,1,985.52,985.52,2025-08
505086,2025-04-07,South,Smart Blinds,Rep A,Inbound Call,4,469.27,1877.08,2025-04
505087,2024-06-16,West,Outdoor Shades,Rep C,Partner,5,367.77,1838.85,2024-06
505088,2024-02-20,Midwest,Window Treatments,Rep C,Website,5,478.09,2390.45,2024-02
505089,2024-09-25,West,Window Treatments,Rep E,Partner,5,486.26,2431.3,2024-09
505090,2025-01-23,East,Smart Blinds,Rep C,Partner,2,1083.74,2167.48,2025-01
505091,2025-01-01,Midwest,Smart Blinds,Rep D,Canvassing,4,806.06,3224.24,2025-01
505092,2025-10-04,West,Accessories,Rep B,Partner,2,735.07,1470.14,2025-10
505093,2024-02-17,South,Accessories,Rep E,Canvassing,4,885.62,3542.48,2024-02
505094,2025-05-08,South,Window Treatments,Rep E,Inbound Call,1,1097.29,1097.29,2025-05
505095,2025-05-11,South,Outdoor Shades,Rep B,Referral,3,540.11,1620.33,2025-05
505096,2025-08-24,Midwest,Smart Blinds,Rep D,Partner,1,929.7,929.7,2025-08
505097,2025-07-21,West,Smart Blinds,Rep C,Website,2,1015.53,2031.06,2025-07
505098,2025-10-20,West,Accessories,Rep B,Referral,1,308.66,308.66,2025-10
505099,2025-10-08,Midwest,Accessories,Rep E,Website,4,1041.37,4165.48,2025-10
505100,2025-08-23,Midwest,Outdoor Shades,Rep E,Partner,2,389.55,779.1,2025-08
505101,2024-07-26,East,Window Treatments,Rep C,Inbound Call,5,253.77,1268.85,2024-07
505102,2024-04-16,South,Window Treatments,Rep B,Canvassing,5,881.28,4406.4,2024-04
505103,2025-03-21,East,Smart Blinds,Rep D,Website,4,665.94,2663.76,2025-03
505104,2024-06-25,South,Accessories,Rep B,Partner,2,766.91,1533.82,2024-06
505105,2024-12-19,East,Window Treatments,Rep E,Referral,5,927.43,4637.15,2024-12
505106,2025-04-09,West,Accessories,Rep E,Canvassing,1,226.25,226.25,2025-04
505107,2025-01-23,East,Smart Blinds,Rep E,Canvassing,3,716.42,2149.26,2025-01
505108,2025-01-22,West,Window Treatments,Rep E,Inbound Call,1,781.81,781.81,2025-01
505109,2025-03-19,South,Accessories,Rep E,Canvassing,4,503.85,2015.4,2025-03
505110,2024-03-26,Midwest,Window Treatments,Rep E,Website,3,327.82,983.46,2024-03
505111,2025-12-17,South,Outdoor Shades,Rep D,Inbound Call,3,714.77,2144.31,2025-12
505112,2024-10-18,Midwest,Accessories,Rep D,Referral,5,1057.05,5285.25,2024-10
505113,2025-01-29,East,Smart Blinds,Rep E,Inbound Call,2,832.55,1665.1,2025-01
505114,2025-05-17,East,Outdoor Shades,Rep D,Canvassing,5,977.93,4889.65,2025-05
505115,2024-11-21,Midwest,Outdoor Shades,Rep A,Inbound Call,2,681.8,1363.6,2024-11
505116,2025-09-25,Midwest,Smart Blinds,Rep B,Referral,2,790.2,1580.4,2025-09
505117,2024-06-02,West,Smart Blinds,Rep C,Partner,3,482.32,1446.96,2024-06
505118,2025-07-19,Midwest,Smart Blinds,Rep E,Inbound Call,5,201.43,1007.15,2025-07
505119,2025-01-13,West,Accessories,Rep D,Canvassing,4,775.6,3102.4,2025-01
505120,2024-02-14,West,Outdoor Shades,Rep B,Partner,1,865.29,865.29,2024-02
505121,2025-10-20,Midwest,Window Treatments,Rep A,Website,5,638.24,3191.2,2025-10
505122,2025-10-25,West,Window Treatments,Rep A,Canvassing,4,474.48,1897.92,2025-10
505123,2024-06-25,Midwest,Window Treatments,Rep D,Canvassing,2,813.84,1627.68,2024-06
505124,2024-05-14,East,Window Treatments,Rep E,Referral,5,217.48,1087.4,2024-05
505125,2025-08-20,Midwest,Accessories,Rep A,Inbound Call,3,514.84,1544.52,2025-08
505126,2025-09-22,Midwest,Smart Blinds,Rep A,Website,2,334.99,669.98,2025-09
505127,2025-03-18,West,Outdoor Shades,Rep A,Website,1,1068.28,1068.28,2025-03
505128,2025-10-06,Midwest,Smart Blinds,Rep D,Website,5,605.58,3027.9,2025-10
505129,2024-11-14,South,Window Treatments,Rep A,Inbound Call,5,261.81,1309.05,2024-11
505130,2025-02-15,West,Smart Blinds,Rep C,Referral,3,832.52,2497.56,2025-02
505131,2024-08-23,South,Smart Blinds,Rep D,Website,3,919.13,2757.39,2024-08
505132,2024-02-04,East,Outdoor Shades,Rep D,Partner,5,760.14,3800.7,2024-02
505133,2025-04-06,Midwest,Window Treatments,Rep E,Partner,3,524.96,1574.88,2025-04
505134,2024-05-30,South,Window Treatments,Rep B,Canvassing,3,568.33,1704.99,2024-05
505135,2024-02-17,East,Smart Blinds,Rep E,Referral,4,343.51,1374.04,2024-02
505136,2024-06-05,South,Outdoor Shades,Rep B,Referral,2,710.73,1421.46,2024-06
505137,2024-10-26,South,Smart Blinds,Rep C,Inbound Call,4,519.68,2078.72,2024-10
505138,2024-12-16,West,Window Treatments,Rep C,Partner,2,435.14,870.28,2024-12
505139,2025-04-15,West,Outdoor Shades,Rep A,Referral,1,582.86,582.86,2025-04
505140,2025-02-25,West,Outdoor Shades,Rep C,Canvassing,1,1027.5,1027.5,2025-02
505141,2025-05-25,Midwest,Window Treatments,Rep C,Website,1,933.0,933.0,2025-05
505142,2025-06-13,Midwest,Smart Blinds,Rep D,Referral,4,923.88,3695.52,2025-06
505143,2024-04-23,South,Window Treatments,Rep D,Canvassing,1,829.24,829.24,2024-04
505144,2025-08-10,West,Outdoor Shades,Rep B,Referral,5,316.39,1581.95,2025-08
505145,2025-10-24,East,Window Treatments,Rep C,Partner,3,418.74,1256.22,2025-10
505146,2025-04-12,East,Window Treatments,Rep B,Canvassing,4,612.63,2450.52,2025-04
505147,2025-07-07,West,Smart Blinds,Rep C,Referral,2,147.98,295.96,2025-07
505148,2025-11-05,West,Outdoor Shades,Rep C,Inbound Call,3,249.29,747.87,2025-11
505149,2024-03-04,Midwest,Outdoor Shades,Rep A,Inbound Call,1,748.02,748.02,2024-03
505150,2025-05-07,East,Outdoor Shades,Rep C,Inbound Call,4,234.56,938.24,2025-05
505151,2025-03-07,South,Outdoor Shades,Rep C,Referral,2,687.35,1374.7,2025-03
505152,2024-05-13,West,Accessories,Rep E,Inbound Call,4,1039.46,4157.84,2024-05
505153,2024-08-31,South,Window Treatments,Rep C,Inbound Call,5,516.87,2584.35,2024-08
505154,2025-01-29,West,Smart Blinds,Rep D,Referral,2,216.5,433.0,2025-01
505155,2024-12-28,West,Window Treatments,Rep E,Website,5,327.82,1639.1,2024-12
505156,2024-12-05,East,Outdoor Shades,Rep A,Website,4,362.9,1451.6,2024-12
505157,2025-12-05,West,Smart Blinds,Rep C,Referral,4,888.66,3554.64,2025-12
505158,2024-11-12,East,Accessories,Rep C,Inbound Call,3,817.34,2452.02,2024-11
505159,2024-08-26,West,Window Treatments,Rep C,Canvassing,5,1090.56,5452.8,2024-08
505160,2024-02-19,East,Accessories,Rep B,Website,3,890.4,2671.2,2024-02
505161,2024-05-26,West,Outdoor Shades,Rep B,Website,2,842.43,1684.86,2024-05
505162,2024-07-09,East,Accessories,Rep D,Inbound Call,3,1092.48,3277.44,2024-07
505163,2024-04-19,Midwest,Smart Blinds,Rep E,Partner,5,534.45,2672.25,2024-04
505164,2024-12-13,South,Smart Blinds,Rep D,Website,5,753.61,3768.05,2024-12
505165,2024-03-22,Midwest,Accessories,Rep D,Website,5,1072.87,5364.35,2024-03
505166,2024-11-06,South,Outdoor Shades,Rep B,Inbound Call,4,377.58,1510.32,2024-11
505167,2025-05-05,Midwest,Outdoor Shades,Rep C,Inbound Call,4,1014.66,4058.64,2025-05
505168,2025-08-15,West,Outdoor Shades,Rep B,Website,1,234.99,234.99,2025-08
505169,2025-01-10,South,Outdoor Shades,Rep B,Referral,5,1047.09,5235.45,2025-01
505170,2025-04-02,West,Smart Blinds,Rep C,Partner,4,496.18,1984.72,2025-04
505171,2025-02-27,West,Outdoor Shades,Rep D,Canvassing,3,884.21,2652.63,2025-02
505172,2025-06-08,Midwest,Window Treatments,Rep E,Partner,5,379.79,1898.95,2025-06
505173,2024-08-24,East,Window Treatments,Rep B,Canvassing,1,839.38,839.38,2024-08
505174,2025-09-23,Midwest,Accessories,Rep E,Canvassing,2,691.7,1383.4,2025-09
505175,2025-11-29,East,Smart Blinds,Rep D,Referral,2,397.79,795.58,2025-11
505176,2025-05-03,South,Outdoor Shades,Rep E,Website,4,1099.09,4396.36,2025-05
505177,2024-06-24,West,Smart Blinds,Rep C,Website,1,779.05,779.05,2024-06
505178,2024-06-27,South,Window Treatments,Rep D,Canvassing,3,1031.85,3095.55,2024-06
505179,2024-02-03,South,Smart Blinds,Rep A,Canvassing,4,540.09,2160.36,2024-02
505180,2025-11-11,East,Smart Blinds,Rep A,Partner,1,394.97,394.97,2025-11
505181,2024-07-28,West,Outdoor Shades,Rep E,Referral,4,820.48,3281.92,2024-07
505182,2024-01-13,East,Window Treatments,Rep D,Canvassing,4,163.15,652.6,2024-01
505183,2025-10-07,Midwest,Window Treatments,Rep D,Canvassing,5,910.58,4552.9,2025-10
505184,2025-09-30,West,Outdoor Shades,Rep C,Partner,2,823.68,1647.36,2025-09
505185,2025-08-26,West,Window Treatments,Rep E,Partner,5,605.02,3025.1,2025-08
505186,2025-08-10,Midwest,Outdoor Shades,Rep D,Canvassing,1,608.9,608.9,2025-08
505187,2024-01-05,Midwest,Window Treatments,Rep D,Canvassing,3,1090.66,3271.98,2024-01
505188,2024-07-29,West,Window Treatments,Rep E,Referral,2,325.97,651.94,2024-07
505189,2025-08-08,Midwest,Accessories,Rep D,Partner,1,501.69,501.69,2025-08
505190,2024-12-13,West,Window Treatments,Rep D,Website,3,668.26,2004.78,2024-12
505191,2024-06-05,West,Smart Blinds,Rep D,Partner,4,327.83,1311.32,2024-06
505192,2024-01-09,West,Accessories,Rep D,Inbound Call,3,681.64,2044.92,2024-01
505193,2024-02-09,South,Window Treatments,Rep D,Referral,4,521.97,2087.88,2024-02
505194,2024-01-28,South,Smart Blinds,Rep A,Inbound Call,2,608.39,1216.78,2024-01
505195,2024-09-16,West,Smart Blinds,Rep D,Inbound Call,5,665.92,3329.6,2024-09
505196,2024-07-19,South,Accessories,Rep D,Partner,4,846.15,3384.6,2024-07
505197,2025-01-24,East,Accessories,Rep D,Canvassing,2,1092.26,2184.52,2025-01
505198,2025-04-07,West,Outdoor Shades,Rep E,Inbound Call,1,420.22,420.22,2025-04
505199,2024-05-15,West,Smart Blinds,Rep B,Referral,5,411.46,2057.3,2024-05
505200,2025-07-10,Midwest,Accessories,Rep D,Website,2,214.97,429.94,2025-07
505201,2024-12-10,South,Smart Blinds,Rep E,Partner,4,386.87,1547.48,2024-12
505202,2025-07-25,South,Window Treatments,Rep A,Canvassing,1,927.35,927.35,2025-07
505203,2025-01-18,West,Accessories,Rep B,Canvassing,4,1093.02,4372.08,2025-01
505204,2025-12-22,South,Outdoor Shades,Rep E,Inbound Call,2,326.23,652.46,2025-12
505205,2024-10-09,West,Outdoor Shades,Rep E,Website,1,885.4,885.4,2024-10
505206,2025-05-16,East,Window Treatments,Rep C,Partner,4,844.7,3378.8,2025-05
505207,2024-05-31,West,Window Treatments,Rep D,Inbound Call,1,550.43,550.43,2024-05
505208,2024-11-19,West,Outdoor Shades,Rep A,Canvassing,3,425.18,1275.54,2024-11
505209,2025-11-17,South,Window Treatments,Rep B,Partner,2,1015.12,2030.24,2025-11
505210,2025-09-22,East,Window Treatments,Rep B,Canvassing,1,128.19,128.19,2025-09
505211,2024-01-27,Midwest,Outdoor Shades,Rep A,Inbound Call,3,1083.49,3250.47,2024-01
505212,2024-06-18,West,Accessories,Rep E,Canvassing,5,623.5,3117.5,2024-06
505213,2025-10-04,East,Window Treatments,Rep E,Canvassing,2,809.77,1619.54,2025-10
505214,2024-03-01,South,Outdoor Shades,Rep B,Inbound Call,4,168.87,675.48,2024-03
505215,2025-10-20,East,Accessories,Rep C,Website,1,161.18,161.18,2025-10
505216,2024-12-21,Midwest,Smart Blinds,Rep E,Inbound Call,4,263.37,1053.48,2024-12
505217,2024-07-02,South,Window Treatments,Rep A,Referral,3,801.26,2403.78,2024-07
505218,2024-01-19,Midwest,Window Treatments,Rep A,Canvassing,3,281.33,843.99,2024-01
505219,2025-07-03,Midwest,Window Treatments,Rep D,Website,1,904.74,904.74,2025-07
505220,2025-08-07,South,Outdoor Shades,Rep A,Website,5,580.03,2900.15,2025-08
505221,2025-09-11,South,Outdoor Shades,Rep C,Referral,3,620.18,1860.54,2025-09
505222,2025-03-28,West,Accessories,Rep C,Referral,4,464.06,1856.24,2025-03
505223,2024-04-28,East,Outdoor Shades,Rep E,Canvassing,3,199.39,598.17,2024-04
505224,2025-10-26,Midwest,Accessories,Rep B,Website,3,984.64,2953.92,2025-10
505225,2024-06-14,East,Outdoor Shades,Rep A,Partner,5,420.37,2101.85,2024-06
505226,2024-12-29,South,Accessories,Rep C,Partner,4,286.76,1147.04,2024-12
505227,2025-10-21,Midwest,Window Treatments,Rep A,Inbound Call,1,560.2,560.2,2025-10
505228,2025-02-14,Midwest,Window Treatments,Rep E,Partner,1,587.83,587.83,2025-02
505229,2024-05-15,Midwest,Smart Blinds,Rep D,Partner,5,183.47,917.35,2024-05
505230,2024-09-13,South,Window Treatments,Rep A,Canvassing,2,628.97,1257.94,2024-09
505231,2025-08-18,East,Outdoor Shades,Rep A,Canvassing,2,522.24,1044.48,2025-08
505232,2024-01-09,West,Smart Blinds,Rep D,Website,5,1056.17,5280.85,2024-01
505233,2025-07-09,South,Accessories,Rep A,Canvassing,3,263.85,791.55,2025-07
505234,2025-01-26,Midwest,Outdoor Shades,Rep D,Partner,3,1068.56,3205.68,2025-01
505235,2024-11-25,South,Accessories,Rep E,Inbound Call,1,497.89,497.89,2024-11
505236,2025-01-17,South,Window Treatments,Rep D,Inbound Call,5,780.33,3901.65,2025-01
505237,2024-04-22,East,Smart Blinds,Rep C,Partner,5,872.8,4364.0,2024-04
505238,2024-02-21,South,Smart Blinds,Rep D,Canvassing,2,548.84,1097.68,2024-02
505239,2025-07-05,South,Smart Blinds,Rep B,Referral,5,564.38,2821.9,2025-07
505240,2024-05-16,East,Accessories,Rep D,Inbound Call,5,570.41,2852.05,2024-05
505241,2024-07-21,Midwest,Smart Blinds,Rep C,Partner,3,637.6,1912.8,2024-07
505242,2025-03-25,South,Outdoor Shades,Rep D,Partner,5,457.33,2286.65,2025-03
505243,2024-05-04,Midwest,Window Treatments,Rep B,Referral,5,688.13,3440.65,2024-05
505244,2024-02-27,East,Outdoor Shades,Rep E,Website,5,887.58,4437.9,2024-02
505245,2024-05-15,East,Window Treatments,Rep A,Referral,4,755.06,3020.24,2024-05
505246,2024-02-09,South,Smart Blinds,Rep B,Partner,3,135.22,405.66,2024-02
505247,2024-06-22,East,Smart Blinds,Rep B,Website,3,739.82,2219.46,2024-06
505248,2025-03-14,Midwest,Window Treatments,Rep B,Partner,4,802.64,3210.56,2025-03
505249,2025-08-09,East,Window Treatments,Rep C,Partner,3,933.56,2800.68,2025-08
505250,2024-04-26,East,Smart Blinds,Rep A,Website,3,756.74,2270.22,2024-04
505251,2024-09-24,South,Window Treatments,Rep C,Website,1,430.2,430.2,2024-09
505252,2025-10-14,South,Window Treatments,Rep B,Canvassing,1,332.29,332.29,2025-10
505253,2025-05-20,South,Accessories,Rep A,Website,3,515.77,1547.31,2025-05
505254,2025-07-23,South,Outdoor Shades,Rep D,Partner,2,447.79,895.58,2025-07
505255,2025-01-29,Midwest,Outdoor Shades,Rep E,Partner,2,129.17,258.34,2025-01
505256,2024-10-05,West,Window Treatments,Rep E,Referral,3,517.67,1553.01,2024-10
505257,2024-02-21,West,Window Treatments,Rep D,Referral,4,196.99,787.96,2024-02
505258,2025-11-30,South,Window Treatments,Rep E,Website,3,511.24,1533.72,2025-11
505259,2024-12-12,Midwest,Window Treatments,Rep A,Canvassing,1,421.51,421.51,2024-12
505260,2024-08-01,Midwest,Accessories,Rep B,Partner,5,250.38,1251.9,2024-08
505261,2024-03-03,South,Window Treatments,Rep C,Website,2,576.95,1153.9,2024-03
505262,2025-06-20,East,Outdoor Shades,Rep C,Partner,5,943.7,4718.5,2025-06
505263,2025-03-21,West,Window Treatments,Rep D,Inbound Call,5,770.21,3851.05,2025-03
505264,2024-12-14,Midwest,Window Treatments,Rep C,Partner,3,273.44,820.32,2024-12
505265,2024-10-17,Midwest,Window Treatments,Rep B,Partner,1,323.48,323.48,2024-10
505266,2025-07-01,East,Window Treatments,Rep C,Referral,5,736.85,3684.25,2025-07
505267,2025-04-30,Midwest,Outdoor Shades,Rep D,Referral,5,673.52,3367.6,2025-04
505268,2024-02-29,South,Accessories,Rep E,Inbound Call,1,615.88,615.88,2024-02
505269,2024-04-29,Midwest,Window Treatments,Rep E,Canvassing,1,154.43,154.43,2024-04
505270,2024-08-02,Midwest,Window Treatments,Rep B,Partner,4,197.28,789.12,2024-08
505271,2025-05-06,East,Window Treatments,Rep E,Website,4,950.18,3800.72,2025-05
505272,2025-04-22,Midwest,Window Treatments,Rep B,Website,5,801.64,4008.2,2025-04
505273,2025-07-11,South,Smart Blinds,Rep B,Inbound Call,2,937.31,1874.62,2025-07
505274,2024-01-03,East,Window Treatments,Rep C,Partner,4,574.46,2297.84,2024-01
505275,2024-09-03,West,Smart Blinds,Rep D,Referral,4,281.87,1127.48,2024-09
505276,2025-12-25,East,Window Treatments,Rep C,Partner,2,915.19,1830.38,2025-12
505277,2024-02-04,West,Window Treatments,Rep A,Inbound Call,1,982.98,982.98,2024-02
505278,2024-10-10,Midwest,Smart Blinds,Rep C,Canvassing,1,963.26,963.26,2024-10
505279,2025-06-17,Midwest,Smart Blinds,Rep D,Referral,1,1050.33,1050.33,2025-06
505280,2024-10-15,East,Window Treatments,Rep D,Inbound Call,2,534.03,1068.06,2024-10
505281,2024-09-19,West,Outdoor Shades,Rep B,Canvassing,3,989.07,2967.21,2024-09
505282,2024-08-07,East,Window Treatments,Rep E,Partner,1,536.71,536.71,2024-08
505283,2025-12-16,East,Smart Blinds,Rep E,Partner,5,653.46,3267.3,2025-12
505284,2025-06-28,East,Outdoor Shades,Rep C,Website,5,750.03,3750.15,2025-06
505285,2024-04-25,West,Outdoor Shades,Rep D,Partner,5,987.17,4935.85,2024-04
505286,2024-02-22,West,Window Treatments,Rep D,Referral,3,835.8,2507.4,2024-02
505287,2024-04-18,South,Smart Blinds,Rep B,Inbound Call,3,800.38,2401.14,2024-04
505288,2024-10-12,West,Window Treatments,Rep A,Canvassing,4,469.17,1876.68,2024-10
505289,2025-10-05,West,Window Treatments,Rep B,Referral,3,788.98,2366.94,2025-10
505290,2024-02-24,South,Outdoor Shades,Rep B,Referral,2,316.03,632.06,2024-02
505291,2024-09-04,Midwest,Outdoor Shades,Rep E,Website,4,179.07,716.28,2024-09
505292,2024-10-09,South,Outdoor Shades,Rep E,Inbound Call,1,808.31,808.31,2024-10
505293,2025-03-06,East,Outdoor Shades,Rep A,Canvassing,4,879.48,3517.92,2025-03
505294,2024-10-27,West,Window Treatments,Rep A,Referral,2,165.21,330.42,2024-10
505295,2025-05-08,East,Smart Blinds,Rep C,Canvassing,1,164.22,164.22,2025-05
505296,2025-03-29,East,Window Treatments,Rep B,Canvassing,1,499.58,499.58,2025-03
505297,2024-08-17,Midwest,Window Treatments,Rep D,Inbound Call,5,1055.51,5277.55,2024-08
505298,2025-06-29,Midwest,Smart Blinds,Rep E,Canvassing,4,685.91,2743.64,2025-06
505299,2025-01-23,Midwest,Window Treatments,Rep B,Canvassing,3,423.81,1271.43,2025-01
505300,2025-10-25,West,Outdoor Shades,Rep A,Website,1,129.24,129.24,2025-10
505301,2024-04-18,East,Smart Blinds,Rep C,Website,1,286.91,286.91,2024-04
505302,2025-06-27,Midwest,Window Treatments,Rep C,Partner,5,296.75,1483.75,2025-06
505303,2025-08-19,East,Window Treatments,Rep C,Partner,2,805.73,1611.46,2025-08
505304,2024-06-10,Midwest,Window Treatments,Rep D,Inbound Call,3,981.47,2944.41,2024-06
505305,2024-02-25,Midwest,Outdoor Shades,Rep E,Inbound Call,4,150.59,602.36,2024-02
505306,2025-03-31,East,Window Treatments,Rep A,Referral,3,130.39,391.17,2025-03
505307,2025-02-08,West,Window Treatments,Rep C,Inbound Call,3,650.01,1950.03,2025-02
505308,2024-04-25,East,Outdoor Shades,Rep D,Canvassing,2,873.7,1747.4,2024-04
505309,2024-10-21,West,Smart Blinds,Rep A,Partner,5,670.45,3352.25,2024-10
505310,2025-07-23,East,Outdoor Shades,Rep B,Inbound Call,1,872.13,872.13,2025-07
505311,2024-12-11,West,Outdoor Shades,Rep A,Canvassing,4,276.56,1106.24,2024-12
505312,2025-07-14,Midwest,Smart Blinds,Rep C,Website,1,549.46,549.46,2025-07
505313,2025-08-09,West,Window Treatments,Rep B,Inbound Call,3,1075.04,3225.12,2025-08
505314,2025-05-17,South,Window Treatments,Rep B,Website,1,780.4,780.4,2025-05
505315,2024-10-31,South,Smart Blinds,Rep D,Website,3,427.44,1282.32,2024-10
505316,2024-01-30,West,Accessories,Rep B,Canvassing,2,136.66,273.32,2024-01
505317,2025-11-05,West,Smart Blinds,Rep E,Partner,1,719.31,719.31,2025-11
505318,2025-07-31,South,Window Treatments,Rep E,Canvassing,4,951.96,3807.84,2025-07
505319,2024-09-16,Midwest,Smart Blinds,Rep E,Referral,1,1049.63,1049.63,2024-09
505320,2025-11-14,West,Outdoor Shades,Rep B,Inbound Call,4,1079.76,4319.04,2025-11
505321,2024-11-21,West,Outdoor Shades,Rep C,Canvassing,2,375.24,750.48,2024-11
505322,2025-07-18,Midwest,Outdoor Shades,Rep D,Partner,4,330.52,1322.08,2025-07
505323,2024-10-18,East,Outdoor Shades,Rep A,Website,1,568.16,568.16,2024-10
505324,2024-10-18,East,Smart Blinds,Rep D,Inbound Call,4,919.45,3677.8,2024-10
505325,2025-11-24,Midwest,Smart Blinds,Rep E,Canvassing,4,492.07,1968.28,2025-11
505326,2024-01-26,East,Outdoor Shades,Rep C,Website,3,266.89,800.67,2024-01
505327,2024-02-03,East,Smart Blinds,Rep D,Referral,1,319.79,319.79,2024-02
505328,2025-05-27,West,Window Treatments,Rep D,Partner,5,961.98,4809.9,2025-05
505329,2024-12-08,East,Accessories,Rep B,Canvassing,1,691.19,691.19,2024-12
505330,2025-07-22,Midwest,Window Treatments,Rep C,Website,4,908.64,3634.56,2025-07
505331,2025-06-11,Midwest,Window Treatments,Rep E,Partner,5,791.35,3956.75,2025-06
505332,2025-07-01,West,Window Treatments,Rep A,Website,4,418.09,1672.36,2025-07
505333,2024-10-29,South,Window Treatments,Rep C,Inbound Call,2,780.49,1560.98,2024-10
505334,2024-12-12,Midwest,Window Treatments,Rep B,Referral,4,169.51,678.04,2024-12
505335,2025-11-09,Midwest,Window Treatments,Rep E,Referral,4,634.66,2538.64,2025-11
505336,2024-01-05,West,Window Treatments,Rep A,Canvassing,1,181.7,181.7,2024-01
505337,2024-08-30,East,Smart Blinds,Rep E,Partner,4,471.5,1886.0,2024-08
505338,2024-01-25,Midwest,Smart Blinds,Rep E,Canvassing,4,555.77,2223.08,2024-01
505339,2024-02-14,Midwest,Smart Blinds,Rep C,Inbound Call,2,525.56,1051.12,2024-02
505340,2024-07-07,Midwest,Accessories,Rep D,Canvassing,2,239.89,479.78,2024-07
505341,2024-05-12,Midwest,Window Treatments,Rep A,Partner,2,1078.11,2156.22,2024-05
505342,2024-05-02,East,Window Treatments,Rep C,Canvassing,5,806.88,4034.4,2024-05
505343,2025-02-24,East,Accessories,Rep C,Canvassing,2,134.85,269.7,2025-02
505344,2025-11-21,East,Smart Blinds,Rep A,Canvassing,2,263.39,526.78,2025-11
505345,2024-03-28,Midwest,Outdoor Shades,Rep A,Canvassing,1,983.55,983.55,2024-03
505346,2024-10-27,Midwest,Outdoor Shades,Rep E,Inbound Call,3,306.87,920.61,2024-10
505347,2024-08-13,East,Accessories,Rep B,Referral,4,565.94,2263.76,2024-08
505348,2024-06-18,East,Accessories,Rep A,Partner,5,711.7,3558.5,2024-06
505349,2025-07-21,East,Smart Blinds,Rep D,Canvassing,3,358.51,1075.53,2025-07
505350,2024-05-23,South,Outdoor Shades,Rep C,Website,2,1055.58,2111.16,2024-05
505351,2025-08-09,East,Window Treatments,Rep E,Website,4,562.01,2248.04,2025-08
505352,2024-09-21,South,Outdoor Shades,Rep D,Website,3,789.03,2367.09,2024-09
505353,2025-09-05,Midwest,Window Treatments,Rep E,Canvassing,5,792.0,3960.0,2025-09
505354,2025-02-19,South,Accessories,Rep E,Referral,5,743.94,3719.7,2025-02
505355,2024-01-14,East,Outdoor Shades,Rep A,Referral,1,353.0,353.0,2024-01
505356,2024-04-01,West,Window Treatments,Rep B,Inbound Call,4,442.79,1771.16,2024-04
505357,2025-11-10,South,Window Treatments,Rep D,Referral,2,504.52,1009.04,2025-11
505358,2024-01-25,West,Smart Blinds,Rep A,Canvassing,5,379.35,1896.75,2024-01
505359,2025-02-11,West,Outdoor Shades,Rep D,Website,4,1079.03,4316.12,2025-02
505360,2024-01-29,Midwest,Smart Blinds,Rep A,Partner,2,540.46,1080.92,2024-01
505361,2025-10-02,East,Window Treatments,Rep B,Referral,3,578.23,1734.69,2025-10
505362,2025-10-04,East,Accessories,Rep A,Referral,5,1084.77,5423.85,2025-10
505363,2025-01-12,East,Accessories,Rep C,Referral,5,410.5,2052.5,2025-01
505364,2025-09-21,South,Smart Blinds,Rep A,Referral,4,1005.39,4021.56,2025-09
505365,2024-09-20,West,Window Treatments,Rep B,Canvassing,3,779.27,2337.81,2024-09
505366,2025-12-11,West,Outdoor Shades,Rep C,Website,4,940.83,3763.32,2025-12
505367,2025-08-13,Midwest,Outdoor Shades,Rep C,Partner,3,523.83,1571.49,2025-08
505368,2024-12-31,East,Outdoor Shades,Rep C,Partner,1,209.98,209.98,2024-12
505369,2024-04-05,West,Outdoor Shades,Rep D,Canvassing,5,634.47,3172.35,2024-04
505370,2025-02-20,West,Window Treatments,Rep A,Canvassing,1,1024.48,1024.48,2025-02
505371,2024-10-04,East,Window Treatments,Rep D,Website,5,1048.44,5242.2,2024-10
505372,2024-09-25,West,Window Treatments,Rep B,Canvassing,1,197.29,197.29,2024-09
505373,2025-10-31,West,Outdoor Shades,Rep D,Partner,3,1074.75,3224.25,2025-10
505374,2024-10-02,East,Window Treatments,Rep C,Canvassing,5,642.76,3213.8,2024-10
505375,2025-02-28,South,Window Treatments,Rep B,Inbound Call,2,553.68,1107.36,2025-02
505376,2025-07-24,West,Window Treatments,Rep D,Referral,4,621.52,2486.08,2025-07
505377,2025-05-21,East,Window Treatments,Rep E,Partner,5,341.72,1708.6,2025-05
505378,2025-05-06,Midwest,Outdoor Shades,Rep B,Website,2,352.65,705.3,2025-05
505379,2025-04-02,Midwest,Window Treatments,Rep E,Inbound Call,1,641.2,641.2,2025-04
505380,2024-09-27,East,Window Treatments,Rep E,Inbound Call,1,964.7,964.7,2024-09
505381,2025-06-08,Midwest,Accessories,Rep C,Referral,1,610.54,610.54,2025-06
505382,2025-10-28,South,Window Treatments,Rep C,Website,5,251.77,1258.85,2025-10
505383,2024-05-13,South,Outdoor Shades,Rep C,Canvassing,3,571.5,1714.5,2024-05
505384,2024-04-28,Midwest,Outdoor Shades,Rep D,Referral,4,766.47,3065.88,2024-04
505385,2024-08-02,South,Window Treatments,Rep E,Website,1,1021.82,1021.82,2024-08
505386,2024-03-14,East,Outdoor Shades,Rep C,Website,2,467.48,934.96,2024-03
505387,2025-01-25,Midwest,Accessories,Rep E,Inbound Call,4,1021.23,4084.92,2025-01
505388,2024-11-03,East,Smart Blinds,Rep A,Canvassing,5,1094.03,5470.15,2024-11
505389,2024-06-05,East,Smart Blinds,Rep D,Partner,5,657.88,3289.4,2024-06
505390,2024-10-26,East,Accessories,Rep C,Website,4,725.07,2900.28,2024-10
505391,2024-12-10,South,Window Treatments,Rep B,Referral,3,442.8,1328.4,2024-12
505392,2024-12-22,East,Smart Blinds,Rep E,Partner,5,917.71,4588.55,2024-12
505393,2025-02-08,West,Smart Blinds,Rep D,Canvassing,3,959.57,2878.71,2025-02
505394,2024-11-08,East,Window Treatments,Rep D,Website,4,120.23,480.92,2024-11
505395,2025-09-30,West,Outdoor Shades,Rep E,Website,2,323.63,647.26,2025-09
505396,2025-02-19,East,Smart Blinds,Rep B,Referral,5,1054.18,5270.9,2025-02
505397,2025-01-31,South,Accessories,Rep E,Website,3,632.6,1897.8,2025-01
505398,2024-08-31,Midwest,Window Treatments,Rep C,Partner,1,378.73,378.73,2024-08
505399,2025-02-01,South,Window Treatments,Rep E,Website,5,378.89,1894.45,2025-02
505400,2024-02-11,South,Window Treatments,Rep C,Website,4,469.56,1878.24,2024-02
505401,2024-04-08,South,Window Treatments,Rep C,Referral,2,457.06,914.12,2024-04
505402,2025-06-04,East,Window Treatments,Rep D,Referral,1,753.76,753.76,2025-06
505403,2025-02-03,West,Accessories,Rep D,Website,5,799.64,3998.2,2025-02
505404,2024-12-22,Midwest,Outdoor Shades,Rep E,Inbound Call,3,644.7,1934.1,2024-12
505405,2024-10-19,East,Window Treatments,Rep C,Referral,5,995.25,4976.25,2024-10
505406,2025-03-31,South,Window Treatments,Rep D,Website,5,930.8,4654.0,2025-03
505407,2025-10-30,South,Window Treatments,Rep A,Partner,4,803.45,3213.8,2025-10
505408,2025-03-23,South,Smart Blinds,Rep D,Inbound Call,2,853.41,1706.82,2025-03
505409,2025-03-06,South,Outdoor Shades,Rep E,Website,1,492.61,492.61,2025-03
505410,2024-12-23,East,Window Treatments,Rep C,Partner,1,426.1,426.1,2024-12
505411,2024-03-16,Midwest,Outdoor Shades,Rep C,Inbound Call,5,271.02,1355.1,2024-03
505412,2024-03-17,Midwest,Smart Blinds,Rep E,Inbound Call,1,324.76,324.76,2024-03
505413,2024-04-23,Midwest,Window Treatments,Rep E,Inbound Call,2,1016.51,2033.02,2024-04
505414,2025-12-05,East,Window Treatments,Rep A,Website,3,937.27,2811.81,2025-12
505415,2024-07-11,South,Outdoor Shades,Rep A,Website,4,699.11,2796.44,2024-07
505416,2025-04-08,West,Window Treatments,Rep C,Referral,1,488.51,488.51,2025-04
505417,2025-02-12,South,Outdoor Shades,Rep E,Partner,3,977.33,2931.99,2025-02
505418,2025-02-01,South,Outdoor Shades,Rep D,Partner,3,707.12,2121.36,2025-02
505419,2025-10-07,Midwest,Smart Blinds,Rep D,Partner,1,1085.6,1085.6,2025-10
505420,2025-12-17,West,Accessories,Rep A,Inbound Call,4,1092.21,4368.84,2025-12
505421,2024-07-12,East,Outdoor Shades,Rep B,Inbound Call,5,940.95,4704.75,2024-07
505422,2024-11-14,East,Window Treatments,Rep A,Canvassing,4,1037.17,4148.68,2024-11
505423,2025-12-18,Midwest,Window Treatments,Rep A,Referral,4,805.61,3222.44,2025-12
505424,2024-09-29,East,Window Treatments,Rep B,Referral,4,365.0,1460.0,2024-09
505425,2025-06-27,East,Smart Blinds,Rep B,Referral,3,547.67,1643.01,2025-06
505426,2025-02-03,Midwest,Smart Blinds,Rep D,Referral,5,207.35,1036.75,2025-02
505427,2024-10-04,East,Outdoor Shades,Rep B,Website,4,722.27,2889.08,2024-10
505428,2024-05-14,Midwest,Outdoor Shades,Rep D,Inbound Call,5,830.68,4153.4,2024-05
505429,2024-02-09,Midwest,Outdoor Shades,Rep C,Website,4,468.09,1872.36,2024-02
505430,2025-02-12,Midwest,Window Treatments,Rep A,Canvassing,4,1085.19,4340.76,2025-02
505431,2025-02-14,West,Outdoor Shades,Rep B,Website,4,610.41,2441.64,2025-02
505432,2024-08-18,East,Outdoor Shades,Rep D,Inbound Call,5,698.0,3490.0,2024-08
505433,2025-02-19,West,Accessories,Rep A,Canvassing,5,195.42,977.1,2025-02
505434,2025-01-10,Midwest,Outdoor Shades,Rep E,Inbound Call,1,376.31,376.31,2025-01
505435,2024-09-10,Midwest,Outdoor Shades,Rep E,Canvassing,1,848.68,848.68,2024-09
505436,2025-11-09,East,Outdoor Shades,Rep D,Inbound Call,3,127.04,381.12,2025-11
505437,2024-10-09,West,Outdoor Shades,Rep D,Partner,3,243.85,731.55,2024-10
505438,2025-07-17,East,Window Treatments,Rep E,Partner,1,869.41,869.41,2025-07
505439,2024-07-06,South,Smart Blinds,Rep C,Referral,1,514.89,514.89,2024-07
505440,2024-11-21,South,Window Treatments,Rep C,Inbound Call,5,1050.55,5252.75,2024-11
505441,2024-02-21,West,Window Treatments,Rep D,Partner,2,326.3,652.6,2024-02
505442,2025-05-07,Midwest,Window Treatments,Rep E,Partner,1,871.12,871.12,2025-05
505443,2024-01-14,East,Smart Blinds,Rep D,Website,1,1089.83,1089.83,2024-01
505444,2025-07-25,South,Window Treatments,Rep B,Partner,5,572.25,2861.25,2025-07
505445,2025-01-13,East,Window Treatments,Rep D,Partner,5,783.66,3918.3,2025-01
505446,2024-04-29,East,Outdoor Shades,Rep C,Partner,1,915.42,915.42,2024-04
505447,2024-06-03,South,Smart Blinds,Rep B,Referral,5,982.94,4914.7,2024-06
505448,2025-11-20,Midwest,Smart Blinds,Rep B,Canvassing,3,666.49,1999.47,2025-11
505449,2025-04-02,Midwest,Window Treatments,Rep D,Partner,3,856.86,2570.58,2025-04
505450,2025-12-27,South,Outdoor Shades,Rep D,Partner,5,1011.83,5059.15,2025-12
505451,2024-06-08,South,Smart Blinds,Rep C,Referral,2,988.01,1976.02,2024-06
505452,2024-05-07,West,Window Treatments,Rep B,Website,3,308.28,924.84,2024-05
505453,2025-06-23,West,Smart Blinds,Rep D,Referral,2,1065.9,2131.8,2025-06
505454,2024-11-06,South,Window Treatments,Rep B,Referral,1,244.25,244.25,2024-11
505455,2025-09-06,West,Window Treatments,Rep A,Inbound Call,2,252.55,505.1,2025-09
505456,2025-01-08,South,Smart Blinds,Rep D,Canvassing,3,227.13,681.39,2025-01
505457,2025-09-01,Midwest,Smart Blinds,Rep C,Website,3,944.66,2833.98,2025-09
505458,2025-03-27,South,Window Treatments,Rep E,Canvassing,4,450.47,1801.88,2025-03
505459,2024-09-21,South,Outdoor Shades,Rep C,Partner,2,988.6,1977.2,2024-09
505460,2024-07-18,South,Smart Blinds,Rep A,Website,4,855.49,3421.96,2024-07
505461,2024-02-17,West,Window Treatments,Rep C,Referral,1,420.6,420.6,2024-02
505462,2025-02-26,East,Window Treatments,Rep E,Canvassing,5,649.14,3245.7,2025-02
505463,2024-11-15,Midwest,Outdoor Shades,Rep C,Canvassing,3,248.79,746.37,2024-11
505464,2024-03-24,East,Smart Blinds,Rep A,Referral,5,483.72,2418.6,2024-03
505465,2024-03-04,South,Window Treatments,Rep B,Partner,1,1036.35,1036.35,2024-03
505466,2025-10-08,East,Smart Blinds,Rep A,Website,3,570.59,1711.77,2025-10
505467,2025-01-15,South,Outdoor Shades,Rep A,Inbound Call,3,412.07,1236.21,2025-01
505468,2025-03-28,East,Outdoor Shades,Rep C,Partner,3,431.17,1293.51,2025-03
505469,2025-06-17,East,Window Treatments,Rep D,Inbound Call,1,415.77,415.77,2025-06
505470,2024-03-12,Midwest,Window Treatments,Rep A,Referral,5,715.2,3576.0,2024-03
505471,2025-05-09,South,Window Treatments,Rep D,Partner,5,375.41,1877.05,2025-05
505472,2024-03-29,South,Window Treatments,Rep A,Website,5,651.45,3257.25,2024-03
505473,2024-07-04,Midwest,Outdoor Shades,Rep C,Inbound Call,1,286.82,286.82,2024-07
505474,2025-09-21,East,Smart Blinds,Rep C,Partner,2,373.31,746.62,2025-09
505475,2024-12-14,East,Smart Blinds,Rep E,Partner,5,823.01,4115.05,2024-12
505476,2024-09-13,South,Outdoor Shades,Rep D,Website,2,1092.11,2184.22,2024-09
505477,2025-01-30,West,Smart Blinds,Rep E,Inbound Call,1,227.0,227.0,2025-01
505478,2024-04-07,West,Window Treatments,Rep E,Canvassing,5,1028.96,5144.8,2024-04
505479,2024-11-15,West,Window Treatments,Rep B,Website,5,568.22,2841.1,2024-11
505480,2025-03-24,South,Window Treatments,Rep A,Website,1,1024.91,1024.91,2025-03
505481,2024-04-06,South,Outdoor Shades,Rep D,Website,4,225.41,901.64,2024-04
505482,2024-10-18,East,Window Treatments,Rep C,Website,5,352.65,1763.25,2024-10
505483,2024-01-04,Midwest,Window Treatments,Rep C,Inbound Call,1,239.19,239.19,2024-01
505484,2024-04-12,West,Smart Blinds,Rep B,Canvassing,3,433.87,1301.61,2024-04
505485,2024-07-30,East,Outdoor Shades,Rep E,Website,1,793.36,793.36,2024-07
505486,2024-06-25,East,Outdoor Shades,Rep A,Inbound Call,4,777.97,3111.88,2024-06
505487,2024-03-17,East,Outdoor Shades,Rep C,Referral,5,554.72,2773.6,2024-03
505488,2024-12-02,West,Window Treatments,Rep D,Referral,4,1000.09,4000.36,2024-12
505489,2024-06-06,East,Window Treatments,Rep B,Partner,2,483.33,966.66,2024-06
505490,2024-08-30,East,Outdoor Shades,Rep B,Website,2,355.39,710.78,2024-08
505491,2025-01-21,West,Outdoor Shades,Rep E,Partner,1,493.82,493.82,2025-01
505492,2024-08-16,Midwest,Window Treatments,Rep D,Canvassing,5,408.54,2042.7,2024-08
505493,2024-07-15,West,Window Treatments,Rep B,Partner,2,217.15,434.3,2024-07
505494,2024-08-15,South,Outdoor Shades,Rep B,Website,4,708.95,2835.8,2024-08
505495,2025-02-17,South,Window Treatments,Rep D,Referral,4,892.61,3570.44,2025-02
505496,2024-09-04,South,Window Treatments,Rep C,Canvassing,3,506.26,1518.78,2024-09
505497,2024-07-19,West,Window Treatments,Rep D,Inbound Call,4,1010.61,4042.44,2024-07
505498,2024-08-11,East,Window Treatments,Rep E,Referral,5,797.18,3985.9,2024-08
505499,2025-12-11,Midwest,Outdoor Shades,Rep E,Inbound Call,5,446.7,2233.5,2025-12
505500,2024-07-03,East,Outdoor Shades,Rep A,Referral,4,906.47,3625.88,2024-07
505501,2024-01-03,East,Window Treatments,Rep B,Canvassing,1,516.88,516.88,2024-01
505502,2024-06-22,Midwest,Outdoor Shades,Rep D,Inbound Call,2,997.66,1995.32,2024-06
505503,2024-04-04,South,Window Treatments,Rep C,Website,1,337.92,337.92,2024-04
505504,2024-12-09,West,Smart Blinds,Rep D,Referral,3,644.16,1932.48,2024-12
505505,2024-11-18,East,Outdoor Shades,Rep A,Website,1,614.29,614.29,2024-11
505506,2024-01-25,Midwest,Accessories,Rep E,Website,1,392.01,392.01,2024-01
505507,2025-03-16,Midwest,Outdoor Shades,Rep D,Website,4,468.85,1875.4,2025-03
505508,2025-06-17,West,Outdoor Shades,Rep E,Website,5,663.1,3315.5,2025-06
505509,2025-05-19,Midwest,Window Treatments,Rep C,Inbound Call,5,491.58,2457.9,2025-05
505510,2024-08-13,South,Smart Blinds,Rep B,Partner,1,983.39,983.39,2024-08
505511,2024-05-04,Midwest,Window Treatments,Rep D,Referral,4,859.78,3439.12,2024-05
505512,2025-08-02,Midwest,Smart Blinds,Rep B,Referral,4,139.28,557.12,2025-08
505513,2025-06-23,Midwest,Outdoor Shades,Rep E,Inbound Call,5,719.14,3595.7,2025-06
505514,2025-06-05,West,Window Treatments,Rep D,Inbound Call,2,1047.53,2095.06,2025-06
505515,2025-10-27,Midwest,Outdoor Shades,Rep B,Canvassing,2,199.27,398.54,2025-10
505516,2025-04-07,West,Window Treatments,Rep E,Website,1,299.93,299.93,2025-04
505517,2025-10-14,South,Window Treatments,Rep C,Partner,4,1057.18,4228.72,2025-10
505518,2024-11-01,West,Window Treatments,Rep D,Referral,1,403.67,403.67,2024-11
505519,2024-09-14,West,Smart Blinds,Rep C,Referral,1,281.43,281.43,2024-09
505520,2025-01-28,Midwest,Smart Blinds,Rep A,Partner,1,668.25,668.25,2025-01
505521,2024-11-05,Midwest,Window Treatments,Rep A,Partner,4,353.0,1412.0,2024-11
505522,2025-11-14,West,Window Treatments,Rep E,Inbound Call,3,740.37,2221.11,2025-11
505523,2025-08-22,Midwest,Window Treatments,Rep A,Inbound Call,2,925.72,1851.44,2025-08
505524,2024-04-11,Midwest,Outdoor Shades,Rep E,Inbound Call,3,309.87,929.61,2024-04
505525,2025-04-25,Midwest,Outdoor Shades,Rep D,Canvassing,3,759.33,2277.99,2025-04
505526,2024-07-21,South,Outdoor Shades,Rep B,Canvassing,2,864.21,1728.42,2024-07
505527,2025-09-18,Midwest,Outdoor Shades,Rep C,Inbound Call,1,179.83,179.83,2025-09
505528,2025-10-19,South,Window Treatments,Rep B,Partner,2,388.27,776.54,2025-10
505529,2025-04-05,South,Window Treatments,Rep B,Website,4,307.73,1230.92,2025-04
505530,2024-09-29,East,Smart Blinds,Rep A,Inbound Call,4,440.02,1760.08,2024-09
505531,2025-06-17,Midwest,Accessories,Rep B,Partner,3,582.69,1748.07,2025-06
505532,2025-03-12,East,Outdoor Shades,Rep A,Canvassing,5,632.35,3161.75,2025-03
505533,2024-05-24,South,Smart Blinds,Rep E,Canvassing,1,857.0,857.0,2024-05
505534,2025-05-02,South,Accessories,Rep E,Partner,4,813.83,3255.32,2025-05
505535,2024-12-08,Midwest,Outdoor Shades,Rep D,Website,4,1046.26,4185.04,2024-12
505536,2024-03-19,East,Outdoor Shades,Rep E,Canvassing,5,614.96,3074.8,2024-03
505537,2024-01-24,South,Window Treatments,Rep E,Canvassing,1,914.08,914.08,2024-01
505538,2024-01-25,Midwest,Window Treatments,Rep B,Canvassing,3,842.33,2526.99,2024-01
505539,2025-10-14,East,Outdoor Shades,Rep C,Referral,5,571.68,2858.4,2025-10
505540,2025-02-02,South,Window Treatments,Rep C,Canvassing,2,669.99,1339.98,2025-02
505541,2025-10-17,East,Smart Blinds,Rep D,Canvassing,4,361.71,1446.84,2025-10
505542,2024-10-18,Midwest,Accessories,Rep C,Referral,3,973.97,2921.91,2024-10
505543,2024-04-07,South,Smart Blinds,Rep C,Website,3,261.69,785.07,2024-04
505544,2024-02-10,South,Smart Blinds,Rep E,Referral,4,842.53,3370.12,2024-02
505545,2025-12-18,South,Smart Blinds,Rep D,Website,1,154.61,154.61,2025-12
505546,2025-09-06,Midwest,Smart Blinds,Rep C,Partner,3,225.94,677.82,2025-09
505547,2025-08-11,West,Accessories,Rep D,Partner,3,688.97,2066.91,2025-08
505548,2025-12-29,East,Accessories,Rep E,Website,1,993.96,993.96,2025-12
505549,2025-08-25,East,Window Treatments,Rep B,Partner,3,137.82,413.46,2025-08
505550,2025-02-07,West,Window Treatments,Rep B,Inbound Call,5,235.9,1179.5,2025-02
505551,2025-11-21,Midwest,Smart Blinds,Rep C,Inbound Call,5,395.23,1976.15,2025-11
505552,2025-02-16,East,Smart Blinds,Rep A,Partner,2,403.1,806.2,2025-02
505553,2025-08-28,Midwest,Outdoor Shades,Rep A,Partner,3,990.31,2970.93,2025-08
505554,2024-01-16,East,Window Treatments,Rep D,Canvassing,5,583.24,2916.2,2024-01
505555,2024-05-02,South,Window Treatments,Rep B,Partner,3,605.9,1817.7,2024-05
505556,2025-09-06,West,Outdoor Shades,Rep E,Partner,3,185.24,555.72,2025-09
505557,2025-04-11,South,Accessories,Rep C,Canvassing,2,153.19,306.38,2025-04
505558,2024-05-16,South,Outdoor Shades,Rep E,Website,1,217.06,217.06,2024-05
505559,2024-12-27,Midwest,Smart Blinds,Rep D,Inbound Call,5,735.56,3677.8,2024-12
505560,2024-01-16,West,Smart Blinds,Rep E,Canvassing,1,713.23,713.23,2024-01
505561,2025-08-01,South,Window Treatments,Rep D,Inbound Call,3,770.3,2310.9,2025-08
505562,2025-12-12,Midwest,Smart Blinds,Rep A,Website,4,592.44,2369.76,2025-12
505563,2025-11-15,Midwest,Window Treatments,Rep C,Inbound Call,2,615.1,1230.2,2025-11
505564,2024-03-27,West,Smart Blinds,Rep A,Partner,1,423.19,423.19,2024-03
505565,2025-10-19,East,Window Treatments,Rep B,Partner,3,1005.2,3015.6,2025-10
505566,2024-08-10,South,Accessories,Rep E,Partner,1,988.71,988.71,2024-08
505567,2025-02-16,East,Window Treatments,Rep A,Partner,4,785.73,3142.92,2025-02
505568,2025-08-03,West,Outdoor Shades,Rep D,Canvassing,2,878.19,1756.38,2025-08
505569,2024-03-20,West,Smart Blinds,Rep E,Inbound Call,4,328.58,1314.32,2024-03
505570,2025-11-13,West,Window Treatments,Rep B,Canvassing,5,871.73,4358.65,2025-11
505571,2024-11-29,South,Window Treatments,Rep C,Canvassing,4,628.71,2514.84,2024-11
505572,2025-03-12,East,Accessories,Rep C,Inbound Call,3,1011.83,3035.49,2025-03
505573,2025-04-28,South,Accessories,Rep A,Referral,5,635.7,3178.5,2025-04
505574,2025-11-07,East,Window Treatments,Rep B,Referral,3,986.43,2959.29,2025-11
505575,2025-11-11,West,Outdoor Shades,Rep B,Referral,1,558.56,558.56,2025-11
505576,2025-02-03,West,Window Treatments,Rep A,Referral,5,496.36,2481.8,2025-02
505577,2024-03-06,East,Accessories,Rep D,Website,3,416.35,1249.05,2024-03
505578,2025-08-11,South,Outdoor Shades,Rep E,Inbound Call,1,413.45,413.45,2025-08
505579,2025-08-08,West,Window Treatments,Rep E,Partner,1,439.02,439.02,2025-08
505580,2025-11-20,East,Outdoor Shades,Rep D,Inbound Call,5,215.95,1079.75,2025-11
505581,2024-01-11,West,Smart Blinds,Rep E,Canvassing,1,241.14,241.14,2024-01
505582,2025-07-02,West,Smart Blinds,Rep C,Referral,1,988.26,988.26,2025-07
505583,2024-12-01,South,Window Treatments,Rep B,Inbound Call,1,755.53,755.53,2024-12
505584,2024-04-18,West,Outdoor Shades,Rep E,Inbound Call,5,450.84,2254.2,2024-04
505585,2024-01-05,South,Window Treatments,Rep A,Canvassing,4,359.38,1437.52,2024-01
505586,2025-10-06,Midwest,Accessories,Rep B,Website,2,412.43,824.86,2025-10
505587,2024-11-07,South,Window Treatments,Rep A,Inbound Call,5,845.67,4228.35,2024-11
505588,2025-08-19,West,Window Treatments,Rep B,Canvassing,5,331.15,1655.75,2025-08
505589,2024-09-21,Midwest,Outdoor Shades,Rep B,Inbound Call,3,126.15,378.45,2024-09
505590,2025-01-03,West,Outdoor Shades,Rep D,Website,4,942.32,3769.28,2025-01
505591,2024-09-02,South,Window Treatments,Rep C,Partner,3,826.05,2478.15,2024-09
505592,2025-04-20,Midwest,Outdoor Shades,Rep B,Partner,4,987.65,3950.6,2025-04
505593,2025-09-28,Midwest,Window Treatments,Rep E,Partner,2,549.41,1098.82,2025-09
505594,2025-02-23,South,Window Treatments,Rep D,Referral,2,746.69,1493.38,2025-02
505595,2025-11-27,East,Smart Blinds,Rep E,Partner,4,1086.54,4346.16,2025-11
505596,2024-01-21,Midwest,Outdoor Shades,Rep C,Canvassing,1,1094.49,1094.49,2024-01
505597,2024-10-30,East,Outdoor Shades,Rep A,Partner,5,1094.68,5473.4,2024-10
505598,2025-04-05,Midwest,Window Treatments,Rep D,Referral,2,458.95,917.9,2025-04
505599,2025-11-21,West,Accessories,Rep D,Canvassing,4,890.81,3563.24,2025-11
505600,2024-11-03,Midwest,Window Treatments,Rep A,Website,4,819.61,3278.44,2024-11
505601,2024-03-14,East,Smart Blinds,Rep B,Referral,3,148.8,446.4,2024-03
505602,2025-04-29,Midwest,Window Treatments,Rep E,Website,5,535.57,2677.85,2025-04
505603,2024-08-31,South,Accessories,Rep E,Inbound Call,4,1024.1,4096.4,2024-08
505604,2025-07-25,South,Accessories,Rep C,Website,4,448.05,1792.2,2025-07
505605,2024-07-16,Midwest,Smart Blinds,Rep D,Referral,5,750.64,3753.2,2024-07
505606,2024-10-29,West,Window Treatments,Rep E,Referral,5,181.33,906.65,2024-10
505607,2024-08-13,Midwest,Smart Blinds,Rep E,Website,4,529.74,2118.96,2024-08
505608,2024-07-21,Midwest,Window Treatments,Rep D,Inbound Call,4,807.79,3231.16,2024-07
505609,2024-09-24,West,Outdoor Shades,Rep B,Partner,5,660.86,3304.3,2024-09
505610,2024-06-28,West,Outdoor Shades,Rep D,Partner,5,954.89,4774.45,2024-06
505611,2025-07-15,West,Accessories,Rep A,Canvassing,3,930.97,2792.91,2025-07
505612,2025-06-16,East,Smart Blinds,Rep C,Inbound Call,3,742.43,2227.29,2025-06
505613,2025-06-25,East,Outdoor Shades,Rep D,Referral,4,319.46,1277.84,2025-06
505614,2024-10-06,East,Outdoor Shades,Rep D,Partner,4,467.16,1868.64,2024-10
505615,2025-04-29,West,Outdoor Shades,Rep C,Canvassing,2,1015.49,2030.98,2025-04
505616,2024-07-02,South,Outdoor Shades,Rep D,Partner,2,395.19,790.38,2024-07
505617,2025-05-23,East,Window Treatments,Rep E,Partner,3,452.01,1356.03,2025-05
505618,2024-07-11,East,Accessories,Rep E,Inbound Call,5,343.3,1716.5,2024-07
505619,2024-01-18,East,Window Treatments,Rep E,Canvassing,1,274.43,274.43,2024-01
505620,2024-07-09,West,Window Treatments,Rep B,Partner,1,712.16,712.16,2024-07
505621,2025-07-12,West,Window Treatments,Rep B,Website,4,644.75,2579.0,2025-07
505622,2025-06-16,East,Window Treatments,Rep B,Canvassing,2,290.11,580.22,2025-06
505623,2025-02-15,East,Accessories,Rep D,Website,1,736.06,736.06,2025-02
505624,2025-11-24,South,Window Treatments,Rep C,Canvassing,3,597.48,1792.44,2025-11
505625,2025-02-26,West,Smart Blinds,Rep B,Inbound Call,3,947.18,2841.54,2025-02
505626,2025-03-12,South,Window Treatments,Rep C,Partner,2,612.78,1225.56,2025-03
505627,2025-07-07,South,Outdoor Shades,Rep D,Website,2,880.69,1761.38,2025-07
505628,2025-12-14,Midwest,Window Treatments,Rep D,Inbound Call,1,905.42,905.42,2025-12
505629,2025-09-07,East,Smart Blinds,Rep C,Canvassing,2,638.75,1277.5,2025-09
505630,2025-10-10,East,Outdoor Shades,Rep D,Referral,4,1075.23,4300.92,2025-10
505631,2025-06-09,South,Smart Blinds,Rep A,Canvassing,2,425.69,851.38,2025-06
505632,2025-05-26,East,Outdoor Shades,Rep B,Partner,5,518.86,2594.3,2025-05
505633,2024-04-03,South,Outdoor Shades,Rep D,Canvassing,4,128.56,514.24,2024-04
505634,2025-10-28,South,Window Treatments,Rep C,Partner,1,1065.63,1065.63,2025-10
505635,2025-03-03,West,Outdoor Shades,Rep A,Referral,2,898.8,1797.6,2025-03
505636,2024-02-12,East,Window Treatments,Rep B,Canvassing,5,274.59,1372.95,2024-02
505637,2025-01-05,South,Outdoor Shades,Rep B,Referral,2,434.33,868.66,2025-01
505638,2024-05-02,South,Accessories,Rep D,Website,1,418.02,418.02,2024-05
505639,2025-09-01,East,Window Treatments,Rep B,Inbound Call,1,355.7,355.7,2025-09
505640,2025-07-25,West,Smart Blinds,Rep E,Website,3,648.87,1946.61,2025-07
505641,2025-03-16,Midwest,Window Treatments,Rep A,Inbound Call,4,945.38,3781.52,2025-03
505642,2024-05-08,Midwest,Smart Blinds,Rep B,Partner,3,846.53,2539.59,2024-05
505643,2024-02-04,Midwest,Accessories,Rep D,Referral,2,632.95,1265.9,2024-02
505644,2024-05-26,West,Accessories,Rep B,Referral,1,436.6,436.6,2024-05
505645,2024-10-17,South,Window Treatments,Rep E,Inbound Call,4,755.16,3020.64,2024-10
505646,2024-08-20,Midwest,Outdoor Shades,Rep B,Inbound Call,1,364.52,364.52,2024-08
505647,2025-03-17,South,Accessories,Rep A,Partner,2,1018.7,2037.4,2025-03
505648,2024-12-31,Midwest,Accessories,Rep E,Inbound Call,5,276.82,1384.1,2024-12
505649,2025-11-08,South,Window Treatments,Rep A,Partner,4,253.23,1012.92,2025-11
505650,2024-03-22,East,Smart Blinds,Rep D,Canvassing,5,887.18,4435.9,2024-03
505651,2024-12-17,Midwest,Window Treatments,Rep D,Website,4,352.64,1410.56,2024-12
505652,2024-11-15,West,Smart Blinds,Rep C,Website,2,689.42,1378.84,2024-11
505653,2024-09-19,West,Outdoor Shades,Rep B,Canvassing,5,452.05,2260.25,2024-09
505654,2025-10-10,East,Window Treatments,Rep D,Inbound Call,4,406.53,1626.12,2025-10
505655,2024-09-04,West,Accessories,Rep D,Referral,4,957.76,3831.04,2024-09
505656,2024-11-16,East,Window Treatments,Rep C,Referral,3,627.7,1883.1,2024-11
505657,2024-06-21,East,Smart Blinds,Rep D,Partner,4,421.12,1684.48,2024-06
505658,2024-08-10,West,Outdoor Shades,Rep B,Referral,3,260.62,781.86,2024-08
505659,2024-05-14,West,Smart Blinds,Rep A,Referral,2,756.28,1512.56,2024-05
505660,2024-08-15,South,Smart Blinds,Rep D,Canvassing,2,958.29,1916.58,2024-08
505661,2025-11-02,West,Window Treatments,Rep E,Website,2,630.88,1261.76,2025-11
505662,2025-03-29,Midwest,Outdoor Shades,Rep D,Referral,2,876.83,1753.66,2025-03
505663,2025-12-23,West,Smart Blinds,Rep B,Partner,5,601.44,3007.2,2025-12
505664,2025-05-14,West,Outdoor Shades,Rep D,Website,4,930.88,3723.52,2025-05
505665,2025-08-07,Midwest,Window Treatments,Rep A,Partner,4,126.49,505.96,2025-08
505666,2025-12-13,Midwest,Accessories,Rep E,Website,3,352.99,1058.97,2025-12
505667,2024-01-20,South,Smart Blinds,Rep A,Inbound Call,5,265.25,1326.25,2024-01
505668,2025-01-09,Midwest,Accessories,Rep C,Website,5,1088.77,5443.85,2025-01
505669,2024-01-27,Midwest,Accessories,Rep C,Inbound Call,4,639.83,2559.32,2024-01
505670,2025-09-04,South,Accessories,Rep A,Referral,2,871.39,1742.78,2025-09
505671,2024-08-03,West,Window Treatments,Rep B,Canvassing,3,202.66,607.98,2024-08
505672,2025-12-04,South,Accessories,Rep A,Website,5,605.96,3029.8,2025-12
505673,2024-02-17,South,Window Treatments,Rep D,Referral,2,1095.22,2190.44,2024-02
505674,2024-07-17,South,Smart Blinds,Rep D,Partner,4,149.18,596.72,2024-07
505675,2024-05-27,South,Window Treatments,Rep B,Canvassing,5,775.84,3879.2,2024-05
505676,2025-03-16,Midwest,Smart Blinds,Rep B,Referral,4,706.08,2824.32,2025-03
505677,2025-01-29,East,Outdoor Shades,Rep A,Inbound Call,2,591.6,1183.2,2025-01
505678,2025-09-15,South,Accessories,Rep D,Partner,3,709.17,2127.51,2025-09
505679,2025-05-19,South,Accessories,Rep A,Inbound Call,4,554.37,2217.48,2025-05
505680,2024-02-08,Midwest,Outdoor Shades,Rep D,Partner,2,635.99,1271.98,2024-02
505681,2025-02-22,East,Outdoor Shades,Rep D,Website,5,328.29,1641.45,2025-02
505682,2025-09-28,South,Outdoor Shades,Rep E,Partner,1,152.12,152.12,2025-09
505683,2024-04-20,Midwest,Outdoor Shades,Rep D,Partner,1,539.22,539.22,2024-04
505684,2024-12-22,East,Outdoor Shades,Rep D,Referral,1,374.42,374.42,2024-12
505685,2025-03-23,West,Smart Blinds,Rep D,Inbound Call,1,604.04,604.04,2025-03
505686,2024-10-10,West,Smart Blinds,Rep C,Inbound Call,5,859.19,4295.95,2024-10
505687,2024-10-29,West,Window Treatments,Rep E,Inbound Call,2,596.31,1192.62,2024-10
505688,2025-04-05,South,Window Treatments,Rep D,Inbound Call,1,836.97,836.97,2025-04
505689,2025-11-08,South,Outdoor Shades,Rep A,Inbound Call,4,937.72,3750.88,2025-11
505690,2024-09-16,Midwest,Window Treatments,Rep E,Referral,1,128.38,128.38,2024-09
505691,2025-09-30,East,Window Treatments,Rep E,Referral,1,390.32,390.32,2025-09
505692,2025-12-24,Midwest,Smart Blinds,Rep A,Inbound Call,2,328.22,656.44,2025-12
505693,2024-12-26,East,Window Treatments,Rep E,Inbound Call,5,494.56,2472.8,2024-12
505694,2025-11-20,South,Outdoor Shades,Rep D,Inbound Call,5,604.1,3020.5,2025-11
505695,2025-03-13,East,Smart Blinds,Rep A,Referral,2,915.41,1830.82,2025-03
505696,2024-09-07,Midwest,Smart Blinds,Rep C,Website,4,920.52,3682.08,2024-09
505697,2025-12-12,South,Accessories,Rep A,Website,2,1014.66,2029.32,2025-12
505698,2024-03-02,East,Window Treatments,Rep C,Partner,4,741.69,2966.76,2024-03
505699,2025-07-25,South,Outdoor Shades,Rep A,Partner,3,331.33,993.99,2025-07
505700,2024-10-19,East,Smart Blinds,Rep E,Inbound Call,1,413.93,413.93,2024-10
505701,2025-12-20,South,Window Treatments,Rep C,Referral,4,854.52,3418.08,2025-12
505702,2025-07-27,West,Outdoor Shades,Rep B,Canvassing,2,308.0,616.0,2025-07
505703,2024-07-20,West,Window Treatments,Rep E,Canvassing,3,168.52,505.56,2024-07
505704,2025-04-24,East,Smart Blinds,Rep A,Canvassing,2,288.28,576.56,2025-04
505705,2024-09-01,Midwest,Window Treatments,Rep B,Referral,3,423.44,1270.32,2024-09
505706,2025-05-07,South,Smart Blinds,Rep A,Inbound Call,5,298.44,1492.2,2025-05
505707,2025-01-16,Midwest,Smart Blinds,Rep E,Website,2,519.77,1039.54,2025-01
505708,2025-12-04,West,Accessories,Rep D,Inbound Call,2,319.78,639.56,2025-12
505709,2025-01-29,East,Window Treatments,Rep B,Canvassing,2,701.83,1403.66,2025-01
505710,2024-04-24,South,Smart Blinds,Rep E,Partner,5,553.41,2767.05,2024-04
505711,2025-08-19,Midwest,Window Treatments,Rep A,Canvassing,3,677.37,2032.11,2025-08
505712,2025-09-03,West,Outdoor Shades,Rep A,Website,5,559.26,2796.3,2025-09
505713,2024-10-27,South,Window Treatments,Rep C,Partner,5,506.25,2531.25,2024-10
505714,2025-08-30,South,Smart Blinds,Rep D,Inbound Call,3,330.8,992.4,2025-08
505715,2025-07-05,West,Accessories,Rep D,Inbound Call,4,576.76,2307.04,2025-07
505716,2025-01-09,Midwest,Window Treatments,Rep C,Referral,5,252.83,1264.15,2025-01
505717,2024-09-16,Midwest,Outdoor Shades,Rep A,Partner,4,758.65,3034.6,2024-09
505718,2024-02-22,South,Outdoor Shades,Rep A,Referral,1,1082.97,1082.97,2024-02
505719,2025-04-19,East,Window Treatments,Rep A,Inbound Call,2,319.68,639.36,2025-04
505720,2024-07-26,South,Window Treatments,Rep D,Partner,2,510.49,1020.98,2024-07
505721,2025-11-23,West,Smart Blinds,Rep E,Canvassing,3,775.76,2327.28,2025-11
505722,2025-01-26,Midwest,Outdoor Shades,Rep E,Referral,5,972.36,4861.8,2025-01
505723,2024-01-29,West,Outdoor Shades,Rep A,Website,5,845.3,4226.5,2024-01
505724,2025-05-26,Midwest,Smart Blinds,Rep A,Canvassing,5,1013.36,5066.8,2025-05
505725,2025-08-27,East,Window Treatments,Rep A,Website,1,927.74,927.74,2025-08
505726,2024-04-10,West,Window Treatments,Rep C,Inbound Call,5,262.4,1312.0,2024-04
505727,2025-01-28,Midwest,Smart Blinds,Rep A,Website,4,1053.04,4212.16,2025-01
505728,2025-11-18,Midwest,Outdoor Shades,Rep A,Inbound Call,2,793.86,1587.72,2025-11
505729,2025-06-10,East,Accessories,Rep B,Website,5,548.19,2740.95,2025-06
505730,2025-04-24,Midwest,Window Treatments,Rep A,Partner,1,451.44,451.44,2025-04
505731,2024-03-20,South,Window Treatments,Rep E,Partner,4,702.14,2808.56,2024-03
505732,2024-02-16,West,Window Treatments,Rep E,Partner,1,386.6,386.6,2024-02
505733,2024-05-30,West,Outdoor Shades,Rep C,Inbound Call,2,432.72,865.44,2024-05
505734,2024-01-28,West,Window Treatments,Rep E,Canvassing,1,521.15,521.15,2024-01
505735,2025-07-02,South,Window Treatments,Rep D,Inbound Call,1,686.38,686.38,2025-07
505736,2024-05-23,East,Window Treatments,Rep C,Inbound Call,4,714.68,2858.72,2024-05
505737,2025-07-11,Midwest,Window Treatments,Rep B,Partner,1,697.55,697.55,2025-07
505738,2025-11-19,West,Smart Blinds,Rep C,Referral,2,635.75,1271.5,2025-11
505739,2024-08-04,South,Smart Blinds,Rep A,Canvassing,2,550.02,1100.04,2024-08
505740,2025-05-27,East,Outdoor Shades,Rep E,Canvassing,2,366.68,733.36,2025-05
505741,2024-12-26,West,Accessories,Rep A,Partner,3,747.96,2243.88,2024-12
505742,2024-02-05,South,Outdoor Shades,Rep A,Referral,4,829.63,3318.52,2024-02
505743,2025-12-10,Midwest,Smart Blinds,Rep A,Partner,2,964.6,1929.2,2025-12
505744,2024-09-30,West,Smart Blinds,Rep E,Partner,3,992.74,2978.22,2024-09
505745,2025-08-24,Midwest,Window Treatments,Rep A,Referral,5,542.88,2714.4,2025-08
505746,2025-10-07,South,Window Treatments,Rep B,Referral,3,385.8,1157.4,2025-10
505747,2025-05-13,Midwest,Window Treatments,Rep D,Website,3,626.83,1880.49,2025-05
505748,2025-01-19,Midwest,Accessories,Rep B,Partner,1,1097.34,1097.34,2025-01
505749,2024-04-20,West,Window Treatments,Rep E,Website,4,666.56,2666.24,2024-04
505750,2025-05-09,West,Accessories,Rep D,Partner,4,253.24,1012.96,2025-05
505751,2024-05-14,East,Outdoor Shades,Rep B,Partner,2,545.86,1091.72,2024-05
505752,2024-11-08,South,Smart Blinds,Rep D,Website,4,393.66,1574.64,2024-11
505753,2025-12-27,West,Accessories,Rep C,Partner,1,825.84,825.84,2025-12
505754,2024-09-09,West,Accessories,Rep C,Inbound Call,1,720.64,720.64,2024-09
505755,2025-10-09,West,Window Treatments,Rep C,Inbound Call,1,522.72,522.72,2025-10
505756,2025-11-11,South,Outdoor Shades,Rep C,Inbound Call,2,1022.57,2045.14,2025-11
505757,2025-03-06,West,Smart Blinds,Rep E,Canvassing,3,277.81,833.43,2025-03
505758,2024-11-28,Midwest,Outdoor Shades,Rep B,Canvassing,2,652.19,1304.38,2024-11
505759,2025-05-31,South,Outdoor Shades,Rep E,Inbound Call,5,213.93,1069.65,2025-05
505760,2025-08-13,Midwest,Window Treatments,Rep C,Partner,4,772.74,3090.96,2025-08
505761,2025-05-06,East,Window Treatments,Rep E,Partner,5,446.26,2231.3,2025-05
505762,2025-07-12,East,Outdoor Shades,Rep B,Referral,2,1087.53,2175.06,2025-07
505763,2024-07-29,East,Outdoor Shades,Rep D,Partner,2,748.54,1497.08,2024-07
505764,2025-10-24,South,Smart Blinds,Rep D,Website,1,553.94,553.94,2025-10
505765,2025-10-10,West,Window Treatments,Rep E,Inbound Call,1,840.98,840.98,2025-10
505766,2025-03-14,South,Window Treatments,Rep D,Inbound Call,2,644.9,1289.8,2025-03
505767,2024-06-21,West,Window Treatments,Rep B,Canvassing,4,258.87,1035.48,2024-06
505768,2025-03-13,Midwest,Window Treatments,Rep B,Partner,4,1049.12,4196.48,2025-03
505769,2024-06-09,South,Window Treatments,Rep E,Partner,4,980.08,3920.32,2024-06
505770,2025-01-17,Midwest,Window Treatments,Rep E,Partner,2,537.19,1074.38,2025-01
505771,2024-08-01,East,Window Treatments,Rep C,Canvassing,2,352.76,705.52,2024-08
505772,2025-08-20,Midwest,Window Treatments,Rep D,Referral,1,410.3,410.3,2025-08
505773,2024-09-14,South,Accessories,Rep D,Referral,3,614.78,1844.34,2024-09
505774,2025-11-22,Midwest,Window Treatments,Rep A,Canvassing,5,876.28,4381.4,2025-11
505775,2024-10-16,West,Window Treatments,Rep D,Partner,4,140.57,562.28,2024-10
505776,2025-12-14,Midwest,Smart Blinds,Rep D,Referral,3,1063.59,3190.77,2025-12
505777,2025-10-18,West,Accessories,Rep C,Canvassing,3,689.9,2069.7,2025-10
505778,2024-10-22,West,Smart Blinds,Rep E,Referral,2,428.5,857.0,2024-10
505779,2025-08-12,West,Window Treatments,Rep B,Referral,3,952.2,2856.6,2025-08
505780,2024-07-23,Midwest,Window Treatments,Rep B,Canvassing,5,216.78,1083.9,2024-07
505781,2025-11-22,Midwest,Window Treatments,Rep A,Canvassing,5,950.5,4752.5,2025-11
505782,2025-05-05,South,Window Treatments,Rep E,Partner,2,393.45,786.9,2025-05
505783,2025-09-23,South,Accessories,Rep C,Inbound Call,4,1051.75,4207.0,2025-09
505784,2025-06-22,Midwest,Window Treatments,Rep A,Canvassing,1,743.54,743.54,2025-06
505785,2024-04-06,Midwest,Window Treatments,Rep D,Referral,2,593.41,1186.82,2024-04
505786,2024-05-16,West,Window Treatments,Rep B,Canvassing,1,1079.07,1079.07,2024-05
505787,2025-06-23,East,Outdoor Shades,Rep E,Inbound Call,5,380.56,1902.8,2025-06
505788,2025-09-12,West,Window Treatments,Rep A,Partner,2,556.06,1112.12,2025-09
505789,2025-04-19,Midwest,Window Treatments,Rep C,Partner,3,1033.97,3101.91,2025-04
505790,2024-12-20,East,Outdoor Shades,Rep D,Partner,3,424.15,1272.45,2024-12
505791,2024-09-20,South,Outdoor Shades,Rep A,Inbound Call,4,626.77,2507.08,2024-09
505792,2024-04-11,South,Outdoor Shades,Rep C,Canvassing,1,574.14,574.14,2024-04
505793,2025-06-13,South,Window Treatments,Rep D,Inbound Call,4,1061.08,4244.32,2025-06
505794,2024-05-19,East,Window Treatments,Rep E,Canvassing,5,873.65,4368.25,2024-05
505795,2024-07-31,West,Smart Blinds,Rep B,Canvassing,3,859.31,2577.93,2024-07
505796,2024-10-25,South,Window Treatments,Rep D,Canvassing,1,124.98,124.98,2024-10
505797,2024-07-27,South,Window Treatments,Rep E,Partner,1,198.31,198.31,2024-07
505798,2024-09-19,West,Outdoor Shades,Rep C,Website,3,204.76,614.28,2024-09
505799,2025-12-14,West,Window Treatments,Rep A,Canvassing,2,792.0,1584.0,2025-12
505800,2025-10-14,South,Window Treatments,Rep C,Partner,2,942.16,1884.32,2025-10
505801,2025-12-15,South,Window Treatments,Rep E,Partner,3,440.79,1322.37,2025-12
505802,2025-03-05,Midwest,Accessories,Rep C,Referral,1,894.64,894.64,2025-03
505803,2024-12-16,East,Window Treatments,Rep E,Inbound Call,3,528.35,1585.05,2024-12
505804,2024-07-08,West,Accessories,Rep D,Referral,2,125.32,250.64,2024-07
505805,2025-11-09,West,Window Treatments,Rep B,Inbound Call,3,376.95,1130.85,2025-11
505806,2024-04-07,South,Smart Blinds,Rep E,Inbound Call,1,1059.18,1059.18,2024-04
505807,2025-02-09,West,Window Treatments,Rep A,Inbound Call,4,186.89,747.56,2025-02
505808,2024-08-18,East,Window Treatments,Rep D,Referral,3,980.03,2940.09,2024-08
505809,2025-07-16,Midwest,Window Treatments,Rep D,Canvassing,1,287.18,287.18,2025-07
505810,2024-07-08,East,Outdoor Shades,Rep C,Inbound Call,5,845.61,4228.05,2024-07
505811,2025-09-17,West,Smart Blinds,Rep A,Referral,4,165.16,660.64,2025-09
505812,2024-10-07,West,Window Treatments,Rep B,Canvassing,5,596.91,2984.55,2024-10
505813,2025-12-30,South,Window Treatments,Rep C,Partner,1,678.83,678.83,2025-12
505814,2025-11-24,West,Window Treatments,Rep C,Canvassing,4,275.89,1103.56,2025-11
505815,2024-01-05,Midwest,Outdoor Shades,Rep A,Website,4,467.8,1871.2,2024-01
505816,2024-06-02,South,Window Treatments,Rep C,Website,5,846.69,4233.45,2024-06
505817,2024-02-14,Midwest,Outdoor Shades,Rep D,Inbound Call,1,780.54,780.54,2024-02
505818,2025-09-06,Midwest,Accessories,Rep E,Canvassing,3,815.11,2445.33,2025-09
505819,2024-01-31,South,Window Treatments,Rep A,Website,2,413.9,827.8,2024-01
505820,2025-07-28,West,Window Treatments,Rep B,Canvassing,1,1009.15,1009.15,2025-07
505821,2024-01-27,Midwest,Outdoor Shades,Rep B,Inbound Call,1,233.99,233.99,2024-01
505822,2024-01-02,West,Window Treatments,Rep D,Referral,2,903.65,1807.3,2024-01
505823,2024-10-25,Midwest,Window Treatments,Rep E,Referral,3,699.78,2099.34,2024-10
505824,2025-10-08,South,Smart Blinds,Rep C,Canvassing,2,878.55,1757.1,2025-10
505825,2025-02-07,Midwest,Window Treatments,Rep B,Inbound Call,2,184.87,369.74,2025-02
505826,2025-12-08,East,Window Treatments,Rep D,Canvassing,4,830.3,3321.2,2025-12
505827,2025-06-02,South,Outdoor Shades,Rep B,Website,5,1078.71,5393.55,2025-06
505828,2024-04-22,Midwest,Window Treatments,Rep B,Partner,1,893.62,893.62,2024-04
505829,2025-10-21,Midwest,Outdoor Shades,Rep B,Canvassing,5,746.09,3730.45,2025-10
505830,2025-10-17,West,Accessories,Rep A,Inbound Call,3,693.89,2081.67,2025-10
505831,2024-11-19,East,Window Treatments,Rep E,Inbound Call,5,542.53,2712.65,2024-11
505832,2025-02-07,West,Outdoor Shades,Rep E,Partner,5,295.5,1477.5,2025-02
505833,2024-10-25,West,Window Treatments,Rep C,Referral,1,690.6,690.6,2024-10
505834,2025-05-28,East,Smart Blinds,Rep C,Referral,3,359.15,1077.45,2025-05
505835,2025-11-09,West,Outdoor Shades,Rep A,Partner,3,926.86,2780.58,2025-11
505836,2025-02-01,South,Accessories,Rep C,Inbound Call,5,407.57,2037.85,2025-02
505837,2024-08-27,Midwest,Smart Blinds,Rep C,Referral,2,878.11,1756.22,2024-08
505838,2024-04-25,Midwest,Window Treatments,Rep E,Canvassing,4,390.81,1563.24,2024-04
505839,2025-09-14,East,Outdoor Shades,Rep B,Inbound Call,1,245.13,245.13,2025-09
505840,2024-03-30,Midwest,Outdoor Shades,Rep A,Partner,4,352.4,1409.6,2024-03
505841,2025-11-15,East,Window Treatments,Rep A,Partner,4,520.0,2080.0,2025-11
505842,2024-09-07,East,Outdoor Shades,Rep E,Partner,1,878.21,878.21,2024-09
505843,2024-08-09,West,Smart Blinds,Rep E,Website,1,255.87,255.87,2024-08
505844,2025-11-01,Midwest,Outdoor Shades,Rep A,Inbound Call,1,1003.74,1003.74,2025-11
505845,2024-07-14,East,Accessories,Rep A,Referral,4,473.99,1895.96,2024-07
505846,2025-08-22,East,Smart Blinds,Rep A,Partner,5,181.94,909.7,2025-08
505847,2024-09-09,East,Accessories,Rep A,Website,5,718.54,3592.7,2024-09
505848,2025-12-12,West,Outdoor Shades,Rep A,Inbound Call,4,1023.79,4095.16,2025-12
505849,2025-01-16,East,Window Treatments,Rep E,Partner,3,1021.45,3064.35,2025-01
505850,2025-08-14,Midwest,Window Treatments,Rep E,Website,1,167.52,167.52,2025-08
505851,2024-08-10,Midwest,Window Treatments,Rep A,Partner,5,560.06,2800.3,2024-08
505852,2024-09-13,South,Accessories,Rep A,Website,5,802.88,4014.4,2024-09
505853,2025-02-06,West,Outdoor Shades,Rep E,Website,2,312.23,624.46,2025-02
505854,2024-12-14,Midwest,Smart Blinds,Rep A,Inbound Call,2,948.79,1897.58,2024-12
505855,2025-08-05,West,Outdoor Shades,Rep E,Inbound Call,2,667.87,1335.74,2025-08
505856,2024-01-27,West,Window Treatments,Rep B,Website,1,137.04,137.04,2024-01
505857,2025-03-26,East,Outdoor Shades,Rep D,Inbound Call,1,457.74,457.74,2025-03
505858,2024-12-24,East,Smart Blinds,Rep C,Referral,4,620.79,2483.16,2024-12
505859,2025-08-24,East,Smart Blinds,Rep B,Inbound Call,1,731.59,731.59,2025-08
505860,2024-05-11,East,Smart Blinds,Rep D,Website,4,432.32,1729.28,2024-05
505861,2024-01-31,East,Outdoor Shades,Rep B,Website,1,1069.54,1069.54,2024-01
505862,2024-02-23,West,Smart Blinds,Rep E,Canvassing,2,896.36,1792.72,2024-02
505863,2024-01-01,South,Outdoor Shades,Rep D,Website,4,1069.67,4278.68,2024-01
505864,2025-01-20,South,Window Treatments,Rep E,Inbound Call,3,660.33,1980.99,2025-01
505865,2024-08-09,South,Smart Blinds,Rep C,Referral,3,534.19,1602.57,2024-08
505866,2024-06-13,South,Window Treatments,Rep A,Inbound Call,3,783.21,2349.63,2024-06
505867,2025-06-16,South,Outdoor Shades,Rep C,Website,3,509.77,1529.31,2025-06
505868,2025-07-08,West,Smart Blinds,Rep B,Canvassing,1,1055.69,1055.69,2025-07
505869,2024-05-28,West,Outdoor Shades,Rep B,Partner,1,236.42,236.42,2024-05
505870,2025-10-05,Midwest,Accessories,Rep E,Canvassing,2,819.64,1639.28,2025-10
505871,2024-02-13,West,Window Treatments,Rep B,Referral,1,526.18,526.18,2024-02
505872,2025-08-08,South,Smart Blinds,Rep E,Inbound Call,3,474.96,1424.88,2025-08
505873,2024-03-12,Midwest,Outdoor Shades,Rep B,Referral,2,980.65,1961.3,2024-03
505874,2025-01-17,Midwest,Window Treatments,Rep C,Website,4,1002.72,4010.88,2025-01
505875,2024-12-12,Midwest,Window Treatments,Rep B,Inbound Call,1,878.78,878.78,2024-12
505876,2025-04-04,West,Smart Blinds,Rep B,Canvassing,2,306.1,612.2,2025-04
505877,2025-07-04,South,Smart Blinds,Rep D,Partner,1,136.69,136.69,2025-07
505878,2025-12-10,West,Outdoor Shades,Rep C,Canvassing,5,618.6,3093.0,2025-12
505879,2025-05-09,South,Window Treatments,Rep E,Inbound Call,2,989.19,1978.38,2025-05
505880,2025-06-18,West,Outdoor Shades,Rep C,Referral,4,863.4,3453.6,2025-06
505881,2024-12-31,East,Outdoor Shades,Rep E,Canvassing,3,332.31,996.93,2024-12
505882,2025-11-03,East,Outdoor Shades,Rep B,Website,2,173.83,347.66,2025-11
505883,2025-05-02,Midwest,Window Treatments,Rep C,Partner,3,203.36,610.08,2025-05
505884,2025-08-20,West,Smart Blinds,Rep A,Website,5,856.09,4280.45,2025-08
505885,2025-11-30,West,Smart Blinds,Rep C,Inbound Call,4,268.19,1072.76,2025-11
505886,2024-03-09,East,Smart Blinds,Rep E,Canvassing,1,504.34,504.34,2024-03
505887,2025-06-09,South,Smart Blinds,Rep E,Partner,2,792.47,1584.94,2025-06
505888,2024-04-21,Midwest,Accessories,Rep E,Partner,3,309.04,927.12,2024-04
505889,2025-07-04,Midwest,Window Treatments,Rep B,Referral,3,902.37,2707.11,2025-07
505890,2025-07-14,West,Window Treatments,Rep B,Website,4,791.86,3167.44,2025-07
505891,2024-12-10,South,Outdoor Shades,Rep B,Website,5,205.96,1029.8,2024-12
505892,2025-10-02,East,Window Treatments,Rep C,Website,1,785.18,785.18,2025-10
505893,2025-06-27,South,Smart Blinds,Rep D,Canvassing,2,997.62,1995.24,2025-06
505894,2024-03-05,East,Accessories,Rep E,Referral,5,538.42,2692.1,2024-03
505895,2024-03-07,South,Window Treatments,Rep D,Partner,4,355.07,1420.28,2024-03
505896,2024-03-02,West,Window Treatments,Rep E,Website,3,275.02,825.06,2024-03
505897,2024-11-14,West,Accessories,Rep E,Inbound Call,5,456.73,2283.65,2024-11
505898,2025-10-17,Midwest,Outdoor Shades,Rep D,Inbound Call,4,416.1,1664.4,2025-10
505899,2025-12-10,South,Smart Blinds,Rep C,Partner,4,1037.77,4151.08,2025-12
505900,2025-07-24,South,Smart Blinds,Rep E,Canvassing,1,501.91,501.91,2025-07
505901,2025-10-21,South,Outdoor Shades,Rep C,Inbound Call,2,427.64,855.28,2025-10
505902,2025-01-07,Midwest,Outdoor Shades,Rep D,Partner,1,145.2,145.2,2025-01
505903,2024-02-22,South,Accessories,Rep D,Referral,2,351.13,702.26,2024-02
505904,2025-06-03,West,Window Treatments,Rep E,Referral,4,675.94,2703.76,2025-06
505905,2024-04-10,Midwest,Accessories,Rep E,Canvassing,5,978.52,4892.6,2024-04
505906,2024-08-08,Midwest,Window Treatments,Rep D,Canvassing,2,830.8,1661.6,2024-08
505907,2024-12-25,West,Window Treatments,Rep B,Website,3,1024.96,3074.88,2024-12
505908,2025-09-26,South,Window Treatments,Rep D,Canvassing,3,262.06,786.18,2025-09
505909,2025-03-11,West,Window Treatments,Rep E,Partner,1,423.79,423.79,2025-03
505910,2024-03-15,South,Outdoor Shades,Rep A,Partner,2,458.56,917.12,2024-03
505911,2024-03-17,West,Smart Blinds,Rep E,Referral,5,940.11,4700.55,2024-03
505912,2025-06-15,Midwest,Outdoor Shades,Rep D,Referral,1,747.61,747.61,2025-06
505913,2025-05-19,Midwest,Window Treatments,Rep A,Canvassing,1,808.19,808.19,2025-05
505914,2024-05-23,West,Window Treatments,Rep A,Partner,1,795.08,795.08,2024-05
505915,2025-04-20,Midwest,Window Treatments,Rep C,Inbound Call,3,148.88,446.64,2025-04
505916,2024-05-25,Midwest,Outdoor Shades,Rep A,Inbound Call,2,423.43,846.86,2024-05
505917,2024-12-18,South,Window Treatments,Rep A,Partner,3,639.45,1918.35,2024-12
505918,2025-01-21,Midwest,Window Treatments,Rep A,Website,4,733.35,2933.4,2025-01
505919,2024-07-02,East,Outdoor Shades,Rep B,Canvassing,5,473.72,2368.6,2024-07
505920,2025-08-30,Midwest,Window Treatments,Rep C,Partner,4,754.07,3016.28,2025-08
505921,2024-04-25,East,Window Treatments,Rep A,Canvassing,4,810.14,3240.56,2024-04
505922,2025-02-28,South,Accessories,Rep E,Inbound Call,3,637.61,1912.83,2025-02
505923,2025-10-07,Midwest,Smart Blinds,Rep A,Website,3,867.34,2602.02,2025-10
505924,2024-12-16,Midwest,Outdoor Shades,Rep E,Partner,5,720.74,3603.7,2024-12
505925,2024-04-01,East,Window Treatments,Rep D,Canvassing,2,692.59,1385.18,2024-04
505926,2025-08-29,South,Smart Blinds,Rep B,Referral,2,244.61,489.22,2025-08
505927,2024-10-12,South,Smart Blinds,Rep A,Inbound Call,1,370.43,370.43,2024-10
505928,2024-01-15,West,Window Treatments,Rep B,Website,4,768.28,3073.12,2024-01
505929,2024-09-13,Midwest,Smart Blinds,Rep C,Partner,4,294.85,1179.4,2024-09
505930,2025-05-16,West,Smart Blinds,Rep E,Canvassing,3,167.91,503.73,2025-05
505931,2024-08-18,West,Window Treatments,Rep C,Referral,4,266.56,1066.24,2024-08
505932,2024-11-06,South,Window Treatments,Rep C,Referral,3,814.1,2442.3,2024-11
505933,2025-05-10,East,Smart Blinds,Rep C,Website,3,742.76,2228.28,2025-05
505934,2025-12-08,West,Smart Blinds,Rep C,Inbound Call,3,1064.33,3192.99,2025-12
505935,2024-08-26,Midwest,Outdoor Shades,Rep E,Canvassing,1,121.4,121.4,2024-08
505936,2025-04-16,Midwest,Outdoor Shades,Rep B,Website,2,809.76,1619.52,2025-04
505937,2025-09-22,West,Smart Blinds,Rep E,Canvassing,3,814.07,2442.21,2025-09
505938,2025-10-09,Midwest,Smart Blinds,Rep E,Canvassing,2,554.0,1108.0,2025-10
505939,2024-08-19,East,Smart Blinds,Rep E,Canvassing,5,429.05,2145.25,2024-08
505940,2024-12-08,East,Window Treatments,Rep A,Referral,4,1012.2,4048.8,2024-12
505941,2025-11-16,East,Window Treatments,Rep D,Website,2,1032.22,2064.44,2025-11
505942,2024-04-02,South,Window Treatments,Rep B,Inbound Call,1,683.35,683.35,2024-04
505943,2025-03-13,West,Outdoor Shades,Rep B,Canvassing,4,375.15,1500.6,2025-03
505944,2025-11-21,South,Outdoor Shades,Rep A,Inbound Call,5,570.63,2853.15,2025-11
505945,2025-06-27,Midwest,Window Treatments,Rep C,Referral,4,459.09,1836.36,2025-06
505946,2025-03-11,East,Smart Blinds,Rep B,Canvassing,5,612.85,3064.25,2025-03
505947,2024-07-08,East,Smart Blinds,Rep A,Referral,1,472.54,472.54,2024-07
505948,2025-07-19,Midwest,Window Treatments,Rep D,Referral,5,806.7,4033.5,2025-07
505949,2024-03-21,West,Window Treatments,Rep C,Website,3,389.62,1168.86,2024-03
505950,2024-09-25,South,Outdoor Shades,Rep E,Referral,4,328.07,1312.28,2024-09
505951,2025-03-22,South,Accessories,Rep A,Referral,4,671.21,2684.84,2025-03
505952,2024-01-13,West,Window Treatments,Rep D,Canvassing,5,931.63,4658.15,2024-01
505953,2024-08-19,West,Smart Blinds,Rep D,Partner,4,840.39,3361.56,2024-08
505954,2024-07-13,West,Smart Blinds,Rep E,Partner,2,586.01,1172.02,2024-07
505955,2025-11-21,West,Outdoor Shades,Rep B,Website,3,682.39,2047.17,2025-11
505956,2025-12-12,South,Window Treatments,Rep B,Inbound Call,4,802.75,3211.0,2025-12
505957,2025-05-19,East,Smart Blinds,Rep A,Partner,2,1051.06,2102.12,2025-05
505958,2025-11-10,West,Outdoor Shades,Rep D,Canvassing,2,827.66,1655.32,2025-11
505959,2025-03-08,East,Window Treatments,Rep A,Partner,1,414.59,414.59,2025-03
505960,2025-08-21,Midwest,Window Treatments,Rep B,Website,1,559.09,559.09,2025-08
505961,2025-04-28,Midwest,Outdoor Shades,Rep B,Referral,2,961.48,1922.96,2025-04
505962,2025-01-30,Midwest,Outdoor Shades,Rep D,Canvassing,2,351.05,702.1,2025-01
505963,2025-10-25,West,Smart Blinds,Rep A,Canvassing,3,1048.89,3146.67,2025-10
505964,2024-08-31,South,Outdoor Shades,Rep B,Inbound Call,4,670.23,2680.92,2024-08
505965,2025-11-16,South,Smart Blinds,Rep D,Referral,5,841.59,4207.95,2025-11
505966,2024-02-14,South,Smart Blinds,Rep A,Referral,5,932.77,4663.85,2024-02
505967,2024-06-14,South,Window Treatments,Rep E,Partner,4,224.74,898.96,2024-06
505968,2025-04-23,East,Window Treatments,Rep D,Inbound Call,5,666.62,3333.1,2025-04
505969,2025-03-26,East,Outdoor Shades,Rep C,Website,5,293.73,1468.65,2025-03
505970,2024-06-27,West,Accessories,Rep C,Partner,3,783.17,2349.51,2024-06
505971,2025-03-10,South,Smart Blinds,Rep E,Referral,4,782.81,3131.24,2025-03
505972,2024-03-28,South,Smart Blinds,Rep B,Referral,1,829.38,829.38,2024-03
505973,2024-03-06,Midwest,Outdoor Shades,Rep B,Canvassing,1,1091.05,1091.05,2024-03
505974,2025-01-18,West,Window Treatments,Rep C,Website,2,854.12,1708.24,2025-01
505975,2025-02-19,East,Smart Blinds,Rep E,Canvassing,3,283.02,849.06,2025-02
505976,2025-02-10,West,Window Treatments,Rep C,Inbound Call,5,612.47,3062.35,2025-02
505977,2025-09-28,West,Outdoor Shades,Rep E,Canvassing,3,292.96,878.88,2025-09
505978,2024-10-09,West,Window Treatments,Rep D,Canvassing,3,387.94,1163.82,2024-10
505979,2025-06-16,South,Outdoor Shades,Rep C,Inbound Call,3,850.81,2552.43,2025-06
505980,2025-01-31,Midwest,Outdoor Shades,Rep A,Referral,1,484.11,484.11,2025-01
505981,2024-04-13,West,Accessories,Rep C,Referral,3,203.1,609.3,2024-04
505982,2024-09-18,Midwest,Outdoor Shades,Rep B,Canvassing,4,980.35,3921.4,2024-09
505983,2025-11-05,East,Window Treatments,Rep E,Partner,5,875.65,4378.25,2025-11
505984,2024-09-21,East,Window Treatments,Rep D,Website,1,390.71,390.71,2024-09
505985,2024-11-25,South,Window Treatments,Rep A,Referral,3,806.7,2420.1,2024-11
505986,2024-02-24,South,Window Treatments,Rep E,Referral,2,744.91,1489.82,2024-02
505987,2024-03-11,West,Accessories,Rep A,Website,2,123.07,246.14,2024-03
505988,2024-11-22,East,Window Treatments,Rep C,Partner,5,133.11,665.55,2024-11
505989,2024-06-04,East,Window Treatments,Rep D,Partner,5,247.88,1239.4,2024-06
505990,2025-03-22,East,Window Treatments,Rep A,Website,4,841.1,3364.4,2025-03
505991,2025-11-15,West,Window Treatments,Rep E,Partner,1,744.83,744.83,2025-11
505992,2025-02-13,West,Outdoor Shades,Rep E,Referral,4,282.51,1130.04,2025-02
505993,2025-11-17,East,Window Treatments,Rep C,Referral,3,955.67,2867.01,2025-11
505994,2024-11-15,Midwest,Outdoor Shades,Rep D,Website,2,913.12,1826.24,2024-11
505995,2025-09-21,East,Outdoor Shades,Rep C,Website,1,435.74,435.74,2025-09
505996,2025-05-04,West,Outdoor Shades,Rep E,Partner,1,1057.37,1057.37,2025-05
505997,2024-03-28,East,Window Treatments,Rep A,Partner,4,847.73,3390.92,2024-03
505998,2024-04-15,West,Window Treatments,Rep A,Inbound Call,4,711.44,2845.76,2024-04
505999,2025-01-28,Midwest,Smart Blinds,Rep E,Partner,4,369.06,1476.24,2025-01
506000,2024-02-11,Midwest,Smart Blinds,Rep E,Website,2,1074.06,2148.12,2024-02
506001,2024-10-27,South,Window Treatments,Rep E,Inbound Call,5,143.74,718.7,2024-10
506002,2024-10-09,Midwest,Accessories,Rep B,Partner,1,733.86,733.86,2024-10
506003,2025-06-27,East,Outdoor Shades,Rep A,Inbound Call,3,914.38,2743.14,2025-06
506004,2025-04-30,South,Smart Blinds,Rep B,Referral,3,969.1,2907.3,2025-04
506005,2025-08-29,East,Accessories,Rep E,Referral,5,474.98,2374.9,2025-08
506006,2025-09-03,West,Window Treatments,Rep D,Partner,5,393.89,1969.45,2025-09
506007,2025-03-23,West,Window Treatments,Rep D,Referral,4,1012.78,4051.12,2025-03
506008,2025-06-09,Midwest,Outdoor Shades,Rep A,Referral,3,721.98,2165.94,2025-06
506009,2025-08-22,South,Window Treatments,Rep B,Canvassing,5,549.25,2746.25,2025-08
506010,2024-11-04,East,Outdoor Shades,Rep A,Inbound Call,4,815.61,3262.44,2024-11
506011,2025-02-17,South,Window Treatments,Rep B,Partner,4,435.14,1740.56,2025-02
506012,2025-12-29,West,Smart Blinds,Rep D,Inbound Call,4,235.45,941.8,2025-12
506013,2024-09-19,West,Window Treatments,Rep D,Referral,4,565.75,2263.0,2024-09
506014,2024-02-06,West,Accessories,Rep C,Referral,3,824.18,2472.54,2024-02
506015,2025-02-23,Midwest,Window Treatments,Rep C,Referral,1,584.5,584.5,2025-02
506016,2024-08-04,Midwest,Smart Blinds,Rep A,Inbound Call,2,201.23,402.46,2024-08
506017,2025-11-13,West,Outdoor Shades,Rep B,Inbound Call,1,272.4,272.4,2025-11
506018,2024-11-29,East,Window Treatments,Rep D,Canvassing,4,940.56,3762.24,2024-11
506019,2025-02-20,South,Smart Blinds,Rep B,Canvassing,3,156.38,469.14,2025-02
506020,2025-05-28,East,Accessories,Rep B,Inbound Call,1,864.47,864.47,2025-05
506021,2024-01-21,South,Window Treatments,Rep D,Referral,3,1027.83,3083.49,2024-01
506022,2024-12-15,Midwest,Smart Blinds,Rep E,Partner,5,462.96,2314.8,2024-12
506023,2025-05-18,West,Smart Blinds,Rep C,Partner,2,735.39,1470.78,2025-05
506024,2025-08-29,West,Accessories,Rep A,Website,2,1095.86,2191.72,2025-08
506025,2024-06-22,East,Accessories,Rep B,Inbound Call,4,302.0,1208.0,2024-06
506026,2024-04-22,East,Outdoor Shades,Rep D,Inbound Call,4,933.59,3734.36,2024-04
506027,2024-07-14,South,Window Treatments,Rep C,Website,4,852.08,3408.32,2024-07
506028,2025-12-29,East,Outdoor Shades,Rep D,Inbound Call,2,897.25,1794.5,2025-12
506029,2024-02-07,West,Accessories,Rep B,Partner,2,136.84,273.68,2024-02
506030,2025-12-15,South,Smart Blinds,Rep C,Referral,4,836.1,3344.4,2025-12
506031,2024-08-23,Midwest,Window Treatments,Rep D,Website,4,609.2,2436.8,2024-08
506032,2024-04-13,South,Outdoor Shades,Rep B,Referral,2,767.35,1534.7,2024-04
506033,2024-12-18,Midwest,Window Treatments,Rep B,Referral,4,743.29,2973.16,2024-12
506034,2024-07-04,South,Smart Blinds,Rep C,Website,4,443.97,1775.88,2024-07
506035,2025-04-06,East,Window Treatments,Rep B,Website,4,781.87,3127.48,2025-04
506036,2024-05-19,East,Accessories,Rep E,Website,5,896.45,4482.25,2024-05
506037,2025-09-28,East,Window Treatments,Rep A,Inbound Call,3,935.78,2807.34,2025-09
506038,2024-09-18,South,Window Treatments,Rep D,Canvassing,4,362.21,1448.84,2024-09
506039,2025-05-04,West,Outdoor Shades,Rep E,Partner,4,748.18,2992.72,2025-05
506040,2025-01-21,East,Smart Blinds,Rep B,Partner,5,872.67,4363.35,2025-01
506041,2024-11-12,West,Window Treatments,Rep A,Canvassing,1,1019.12,1019.12,2024-11
506042,2025-10-18,East,Accessories,Rep B,Partner,4,960.94,3843.76,2025-10
506043,2025-09-29,Midwest,Outdoor Shades,Rep C,Website,1,920.42,920.42,2025-09
506044,2025-10-25,West,Accessories,Rep B,Referral,4,169.34,677.36,2025-10
506045,2024-07-12,South,Window Treatments,Rep A,Referral,5,486.44,2432.2,2024-07
506046,2024-06-02,Midwest,Outdoor Shades,Rep E,Referral,2,621.11,1242.22,2024-06
506047,2024-09-09,Midwest,Window Treatments,Rep B,Inbound Call,1,838.47,838.47,2024-09
506048,2024-10-12,South,Outdoor Shades,Rep A,Inbound Call,5,561.77,2808.85,2024-10
506049,2024-04-10,East,Window Treatments,Rep C,Referral,3,709.89,2129.67,2024-04
506050,2025-11-27,West,Outdoor Shades,Rep A,Canvassing,3,203.51,610.53,2025-11
506051,2025-04-10,West,Outdoor Shades,Rep A,Canvassing,4,378.2,1512.8,2025-04
506052,2024-11-29,Midwest,Outdoor Shades,Rep C,Canvassing,2,933.75,1867.5,2024-11
506053,2024-12-05,Midwest,Window Treatments,Rep D,Website,2,508.28,1016.56,2024-12
506054,2024-12-05,Midwest,Window Treatments,Rep C,Canvassing,3,149.49,448.47,2024-12
506055,2024-08-23,West,Window Treatments,Rep D,Canvassing,2,283.55,567.1,2024-08
506056,2024-08-09,East,Outdoor Shades,Rep E,Canvassing,2,1055.2,2110.4,2024-08
506057,2024-07-05,Midwest,Outdoor Shades,Rep C,Partner,2,851.56,1703.12,2024-07
506058,2025-02-20,West,Window Treatments,Rep A,Website,2,510.19,1020.38,2025-02
506059,2024-01-27,South,Outdoor Shades,Rep A,Canvassing,4,679.87,2719.48,2024-01
506060,2024-08-22,Midwest,Window Treatments,Rep C,Website,3,724.05,2172.15,2024-08
506061,2024-02-23,East,Window Treatments,Rep E,Canvassing,5,664.85,3324.25,2024-02
506062,2025-05-23,East,Outdoor Shades,Rep A,Partner,1,398.64,398.64,2025-05
506063,2024-05-02,South,Smart Blinds,Rep B,Canvassing,1,402.45,402.45,2024-05
506064,2025-02-20,Midwest,Window Treatments,Rep E,Partner,5,1068.72,5343.6,2025-02
506065,2024-07-13,East,Smart Blinds,Rep A,Canvassing,4,348.95,1395.8,2024-07
506066,2024-10-01,West,Accessories,Rep A,Canvassing,1,1084.37,1084.37,2024-10
506067,2025-03-30,East,Outdoor Shades,Rep B,Website,4,705.84,2823.36,2025-03
506068,2025-04-19,Midwest,Window Treatments,Rep E,Inbound Call,5,997.52,4987.6,2025-04
506069,2025-10-30,South,Accessories,Rep E,Referral,1,779.03,779.03,2025-10
506070,2025-10-27,Midwest,Outdoor Shades,Rep E,Referral,1,545.39,545.39,2025-10
506071,2025-05-26,East,Accessories,Rep B,Referral,3,238.68,716.04,2025-05
506072,2024-08-30,West,Smart Blinds,Rep D,Inbound Call,3,363.9,1091.7,2024-08
506073,2025-05-13,Midwest,Window Treatments,Rep B,Canvassing,4,784.29,3137.16,2025-05
506074,2025-10-18,Midwest,Outdoor Shades,Rep C,Partner,1,851.37,851.37,2025-10
506075,2025-01-02,South,Accessories,Rep C,Referral,1,1085.24,1085.24,2025-01
506076,2024-03-06,West,Window Treatments,Rep E,Referral,1,143.82,143.82,2024-03
506077,2024-12-06,East,Outdoor Shades,Rep B,Inbound Call,5,205.22,1026.1,2024-12
506078,2025-05-12,East,Outdoor Shades,Rep A,Inbound Call,2,442.56,885.12,2025-05
506079,2025-08-22,Midwest,Outdoor Shades,Rep B,Website,5,1028.58,5142.9,2025-08
506080,2024-02-02,West,Window Treatments,Rep B,Canvassing,5,924.85,4624.25,2024-02
506081,2025-04-06,South,Window Treatments,Rep C,Partner,1,708.37,708.37,2025-04
506082,2025-04-26,Midwest,Window Treatments,Rep E,Website,3,184.95,554.85,2025-04
506083,2025-12-09,East,Window Treatments,Rep A,Partner,4,1019.26,4077.04,2025-12
506084,2025-08-14,West,Outdoor Shades,Rep E,Partner,1,191.31,191.31,2025-08
506085,2024-11-17,Midwest,Window Treatments,Rep A,Canvassing,4,370.66,1482.64,2024-11
506086,2025-08-18,East,Outdoor Shades,Rep B,Inbound Call,5,789.79,3948.95,2025-08
506087,2025-01-08,South,Smart Blinds,Rep C,Website,5,306.62,1533.1,2025-01
506088,2024-07-07,East,Window Treatments,Rep C,Website,4,344.26,1377.04,2024-07
506089,2025-10-26,Midwest,Outdoor Shades,Rep C,Referral,3,1099.88,3299.64,2025-10
506090,2024-01-08,West,Smart Blinds,Rep B,Inbound Call,2,169.73,339.46,2024-01
506091,2024-01-29,West,Smart Blinds,Rep D,Website,1,331.29,331.29,2024-01
506092,2025-12-22,Midwest,Smart Blinds,Rep E,Partner,5,154.91,774.55,2025-12
506093,2024-07-08,South,Outdoor Shades,Rep B,Referral,3,469.28,1407.84,2024-07
506094,2024-05-08,South,Smart Blinds,Rep E,Partner,5,436.61,2183.05,2024-05
506095,2025-11-28,South,Window Treatments,Rep A,Referral,3,583.47,1750.41,2025-11
506096,2024-11-22,East,Outdoor Shades,Rep C,Referral,4,695.25,2781.0,2024-11
506097,2025-08-20,South,Outdoor Shades,Rep D,Inbound Call,3,1057.63,3172.89,2025-08
506098,2025-01-26,East,Window Treatments,Rep E,Partner,4,897.8,3591.2,2025-01
506099,2024-12-15,South,Outdoor Shades,Rep B,Canvassing,5,1017.7,5088.5,2024-12
506100,2025-02-09,West,Outdoor Shades,Rep E,Inbound Call,2,723.03,1446.06,2025-02
506101,2025-08-13,West,Outdoor Shades,Rep E,Referral,5,730.4,3652.0,2025-08
506102,2024-04-14,West,Smart Blinds,Rep E,Canvassing,1,889.93,889.93,2024-04
506103,2025-09-20,East,Smart Blinds,Rep E,Partner,2,133.91,267.82,2025-09
506104,2025-07-08,East,Window Treatments,Rep E,Inbound Call,5,939.48,4697.4,2025-07
506105,2024-06-08,South,Accessories,Rep B,Canvassing,3,146.9,440.7,2024-06
506106,2024-11-08,Midwest,Window Treatments,Rep C,Inbound Call,2,886.51,1773.02,2024-11
506107,2024-12-02,Midwest,Accessories,Rep B,Website,4,186.01,744.04,2024-12
506108,2025-02-06,South,Outdoor Shades,Rep A,Website,5,1097.88,5489.4,2025-02
506109,2025-03-27,South,Accessories,Rep C,Referral,1,1013.48,1013.48,2025-03
506110,2025-10-27,East,Smart Blinds,Rep A,Referral,3,1067.7,3203.1,2025-10
506111,2024-10-03,Midwest,Window Treatments,Rep B,Partner,4,459.91,1839.64,2024-10
506112,2024-09-24,East,Outdoor Shades,Rep B,Referral,5,501.82,2509.1,2024-09
506113,2025-03-03,Midwest,Outdoor Shades,Rep D,Partner,3,453.31,1359.93,2025-03
506114,2024-05-17,West,Outdoor Shades,Rep D,Website,2,639.4,1278.8,2024-05
506115,2024-12-29,South,Accessories,Rep C,Referral,4,1050.24,4200.96,2024-12
506116,2024-06-18,South,Window Treatments,Rep B,Partner,2,923.5,1847.0,2024-06
506117,2025-01-02,Midwest,Accessories,Rep D,Referral,5,631.83,3159.15,2025-01
506118,2025-04-20,West,Outdoor Shades,Rep B,Referral,3,1036.36,3109.08,2025-04
506119,2025-03-03,Midwest,Accessories,Rep D,Website,5,742.27,3711.35,2025-03
506120,2024-11-09,South,Outdoor Shades,Rep E,Referral,5,364.14,1820.7,2024-11
506121,2025-06-05,East,Window Treatments,Rep B,Canvassing,3,920.21,2760.63,2025-06
506122,2024-05-09,Midwest,Window Treatments,Rep A,Referral,4,690.24,2760.96,2024-05
506123,2024-09-17,West,Outdoor Shades,Rep E,Website,5,722.37,3611.85,2024-09
506124,2024-10-15,West,Window Treatments,Rep A,Partner,2,847.15,1694.3,2024-10
506125,2024-05-01,Midwest,Accessories,Rep B,Partner,4,573.07,2292.28,2024-05
506126,2024-08-01,Midwest,Window Treatments,Rep A,Canvassing,5,969.03,4845.15,2024-08
506127,2024-08-28,Midwest,Window Treatments,Rep A,Inbound Call,2,441.58,883.16,2024-08
506128,2025-08-19,South,Outdoor Shades,Rep D,Website,2,183.01,366.02,2025-08
506129,2025-02-27,West,Outdoor Shades,Rep B,Referral,5,211.95,1059.75,2025-02
506130,2025-10-14,East,Smart Blinds,Rep C,Partner,2,803.17,1606.34,2025-10
506131,2025-10-17,South,Smart Blinds,Rep B,Partner,5,431.78,2158.9,2025-10
506132,2024-04-27,South,Window Treatments,Rep C,Website,2,853.7,1707.4,2024-04
506133,2024-06-20,Midwest,Smart Blinds,Rep E,Partner,5,136.91,684.55,2024-06
506134,2025-09-29,Midwest,Outdoor Shades,Rep D,Canvassing,4,214.84,859.36,2025-09
506135,2024-10-24,West,Accessories,Rep A,Inbound Call,3,295.35,886.05,2024-10
506136,2024-06-07,South,Window Treatments,Rep E,Referral,3,302.17,906.51,2024-06
506137,2024-01-28,Midwest,Smart Blinds,Rep C,Partner,5,430.93,2154.65,2024-01
506138,2025-12-30,Midwest,Window Treatments,Rep D,Partner,5,160.71,803.55,2025-12
506139,2025-01-06,West,Window Treatments,Rep A,Website,5,722.37,3611.85,2025-01
506140,2025-11-24,East,Outdoor Shades,Rep A,Canvassing,2,246.75,493.5,2025-11
506141,2025-10-31,South,Outdoor Shades,Rep C,Partner,2,263.06,526.12,2025-10
506142,2024-12-28,South,Window Treatments,Rep E,Inbound Call,5,198.75,993.75,2024-12
506143,2024-06-22,East,Outdoor Shades,Rep E,Referral,4,282.79,1131.16,2024-06
506144,2024-01-18,Midwest,Outdoor Shades,Rep E,Referral,2,225.53,451.06,2024-01
506145,2025-08-07,Midwest,Accessories,Rep B,Website,1,696.2,696.2,2025-08
506146,2025-12-19,Midwest,Window Treatments,Rep B,Canvassing,3,501.63,1504.89,2025-12
506147,2024-05-05,Midwest,Window Treatments,Rep B,Website,1,268.33,268.33,2024-05
506148,2024-03-27,Midwest,Outdoor Shades,Rep C,Canvassing,5,510.73,2553.65,2024-03
506149,2025-02-03,South,Window Treatments,Rep C,Inbound Call,4,437.99,1751.96,2025-02
506150,2025-04-15,West,Window Treatments,Rep D,Canvassing,1,876.95,876.95,2025-04
506151,2024-04-01,Midwest,Window Treatments,Rep B,Canvassing,2,932.98,1865.96,2024-04
506152,2025-02-13,Midwest,Smart Blinds,Rep C,Inbound Call,3,132.63,397.89,2025-02
506153,2024-08-24,South,Window Treatments,Rep E,Website,3,675.79,2027.37,2024-08
506154,2025-04-13,West,Outdoor Shades,Rep D,Partner,3,279.09,837.27,2025-04
506155,2025-09-23,East,Window Treatments,Rep C,Canvassing,3,918.77,2756.31,2025-09
506156,2025-08-09,West,Accessories,Rep E,Inbound Call,5,873.06,4365.3,2025-08
506157,2025-11-12,Midwest,Window Treatments,Rep E,Inbound Call,2,241.94,483.88,2025-11
506158,2025-03-15,East,Window Treatments,Rep A,Website,1,420.22,420.22,2025-03
506159,2025-01-29,Midwest,Window Treatments,Rep A,Inbound Call,3,706.79,2120.37,2025-01
506160,2025-04-06,Midwest,Outdoor Shades,Rep A,Website,2,390.86,781.72,2025-04
506161,2025-09-05,East,Window Treatments,Rep D,Inbound Call,5,933.27,4666.35,2025-09
506162,2025-03-22,West,Window Treatments,Rep C,Referral,3,863.64,2590.92,2025-03
506163,2025-12-17,Midwest,Window Treatments,Rep E,Inbound Call,5,917.78,4588.9,2025-12
506164,2025-09-22,West,Window Treatments,Rep C,Website,3,380.64,1141.92,2025-09
506165,2024-07-23,West,Smart Blinds,Rep A,Partner,1,320.86,320.86,2024-07
506166,2025-11-15,South,Outdoor Shades,Rep E,Referral,1,464.94,464.94,2025-11
506167,2025-09-20,South,Outdoor Shades,Rep C,Inbound Call,5,482.28,2411.4,2025-09
506168,2025-06-30,South,Outdoor Shades,Rep D,Website,5,825.5,4127.5,2025-06
506169,2025-04-11,Midwest,Outdoor Shades,Rep A,Website,2,625.95,1251.9,2025-04
506170,2024-01-23,West,Smart Blinds,Rep C,Canvassing,3,596.1,1788.3,2024-01
506171,2024-06-18,East,Window Treatments,Rep E,Website,3,797.78,2393.34,2024-06
506172,2024-02-18,West,Window Treatments,Rep A,Referral,2,183.74,367.48,2024-02
506173,2025-11-20,East,Accessories,Rep B,Referral,1,394.46,394.46,2025-11
506174,2024-08-12,Midwest,Window Treatments,Rep E,Inbound Call,2,568.97,1137.94,2024-08
506175,2025-11-21,West,Outdoor Shades,Rep B,Partner,2,429.68,859.36,2025-11
506176,2024-01-01,Midwest,Smart Blinds,Rep D,Referral,2,978.74,1957.48,2024-01
506177,2024-04-17,East,Outdoor Shades,Rep B,Canvassing,5,279.82,1399.1,2024-04
506178,2025-01-01,West,Window Treatments,Rep D,Website,5,656.08,3280.4,2025-01
506179,2024-09-04,West,Window Treatments,Rep D,Canvassing,5,519.43,2597.15,2024-09
506180,2025-03-31,South,Accessories,Rep D,Inbound Call,1,419.57,419.57,2025-03
506181,2024-05-18,West,Smart Blinds,Rep A,Canvassing,2,181.88,363.76,2024-05
506182,2024-07-07,West,Accessories,Rep D,Inbound Call,2,372.54,745.08,2024-07
506183,2025-03-08,East,Window Treatments,Rep B,Website,3,424.36,1273.08,2025-03
506184,2025-05-10,Midwest,Accessories,Rep A,Website,1,319.78,319.78,2025-05
506185,2025-12-15,West,Outdoor Shades,Rep E,Inbound Call,5,857.25,4286.25,2025-12
506186,2024-06-05,East,Accessories,Rep D,Referral,3,731.49,2194.47,2024-06
506187,2025-04-24,South,Outdoor Shades,Rep D,Partner,4,989.33,3957.32,2025-04
506188,2025-01-29,Midwest,Outdoor Shades,Rep C,Inbound Call,3,315.1,945.3,2025-01
506189,2025-01-31,Midwest,Accessories,Rep C,Partner,1,292.46,292.46,2025-01
506190,2025-06-17,East,Outdoor Shades,Rep A,Website,3,977.03,2931.09,2025-06
506191,2025-05-05,Midwest,Smart Blinds,Rep E,Partner,3,724.81,2174.43,2025-05
506192,2025-09-06,Midwest,Outdoor Shades,Rep C,Partner,3,201.72,605.16,2025-09
506193,2025-10-14,South,Outdoor Shades,Rep E,Inbound Call,2,131.82,263.64,2025-10
506194,2025-06-18,Midwest,Window Treatments,Rep E,Inbound Call,5,163.38,816.9,2025-06
506195,2024-12-05,South,Accessories,Rep A,Website,4,191.87,767.48,2024-12
506196,2024-01-23,Midwest,Window Treatments,Rep C,Partner,2,366.85,733.7,2024-01
506197,2024-05-27,West,Smart Blinds,Rep C,Partner,1,695.95,695.95,2024-05
506198,2025-12-03,South,Window Treatments,Rep B,Partner,3,1020.91,3062.73,2025-12
506199,2025-04-04,West,Accessories,Rep D,Partner,5,172.09,860.45,2025-04
506200,2025-10-23,Midwest,Smart Blinds,Rep E,Canvassing,2,488.29,976.58,2025-10
506201,2024-10-24,West,Window Treatments,Rep D,Inbound Call,1,672.66,672.66,2024-10
506202,2024-02-16,Midwest,Smart Blinds,Rep D,Website,1,994.45,994.45,2024-02
506203,2025-04-28,East,Smart Blinds,Rep B,Website,1,1019.41,1019.41,2025-04
506204,2025-01-03,East,Window Treatments,Rep D,Referral,5,646.38,3231.9,2025-01
506205,2025-07-18,Midwest,Smart Blinds,Rep D,Inbound Call,3,434.96,1304.88,2025-07
506206,2025-12-23,South,Outdoor Shades,Rep C,Referral,3,124.02,372.06,2025-12
506207,2024-01-12,Midwest,Outdoor Shades,Rep D,Partner,5,652.5,3262.5,2024-01
506208,2025-04-17,West,Window Treatments,Rep A,Inbound Call,2,327.29,654.58,2025-04
506209,2025-10-14,West,Window Treatments,Rep E,Inbound Call,3,232.63,697.89,2025-10
506210,2024-05-29,West,Window Treatments,Rep A,Partner,2,799.38,1598.76,2024-05
506211,2024-10-10,South,Smart Blinds,Rep D,Inbound Call,1,244.95,244.95,2024-10
506212,2024-05-21,East,Accessories,Rep C,Website,3,700.1,2100.3,2024-05
506213,2024-07-26,East,Window Treatments,Rep C,Inbound Call,1,899.55,899.55,2024-07
506214,2024-10-22,South,Window Treatments,Rep C,Inbound Call,1,1019.7,1019.7,2024-10
506215,2024-04-08,South,Smart Blinds,Rep A,Partner,3,158.5,475.5,2024-04
506216,2024-02-25,Midwest,Window Treatments,Rep A,Referral,2,921.84,1843.68,2024-02
506217,2024-08-16,Midwest,Window Treatments,Rep A,Canvassing,5,459.95,2299.75,2024-08
506218,2025-08-12,Midwest,Outdoor Shades,Rep D,Website,5,245.91,1229.55,2025-08
506219,2025-09-24,South,Window Treatments,Rep B,Website,2,357.37,714.74,2025-09
506220,2024-01-17,West,Smart Blinds,Rep D,Partner,4,431.55,1726.2,2024-01
506221,2025-03-24,Midwest,Window Treatments,Rep D,Inbound Call,2,778.93,1557.86,2025-03
506222,2024-01-09,West,Smart Blinds,Rep A,Referral,3,257.33,771.99,2024-01
506223,2024-07-08,Midwest,Smart Blinds,Rep C,Referral,1,134.48,134.48,2024-07
506224,2024-04-08,Midwest,Smart Blinds,Rep D,Website,4,763.52,3054.08,2024-04
506225,2024-03-08,West,Accessories,Rep B,Canvassing,2,464.11,928.22,2024-03
506226,2025-02-19,West,Window Treatments,Rep B,Partner,1,538.32,538.32,2025-02
506227,2024-11-08,West,Smart Blinds,Rep E,Website,3,390.88,1172.64,2024-11
506228,2025-05-19,Midwest,Accessories,Rep E,Partner,5,581.19,2905.95,2025-05
506229,2025-09-11,South,Window Treatments,Rep B,Referral,4,413.04,1652.16,2025-09
506230,2024-10-11,East,Window Treatments,Rep E,Partner,3,362.06,1086.18,2024-10
506231,2024-01-15,Midwest,Accessories,Rep B,Partner,2,606.04,1212.08,2024-01
506232,2024-10-16,Midwest,Outdoor Shades,Rep E,Website,3,338.95,1016.85,2024-10
506233,2025-02-12,South,Outdoor Shades,Rep D,Inbound Call,3,781.25,2343.75,2025-02
506234,2024-02-06,South,Outdoor Shades,Rep A,Referral,1,1045.05,1045.05,2024-02
506235,2024-07-06,Midwest,Outdoor Shades,Rep D,Inbound Call,3,519.87,1559.61,2024-07
506236,2025-07-21,Midwest,Window Treatments,Rep B,Canvassing,4,952.23,3808.92,2025-07
506237,2025-12-15,South,Smart Blinds,Rep E,Referral,4,735.23,2940.92,2025-12
506238,2024-10-04,East,Window Treatments,Rep B,Partner,5,256.07,1280.35,2024-10
506239,2024-09-21,South,Smart Blinds,Rep B,Website,2,235.49,470.98,2024-09
506240,2024-04-04,Midwest,Smart Blinds,Rep D,Inbound Call,2,830.22,1660.44,2024-04
506241,2024-05-23,Midwest,Window Treatments,Rep E,Partner,1,863.78,863.78,2024-05
506242,2024-10-23,East,Window Treatments,Rep C,Inbound Call,2,607.83,1215.66,2024-10
506243,2025-03-18,Midwest,Window Treatments,Rep C,Partner,2,856.21,1712.42,2025-03
506244,2024-06-16,Midwest,Outdoor Shades,Rep D,Website,4,535.71,2142.84,2024-06
506245,2024-01-31,East,Accessories,Rep A,Canvassing,4,961.0,3844.0,2024-01
506246,2024-05-03,East,Window Treatments,Rep D,Partner,2,523.75,1047.5,2024-05
506247,2025-07-27,West,Window Treatments,Rep C,Partner,2,539.43,1078.86,2025-07
506248,2024-08-18,East,Smart Blinds,Rep C,Canvassing,1,1098.25,1098.25,2024-08
506249,2025-12-21,Midwest,Outdoor Shades,Rep B,Website,4,457.61,1830.44,2025-12
506250,2024-06-02,South,Window Treatments,Rep E,Canvassing,1,385.71,385.71,2024-06
506251,2025-12-10,East,Outdoor Shades,Rep A,Website,1,527.28,527.28,2025-12
506252,2024-09-07,South,Window Treatments,Rep A,Referral,2,704.49,1408.98,2024-09
506253,2025-04-25,West,Window Treatments,Rep C,Partner,1,965.77,965.77,2025-04
506254,2024-05-17,East,Outdoor Shades,Rep E,Referral,4,946.42,3785.68,2024-05
506255,2024-06-14,South,Window Treatments,Rep E,Canvassing,4,429.63,1718.52,2024-06
506256,2024-01-25,West,Smart Blinds,Rep A,Website,1,256.49,256.49,2024-01
506257,2024-09-05,West,Accessories,Rep B,Website,1,311.4,311.4,2024-09
506258,2024-01-21,South,Accessories,Rep C,Referral,4,650.34,2601.36,2024-01
506259,2024-06-17,West,Accessories,Rep A,Referral,1,818.1,818.1,2024-06
506260,2024-12-17,West,Window Treatments,Rep C,Inbound Call,4,814.64,3258.56,2024-12
506261,2024-04-02,East,Outdoor Shades,Rep C,Website,3,1093.11,3279.33,2024-04
506262,2024-07-23,Midwest,Accessories,Rep E,Website,3,406.54,1219.62,2024-07
506263,2024-06-24,Midwest,Window Treatments,Rep E,Partner,4,894.14,3576.56,2024-06
506264,2025-02-22,Midwest,Outdoor Shades,Rep E,Canvassing,5,267.23,1336.15,2025-02
506265,2024-11-23,West,Outdoor Shades,Rep E,Website,4,407.88,1631.52,2024-11
506266,2025-05-09,Midwest,Smart Blinds,Rep C,Canvassing,1,886.24,886.24,2025-05
506267,2024-03-22,East,Window Treatments,Rep C,Inbound Call,1,558.67,558.67,2024-03
506268,2024-05-11,East,Window Treatments,Rep A,Referral,1,731.55,731.55,2024-05
506269,2025-09-26,East,Outdoor Shades,Rep E,Referral,3,535.2,1605.6,2025-09
506270,2025-07-11,Midwest,Window Treatments,Rep C,Inbound Call,2,1000.57,2001.14,2025-07
506271,2024-08-06,East,Window Treatments,Rep B,Referral,4,558.44,2233.76,2024-08
506272,2024-09-24,East,Window Treatments,Rep C,Website,1,634.38,634.38,2024-09
506273,2025-04-29,Midwest,Outdoor Shades,Rep D,Inbound Call,5,845.72,4228.6,2025-04
506274,2025-12-05,East,Window Treatments,Rep B,Inbound Call,3,222.25,666.75,2025-12
506275,2025-07-05,East,Accessories,Rep D,Partner,4,716.62,2866.48,2025-07
506276,2024-10-17,South,Outdoor Shades,Rep B,Partner,2,823.12,1646.24,2024-10
506277,2024-06-16,East,Smart Blinds,Rep E,Website,4,692.74,2770.96,2024-06
506278,2025-03-06,East,Accessories,Rep E,Inbound Call,2,126.96,253.92,2025-03
506279,2024-03-16,East,Outdoor Shades,Rep A,Inbound Call,3,499.81,1499.43,2024-03
506280,2024-03-02,South,Accessories,Rep A,Website,5,377.17,1885.85,2024-03
506281,2025-09-16,East,Window Treatments,Rep B,Inbound Call,2,183.77,367.54,2025-09
506282,2024-08-09,Midwest,Smart Blinds,Rep D,Canvassing,5,622.68,3113.4,2024-08
506283,2025-11-15,East,Outdoor Shades,Rep D,Canvassing,5,337.03,1685.15,2025-11
506284,2025-08-01,South,Smart Blinds,Rep E,Canvassing,1,375.62,375.62,2025-08
506285,2025-11-25,West,Smart Blinds,Rep B,Canvassing,5,491.47,2457.35,2025-11
506286,2025-02-19,South,Outdoor Shades,Rep A,Partner,1,896.36,896.36,2025-02
506287,2025-05-10,West,Window Treatments,Rep D,Website,2,680.18,1360.36,2025-05
506288,2024-04-30,South,Window Treatments,Rep E,Website,3,634.89,1904.67,2024-04
506289,2024-08-18,South,Outdoor Shades,Rep C,Website,2,504.44,1008.88,2024-08
506290,2024-11-14,West,Outdoor Shades,Rep B,Inbound Call,3,815.3,2445.9,2024-11
506291,2024-08-09,Midwest,Window Treatments,Rep C,Canvassing,1,713.81,713.81,2024-08
506292,2025-02-02,South,Accessories,Rep B,Partner,4,962.37,3849.48,2025-02
506293,2024-09-10,South,Smart Blinds,Rep B,Referral,4,667.02,2668.08,2024-09
506294,2025-01-05,Midwest,Outdoor Shades,Rep E,Website,3,1073.22,3219.66,2025-01
506295,2024-12-14,East,Outdoor Shades,Rep C,Canvassing,1,436.78,436.78,2024-12
506296,2025-06-21,Midwest,Window Treatments,Rep B,Partner,3,488.65,1465.95,2025-06
506297,2024-12-28,Midwest,Window Treatments,Rep A,Partner,3,833.36,2500.08,2024-12
506298,2025-11-21,South,Smart Blinds,Rep D,Partner,1,486.33,486.33,2025-11
506299,2024-08-20,West,Smart Blinds,Rep C,Canvassing,3,338.48,1015.44,2024-08
506300,2024-06-21,South,Outdoor Shades,Rep E,Canvassing,1,634.05,634.05,2024-06
506301,2025-06-29,West,Outdoor Shades,Rep E,Inbound Call,5,554.48,2772.4,2025-06
506302,2024-02-07,Midwest,Accessories,Rep D,Canvassing,5,329.7,1648.5,2024-02
506303,2025-10-08,East,Accessories,Rep C,Partner,5,403.8,2019.0,2025-10
506304,2025-06-04,South,Window Treatments,Rep B,Referral,1,1059.24,1059.24,2025-06
506305,2025-09-14,South,Outdoor Shades,Rep B,Website,5,710.45,3552.25,2025-09
506306,2025-01-31,West,Outdoor Shades,Rep D,Referral,5,790.09,3950.45,2025-01
506307,2024-03-12,West,Window Treatments,Rep B,Partner,1,1093.38,1093.38,2024-03
506308,2025-04-18,West,Window Treatments,Rep C,Partner,4,417.28,1669.12,2025-04
506309,2025-07-19,Midwest,Window Treatments,Rep A,Referral,4,382.51,1530.04,2025-07
506310,2024-10-07,East,Outdoor Shades,Rep C,Inbound Call,3,577.14,1731.42,2024-10
506311,2024-04-08,East,Smart Blinds,Rep E,Partner,3,488.29,1464.87,2024-04
506312,2025-09-29,East,Window Treatments,Rep D,Partner,5,972.77,4863.85,2025-09
506313,2025-01-11,West,Window Treatments,Rep A,Referral,5,407.0,2035.0,2025-01
506314,2024-04-24,West,Smart Blinds,Rep D,Website,2,568.27,1136.54,2024-04
506315,2025-07-26,Midwest,Smart Blinds,Rep A,Referral,3,427.12,1281.36,2025-07
506316,2024-05-26,East,Smart Blinds,Rep E,Referral,2,829.65,1659.3,2024-05
506317,2024-08-31,East,Accessories,Rep D,Canvassing,5,189.71,948.55,2024-08
506318,2024-06-15,Midwest,Outdoor Shades,Rep C,Referral,4,662.32,2649.28,2024-06
506319,2024-07-30,West,Window Treatments,Rep D,Website,3,762.35,2287.05,2024-07
506320,2024-10-07,Midwest,Outdoor Shades,Rep C,Referral,3,664.78,1994.34,2024-10
506321,2025-04-22,East,Window Treatments,Rep E,Inbound Call,4,662.14,2648.56,2025-04
506322,2024-09-25,South,Window Treatments,Rep C,Partner,2,295.37,590.74,2024-09
506323,2025-12-05,West,Smart Blinds,Rep B,Canvassing,2,128.84,257.68,2025-12
506324,2024-09-29,East,Window Treatments,Rep E,Referral,3,159.79,479.37,2024-09
506325,2024-09-27,Midwest,Window Treatments,Rep B,Partner,1,193.82,193.82,2024-09
506326,2024-05-21,Midwest,Window Treatments,Rep A,Referral,3,354.08,1062.24,2024-05
506327,2024-12-11,East,Smart Blinds,Rep B,Canvassing,3,744.69,2234.07,2024-12
506328,2025-09-29,East,Window Treatments,Rep B,Canvassing,2,456.07,912.14,2025-09
506329,2025-03-20,West,Smart Blinds,Rep E,Inbound Call,2,132.72,265.44,2025-03
506330,2024-01-10,Midwest,Window Treatments,Rep A,Canvassing,2,352.29,704.58,2024-01
506331,2024-09-13,South,Window Treatments,Rep D,Partner,1,478.77,478.77,2024-09
506332,2025-08-11,South,Smart Blinds,Rep B,Website,4,229.87,919.48,2025-08
506333,2024-11-14,Midwest,Smart Blinds,Rep D,Canvassing,1,897.26,897.26,2024-11
506334,2025-04-17,West,Window Treatments,Rep E,Referral,4,638.59,2554.36,2025-04
506335,2025-01-09,East,Smart Blinds,Rep E,Partner,2,477.19,954.38,2025-01
506336,2025-07-28,South,Outdoor Shades,Rep A,Referral,4,385.25,1541.0,2025-07
506337,2024-09-15,Midwest,Window Treatments,Rep B,Website,2,857.95,1715.9,2024-09
506338,2025-02-02,South,Smart Blinds,Rep D,Canvassing,2,959.61,1919.22,2025-02
506339,2025-04-20,South,Window Treatments,Rep D,Canvassing,1,587.0,587.0,2025-04
506340,2024-02-20,East,Window Treatments,Rep B,Website,5,1091.16,5455.8,2024-02
506341,2024-03-24,South,Window Treatments,Rep D,Referral,5,590.54,2952.7,2024-03
506342,2025-06-11,East,Outdoor Shades,Rep B,Partner,5,528.32,2641.6,2025-06
506343,2025-11-26,West,Accessories,Rep B,Canvassing,3,1040.05,3120.15,2025-11
506344,2025-08-20,West,Smart Blinds,Rep C,Partner,5,773.61,3868.05,2025-08
506345,2024-03-03,South,Accessories,Rep B,Website,2,612.79,1225.58,2024-03
506346,2024-03-19,East,Window Treatments,Rep A,Inbound Call,3,849.43,2548.29,2024-03
506347,2025-04-25,South,Window Treatments,Rep B,Inbound Call,4,188.92,755.68,2025-04
506348,2025-06-03,East,Accessories,Rep B,Canvassing,1,453.68,453.68,2025-06
506349,2024-09-06,Midwest,Window Treatments,Rep C,Website,2,138.31,276.62,2024-09
506350,2025-01-29,East,Accessories,Rep A,Referral,5,236.41,1182.05,2025-01
506351,2024-10-08,South,Outdoor Shades,Rep E,Inbound Call,4,1009.7,4038.8,2024-10
506352,2024-05-06,East,Outdoor Shades,Rep B,Referral,5,786.43,3932.15,2024-05
506353,2024-10-19,East,Window Treatments,Rep D,Partner,3,411.98,1235.94,2024-10
506354,2025-05-12,South,Outdoor Shades,Rep B,Website,1,201.88,201.88,2025-05
506355,2024-08-05,South,Smart Blinds,Rep A,Canvassing,2,781.82,1563.64,2024-08
506356,2024-03-08,West,Accessories,Rep C,Inbound Call,5,297.71,1488.55,2024-03
506357,2024-06-11,Midwest,Outdoor Shades,Rep E,Inbound Call,5,974.87,4874.35,2024-06
506358,2024-04-27,Midwest,Window Treatments,Rep A,Website,1,509.31,509.31,2024-04
506359,2024-01-27,Midwest,Window Treatments,Rep B,Website,2,345.9,691.8,2024-01
506360,2024-06-20,Midwest,Accessories,Rep A,Inbound Call,5,378.57,1892.85,2024-06
506361,2024-03-13,East,Window Treatments,Rep E,Inbound Call,1,549.05,549.05,2024-03
506362,2024-06-16,East,Outdoor Shades,Rep C,Partner,3,858.86,2576.58,2024-06
506363,2024-02-04,West,Smart Blinds,Rep A,Partner,1,265.5,265.5,2024-02
506364,2025-11-03,Midwest,Window Treatments,Rep A,Inbound Call,2,963.1,1926.2,2025-11
506365,2025-04-08,East,Outdoor Shades,Rep D,Partner,1,385.62,385.62,2025-04
506366,2024-03-18,East,Window Treatments,Rep E,Partner,4,454.14,1816.56,2024-03
506367,2025-12-25,East,Window Treatments,Rep A,Referral,2,207.6,415.2,2025-12
506368,2025-04-18,East,Window Treatments,Rep B,Referral,1,995.87,995.87,2025-04
506369,2025-04-21,East,Window Treatments,Rep D,Partner,3,687.37,2062.11,2025-04
506370,2024-11-24,South,Window Treatments,Rep D,Canvassing,4,167.89,671.56,2024-11
506371,2024-06-19,East,Outdoor Shades,Rep D,Canvassing,5,392.18,1960.9,2024-06
506372,2025-11-07,South,Window Treatments,Rep C,Referral,5,282.03,1410.15,2025-11
506373,2024-09-10,South,Window Treatments,Rep D,Website,3,670.28,2010.84,2024-09
506374,2024-12-19,East,Window Treatments,Rep A,Canvassing,1,181.03,181.03,2024-12
506375,2025-12-14,South,Outdoor Shades,Rep C,Website,4,642.73,2570.92,2025-12
506376,2025-08-06,West,Outdoor Shades,Rep A,Referral,4,1056.13,4224.52,2025-08
506377,2024-10-13,East,Window Treatments,Rep C,Inbound Call,2,690.68,1381.36,2024-10
506378,2025-06-04,Midwest,Outdoor Shades,Rep B,Referral,2,300.65,601.3,2025-06
506379,2025-12-04,South,Smart Blinds,Rep E,Website,5,855.73,4278.65,2025-12
506380,2025-05-15,South,Smart Blinds,Rep B,Partner,3,297.73,893.19,2025-05
506381,2025-11-09,South,Outdoor Shades,Rep A,Referral,3,200.86,602.58,2025-11
506382,2025-11-23,West,Outdoor Shades,Rep C,Partner,5,782.72,3913.6,2025-11
506383,2024-02-01,West,Accessories,Rep B,Partner,2,1054.2,2108.4,2024-02
506384,2025-12-16,East,Outdoor Shades,Rep D,Referral,1,643.37,643.37,2025-12
506385,2025-04-03,East,Window Treatments,Rep E,Referral,2,171.0,342.0,2025-04
506386,2025-06-25,Midwest,Outdoor Shades,Rep C,Inbound Call,2,954.38,1908.76,2025-06
506387,2024-08-05,East,Outdoor Shades,Rep C,Partner,4,122.82,491.28,2024-08
506388,2025-09-02,West,Window Treatments,Rep E,Website,2,129.74,259.48,2025-09
506389,2025-06-06,Midwest,Window Treatments,Rep A,Referral,5,121.61,608.05,2025-06
506390,2025-10-18,West,Window Treatments,Rep E,Partner,4,857.81,3431.24,2025-10
506391,2025-10-31,East,Outdoor Shades,Rep B,Inbound Call,2,522.31,1044.62,2025-10
506392,2024-10-02,East,Smart Blinds,Rep B,Inbound Call,4,1041.79,4167.16,2024-10
506393,2024-04-03,East,Outdoor Shades,Rep D,Inbound Call,5,670.3,3351.5,2024-04
506394,2025-08-02,Midwest,Outdoor Shades,Rep E,Canvassing,1,658.79,658.79,2025-08
506395,2025-04-29,West,Window Treatments,Rep E,Referral,2,870.14,1740.28,2025-04
506396,2024-05-26,South,Window Treatments,Rep A,Website,2,505.44,1010.88,2024-05
506397,2025-08-21,East,Window Treatments,Rep C,Website,3,209.02,627.06,2025-08
506398,2024-02-04,Midwest,Window Treatments,Rep A,Partner,3,893.27,2679.81,2024-02
506399,2025-04-08,East,Window Treatments,Rep E,Website,5,958.08,4790.4,2025-04
506400,2025-09-03,South,Smart Blinds,Rep A,Referral,2,1092.53,2185.06,2025-09
506401,2024-10-18,Midwest,Outdoor Shades,Rep B,Website,3,1032.98,3098.94,2024-10
506402,2025-05-27,West,Outdoor Shades,Rep C,Inbound Call,5,284.52,1422.6,2025-05
506403,2024-08-05,South,Window Treatments,Rep B,Website,4,1060.75,4243.0,2024-08
506404,2025-03-25,Midwest,Window Treatments,Rep E,Website,1,666.37,666.37,2025-03
506405,2025-10-21,South,Window Treatments,Rep B,Partner,1,445.3,445.3,2025-10
506406,2024-08-19,West,Outdoor Shades,Rep E,Referral,1,322.78,322.78,2024-08
506407,2024-04-09,East,Window Treatments,Rep E,Website,1,1040.79,1040.79,2024-04
506408,2025-02-14,South,Outdoor Shades,Rep E,Referral,1,137.47,137.47,2025-02
506409,2025-05-05,West,Accessories,Rep C,Canvassing,2,409.78,819.56,2025-05
506410,2025-05-04,West,Accessories,Rep E,Referral,2,504.21,1008.42,2025-05
506411,2025-03-14,Midwest,Window Treatments,Rep D,Partner,3,898.08,2694.24,2025-03
506412,2024-05-19,Midwest,Smart Blinds,Rep B,Referral,3,478.81,1436.43,2024-05
506413,2025-06-19,South,Outdoor Shades,Rep C,Referral,3,958.31,2874.93,2025-06
506414,2024-02-17,East,Window Treatments,Rep A,Canvassing,3,390.25,1170.75,2024-02
506415,2024-08-01,West,Window Treatments,Rep D,Canvassing,2,515.82,1031.64,2024-08
506416,2025-08-31,West,Smart Blinds,Rep A,Canvassing,3,214.64,643.92,2025-08
506417,2024-04-19,South,Window Treatments,Rep E,Inbound Call,2,287.18,574.36,2024-04
506418,2025-06-20,East,Accessories,Rep A,Inbound Call,3,701.5,2104.5,2025-06
506419,2024-05-22,West,Outdoor Shades,Rep C,Referral,2,142.27,284.54,2024-05
506420,2025-07-21,East,Outdoor Shades,Rep C,Inbound Call,3,605.27,1815.81,2025-07
506421,2024-10-08,South,Smart Blinds,Rep E,Referral,5,1012.75,5063.75,2024-10
506422,2024-12-05,Midwest,Accessories,Rep E,Inbound Call,2,760.16,1520.32,2024-12
506423,2024-01-29,Midwest,Outdoor Shades,Rep D,Inbound Call,1,552.07,552.07,2024-01
506424,2025-11-09,South,Outdoor Shades,Rep A,Website,1,154.65,154.65,2025-11
506425,2025-09-03,East,Outdoor Shades,Rep C,Website,2,638.74,1277.48,2025-09
506426,2025-04-22,South,Smart Blinds,Rep E,Referral,3,532.18,1596.54,2025-04
506427,2025-07-24,Midwest,Outdoor Shades,Rep A,Referral,5,602.01,3010.05,2025-07
506428,2025-11-06,West,Outdoor Shades,Rep E,Canvassing,2,805.07,1610.14,2025-11
506429,2024-04-23,Midwest,Smart Blinds,Rep A,Partner,4,384.44,1537.76,2024-04
506430,2025-01-15,East,Window Treatments,Rep E,Partner,5,602.14,3010.7,2025-01
506431,2024-05-17,South,Window Treatments,Rep C,Canvassing,5,192.84,964.2,2024-05
506432,2024-05-25,West,Outdoor Shades,Rep A,Inbound Call,3,179.51,538.53,2024-05
506433,2024-05-10,West,Smart Blinds,Rep B,Referral,4,183.57,734.28,2024-05
506434,2025-06-18,East,Window Treatments,Rep D,Website,4,553.57,2214.28,2025-06
506435,2024-11-29,East,Accessories,Rep E,Referral,4,868.23,3472.92,2024-11
506436,2025-12-02,South,Outdoor Shades,Rep B,Canvassing,4,844.16,3376.64,2025-12
506437,2025-11-13,West,Outdoor Shades,Rep E,Canvassing,5,1012.26,5061.3,2025-11
506438,2025-12-24,South,Outdoor Shades,Rep B,Website,3,675.61,2026.83,2025-12
506439,2025-01-17,Midwest,Outdoor Shades,Rep C,Referral,1,452.89,452.89,2025-01
506440,2025-12-12,East,Window Treatments,Rep D,Inbound Call,4,575.17,2300.68,2025-12
506441,2024-05-28,East,Accessories,Rep D,Website,4,238.07,952.28,2024-05
506442,2024-09-20,East,Accessories,Rep C,Referral,4,491.67,1966.68,2024-09
506443,2025-05-19,South,Smart Blinds,Rep A,Referral,5,766.71,3833.55,2025-05
506444,2024-06-17,West,Outdoor Shades,Rep E,Partner,4,523.59,2094.36,2024-06
506445,2024-05-22,East,Window Treatments,Rep E,Referral,3,322.13,966.39,2024-05
506446,2025-04-11,Midwest,Window Treatments,Rep E,Inbound Call,4,437.66,1750.64,2025-04
506447,2025-03-17,East,Outdoor Shades,Rep C,Website,2,414.27,828.54,2025-03
506448,2024-06-15,West,Window Treatments,Rep A,Canvassing,4,212.43,849.72,2024-06
506449,2025-08-27,Midwest,Smart Blinds,Rep A,Canvassing,2,1063.21,2126.42,2025-08
506450,2025-09-09,South,Smart Blinds,Rep E,Referral,1,787.18,787.18,2025-09
506451,2025-08-06,West,Outdoor Shades,Rep A,Canvassing,1,383.81,383.81,2025-08
506452,2024-01-20,South,Window Treatments,Rep C,Inbound Call,3,517.66,1552.98,2024-01
506453,2024-07-12,Midwest,Smart Blinds,Rep A,Canvassing,5,870.2,4351.0,2024-07
506454,2024-09-30,Midwest,Accessories,Rep A,Partner,5,954.26,4771.3,2024-09
506455,2025-10-03,East,Window Treatments,Rep E,Canvassing,1,953.32,953.32,2025-10
506456,2025-03-30,West,Outdoor Shades,Rep A,Website,4,827.75,3311.0,2025-03
506457,2024-11-21,West,Smart Blinds,Rep C,Website,4,443.83,1775.32,2024-11
506458,2024-09-03,South,Smart Blinds,Rep E,Canvassing,1,1019.99,1019.99,2024-09
506459,2024-03-27,West,Outdoor Shades,Rep B,Inbound Call,3,238.59,715.77,2024-03
506460,2024-05-15,East,Smart Blinds,Rep D,Website,3,932.04,2796.12,2024-05
506461,2025-03-22,East,Accessories,Rep E,Canvassing,1,470.06,470.06,2025-03
506462,2025-12-20,East,Window Treatments,Rep B,Inbound Call,2,650.26,1300.52,2025-12
506463,2025-05-03,East,Window Treatments,Rep C,Referral,3,938.91,2816.73,2025-05
506464,2025-05-23,South,Accessories,Rep E,Referral,1,947.17,947.17,2025-05
506465,2024-05-21,South,Window Treatments,Rep C,Website,3,206.2,618.6,2024-05
506466,2025-12-13,South,Window Treatments,Rep D,Partner,1,218.57,218.57,2025-12
506467,2024-05-24,East,Outdoor Shades,Rep E,Inbound Call,5,598.46,2992.3,2024-05
506468,2024-12-30,South,Accessories,Rep B,Referral,2,412.82,825.64,2024-12
506469,2024-12-05,Midwest,Outdoor Shades,Rep B,Partner,2,1035.62,2071.24,2024-12
506470,2024-03-11,Midwest,Window Treatments,Rep A,Referral,5,437.73,2188.65,2024-03
506471,2024-01-15,East,Smart Blinds,Rep A,Canvassing,1,304.47,304.47,2024-01
506472,2024-05-04,West,Window Treatments,Rep D,Website,3,684.42,2053.26,2024-05
506473,2025-07-12,South,Smart Blinds,Rep D,Canvassing,3,421.72,1265.16,2025-07
506474,2025-06-10,West,Smart Blinds,Rep D,Partner,3,336.42,1009.26,2025-06
506475,2025-09-29,Midwest,Smart Blinds,Rep C,Website,3,862.27,2586.81,2025-09
506476,2025-07-14,South,Window Treatments,Rep A,Inbound Call,3,258.29,774.87,2025-07
506477,2024-11-13,South,Window Treatments,Rep E,Partner,3,401.75,1205.25,2024-11
506478,2025-07-23,Midwest,Window Treatments,Rep A,Website,2,1053.52,2107.04,2025-07
506479,2024-11-11,East,Smart Blinds,Rep D,Partner,4,1056.7,4226.8,2024-11
506480,2025-04-23,West,Accessories,Rep D,Canvassing,2,217.26,434.52,2025-04
506481,2025-09-19,Midwest,Smart Blinds,Rep E,Partner,2,194.25,388.5,2025-09
506482,2024-11-30,West,Accessories,Rep A,Website,1,893.62,893.62,2024-11
506483,2024-10-23,West,Accessories,Rep C,Website,3,1065.71,3197.13,2024-10
506484,2025-06-27,West,Outdoor Shades,Rep E,Partner,5,367.45,1837.25,2025-06
506485,2024-11-16,Midwest,Window Treatments,Rep E,Partner,2,539.19,1078.38,2024-11
506486,2025-09-01,Midwest,Outdoor Shades,Rep C,Inbound Call,4,806.9,3227.6,2025-09
506487,2024-12-04,West,Outdoor Shades,Rep A,Referral,3,854.6,2563.8,2024-12
506488,2024-08-21,Midwest,Window Treatments,Rep B,Canvassing,1,519.31,519.31,2024-08
506489,2024-06-15,West,Outdoor Shades,Rep A,Partner,4,139.4,557.6,2024-06
506490,2025-06-25,South,Outdoor Shades,Rep E,Referral,4,1014.94,4059.76,2025-06
506491,2025-10-05,West,Accessories,Rep D,Inbound Call,4,1086.04,4344.16,2025-10
506492,2025-12-18,West,Window Treatments,Rep E,Website,5,948.08,4740.4,2025-12
506493,2025-07-12,West,Outdoor Shades,Rep E,Inbound Call,4,735.97,2943.88,2025-07
506494,2025-02-12,Midwest,Window Treatments,Rep A,Inbound Call,1,139.73,139.73,2025-02
506495,2024-03-14,East,Smart Blinds,Rep D,Referral,4,684.58,2738.32,2024-03
506496,2024-03-06,South,Accessories,Rep A,Inbound Call,2,831.56,1663.12,2024-03
506497,2024-06-22,West,Window Treatments,Rep C,Canvassing,1,323.77,323.77,2024-06
506498,2024-05-01,West,Window Treatments,Rep B,Referral,5,318.63,1593.15,2024-05
506499,2025-03-10,East,Outdoor Shades,Rep A,Inbound Call,5,975.87,4879.35,2025-03
506500,2025-10-31,West,Outdoor Shades,Rep D,Website,4,623.9,2495.6,2025-10
506501,2024-07-17,West,Smart Blinds,Rep B,Referral,1,276.77,276.77,2024-07
506502,2025-11-08,East,Window Treatments,Rep D,Website,2,790.52,1581.04,2025-11
506503,2025-11-03,South,Window Treatments,Rep A,Canvassing,4,1049.96,4199.84,2025-11
506504,2025-05-15,West,Outdoor Shades,Rep D,Canvassing,1,563.74,563.74,2025-05
506505,2024-07-01,South,Outdoor Shades,Rep E,Inbound Call,3,935.31,2805.93,2024-07
506506,2024-08-01,South,Window Treatments,Rep A,Inbound Call,5,363.14,1815.7,2024-08
506507,2024-01-25,West,Accessories,Rep C,Canvassing,4,537.58,2150.32,2024-01
506508,2025-07-26,West,Outdoor Shades,Rep C,Referral,3,412.96,1238.88,2025-07
506509,2025-11-28,Midwest,Outdoor Shades,Rep B,Referral,1,143.08,143.08,2025-11
506510,2025-05-18,East,Smart Blinds,Rep C,Referral,3,597.16,1791.48,2025-05
506511,2025-01-02,East,Window Treatments,Rep D,Canvassing,4,132.84,531.36,2025-01
506512,2025-07-16,Midwest,Window Treatments,Rep C,Partner,3,1071.65,3214.95,2025-07
506513,2025-06-22,East,Smart Blinds,Rep B,Website,2,753.31,1506.62,2025-06
506514,2025-06-18,South,Window Treatments,Rep E,Partner,2,309.45,618.9,2025-06
506515,2025-07-10,South,Outdoor Shades,Rep E,Website,5,403.44,2017.2,2025-07
506516,2025-08-19,Midwest,Window Treatments,Rep D,Referral,2,267.2,534.4,2025-08
506517,2024-10-05,South,Window Treatments,Rep D,Canvassing,5,815.53,4077.65,2024-10
506518,2024-12-21,South,Window Treatments,Rep C,Canvassing,3,438.65,1315.95,2024-12
506519,2025-01-16,West,Window Treatments,Rep D,Partner,1,357.62,357.62,2025-01
506520,2025-08-27,South,Smart Blinds,Rep E,Canvassing,2,523.15,1046.3,2025-08
506521,2024-04-29,East,Window Treatments,Rep A,Website,4,800.9,3203.6,2024-04
506522,2025-12-31,Midwest,Window Treatments,Rep C,Inbound Call,5,659.29,3296.45,2025-12
506523,2024-04-15,South,Window Treatments,Rep E,Canvassing,3,611.33,1833.99,2024-04
506524,2025-02-04,West,Outdoor Shades,Rep E,Inbound Call,2,341.46,682.92,2025-02
506525,2024-07-22,East,Outdoor Shades,Rep C,Canvassing,5,270.86,1354.3,2024-07
506526,2024-01-10,East,Window Treatments,Rep B,Inbound Call,4,664.23,2656.92,2024-01
506527,2024-09-11,South,Outdoor Shades,Rep D,Partner,4,1022.79,4091.16,2024-09
506528,2024-09-23,South,Window Treatments,Rep B,Inbound Call,3,252.16,756.48,2024-09
506529,2025-03-01,East,Accessories,Rep D,Website,4,496.44,1985.76,2025-03
506530,2025-07-14,South,Smart Blinds,Rep E,Inbound Call,1,600.8,600.8,2025-07
506531,2025-11-26,South,Window Treatments,Rep C,Website,4,912.21,3648.84,2025-11
506532,2025-06-10,South,Accessories,Rep C,Partner,3,224.17,672.51,2025-06
506533,2024-03-02,West,Outdoor Shades,Rep C,Website,5,609.62,3048.1,2024-03
506534,2024-06-24,West,Window Treatments,Rep B,Inbound Call,1,951.21,951.21,2024-06
506535,2025-02-28,Midwest,Window Treatments,Rep C,Partner,3,653.31,1959.93,2025-02
506536,2024-07-14,West,Smart Blinds,Rep C,Inbound Call,4,439.31,1757.24,2024-07
506537,2024-05-06,West,Outdoor Shades,Rep A,Partner,5,640.51,3202.55,2024-05
506538,2024-03-25,Midwest,Window Treatments,Rep B,Referral,2,591.97,1183.94,2024-03
506539,2025-07-09,South,Accessories,Rep C,Website,2,727.27,1454.54,2025-07
506540,2025-04-22,South,Smart Blinds,Rep D,Website,4,389.03,1556.12,2025-04
506541,2024-06-29,South,Window Treatments,Rep D,Inbound Call,5,959.79,4798.95,2024-06
506542,2025-02-07,South,Outdoor Shades,Rep E,Inbound Call,4,747.64,2990.56,2025-02
506543,2025-01-07,South,Window Treatments,Rep A,Canvassing,1,744.04,744.04,2025-01
506544,2025-04-01,South,Window Treatments,Rep A,Partner,4,445.09,1780.36,2025-04
506545,2025-07-08,Midwest,Outdoor Shades,Rep B,Referral,2,505.16,1010.32,2025-07
506546,2025-11-20,Midwest,Window Treatments,Rep D,Inbound Call,4,328.83,1315.32,2025-11
506547,2025-10-10,East,Smart Blinds,Rep D,Partner,3,387.96,1163.88,2025-10
506548,2024-06-22,East,Outdoor Shades,Rep A,Canvassing,1,842.02,842.02,2024-06
506549,2024-04-28,East,Smart Blinds,Rep D,Partner,3,819.34,2458.02,2024-04
506550,2024-12-12,South,Smart Blinds,Rep D,Referral,3,675.22,2025.66,2024-12
506551,2025-09-28,East,Outdoor Shades,Rep D,Canvassing,2,956.82,1913.64,2025-09
506552,2024-01-05,South,Accessories,Rep A,Partner,3,712.44,2137.32,2024-01
506553,2024-02-22,South,Accessories,Rep E,Website,5,403.5,2017.5,2024-02
506554,2024-06-12,East,Outdoor Shades,Rep D,Canvassing,4,344.65,1378.6,2024-06
506555,2024-09-12,West,Smart Blinds,Rep C,Referral,2,443.24,886.48,2024-09
506556,2025-03-03,East,Window Treatments,Rep E,Website,5,1016.71,5083.55,2025-03
506557,2024-02-28,West,Outdoor Shades,Rep A,Inbound Call,5,869.54,4347.7,2024-02
506558,2025-11-30,East,Outdoor Shades,Rep B,Canvassing,5,923.44,4617.2,2025-11
506559,2025-05-03,Midwest,Outdoor Shades,Rep E,Partner,2,127.98,255.96,2025-05
506560,2025-10-02,Midwest,Smart Blinds,Rep E,Partner,3,926.39,2779.17,2025-10
506561,2024-06-24,South,Window Treatments,Rep D,Canvassing,2,320.06,640.12,2024-06
506562,2025-01-05,Midwest,Smart Blinds,Rep B,Inbound Call,3,303.4,910.2,2025-01
506563,2024-02-17,East,Outdoor Shades,Rep D,Partner,4,532.65,2130.6,2024-02
506564,2025-01-30,West,Window Treatments,Rep C,Website,1,604.39,604.39,2025-01
506565,2025-08-19,South,Outdoor Shades,Rep A,Website,3,884.43,2653.29,2025-08
506566,2025-08-24,West,Window Treatments,Rep D,Referral,1,855.19,855.19,2025-08
506567,2025-01-30,South,Window Treatments,Rep E,Website,2,904.32,1808.64,2025-01
506568,2025-01-23,West,Outdoor Shades,Rep E,Inbound Call,1,653.64,653.64,2025-01
506569,2024-07-14,East,Window Treatments,Rep C,Inbound Call,1,597.69,597.69,2024-07
506570,2025-04-15,Midwest,Smart Blinds,Rep D,Partner,4,782.3,3129.2,2025-04
506571,2024-03-31,South,Accessories,Rep C,Referral,5,408.2,2041.0,2024-03
506572,2024-11-29,West,Outdoor Shades,Rep C,Inbound Call,4,1067.42,4269.68,2024-11
506573,2025-07-29,Midwest,Accessories,Rep D,Partner,2,205.83,411.66,2025-07
506574,2025-03-03,South,Outdoor Shades,Rep E,Referral,3,800.09,2400.27,2025-03
506575,2025-08-02,South,Window Treatments,Rep E,Inbound Call,2,177.32,354.64,2025-08
506576,2024-03-08,Midwest,Outdoor Shades,Rep C,Canvassing,3,1077.61,3232.83,2024-03
506577,2025-04-06,East,Window Treatments,Rep E,Referral,2,356.74,713.48,2025-04
506578,2024-06-15,West,Outdoor Shades,Rep E,Website,4,183.11,732.44,2024-06
506579,2024-05-08,Midwest,Smart Blinds,Rep A,Website,5,1093.53,5467.65,2024-05
506580,2025-09-28,South,Window Treatments,Rep E,Inbound Call,3,547.7,1643.1,2025-09
506581,2025-10-18,South,Accessories,Rep D,Inbound Call,3,799.96,2399.88,2025-10
506582,2024-09-11,West,Accessories,Rep A,Partner,4,750.48,3001.92,2024-09
506583,2024-02-28,South,Smart Blinds,Rep D,Referral,4,803.82,3215.28,2024-02
506584,2024-05-29,South,Smart Blinds,Rep D,Referral,4,586.81,2347.24,2024-05
506585,2024-03-09,South,Accessories,Rep A,Inbound Call,2,247.29,494.58,2024-03
506586,2025-07-01,South,Window Treatments,Rep E,Canvassing,2,873.72,1747.44,2025-07
506587,2025-06-18,East,Window Treatments,Rep B,Inbound Call,2,332.53,665.06,2025-06
506588,2025-09-29,Midwest,Outdoor Shades,Rep B,Partner,5,417.15,2085.75,2025-09
506589,2024-05-29,Midwest,Outdoor Shades,Rep A,Website,4,951.98,3807.92,2024-05
506590,2025-08-11,South,Accessories,Rep D,Partner,2,210.64,421.28,2025-08
506591,2024-03-30,Midwest,Window Treatments,Rep C,Partner,5,610.67,3053.35,2024-03
506592,2024-09-27,Midwest,Accessories,Rep B,Referral,4,910.71,3642.84,2024-09
506593,2025-09-28,Midwest,Outdoor Shades,Rep A,Inbound Call,1,570.25,570.25,2025-09
506594,2024-01-06,West,Outdoor Shades,Rep B,Website,3,996.16,2988.48,2024-01
506595,2024-09-04,East,Window Treatments,Rep B,Canvassing,3,252.34,757.02,2024-09
506596,2025-08-20,West,Accessories,Rep D,Inbound Call,1,218.05,218.05,2025-08
506597,2024-03-15,Midwest,Outdoor Shades,Rep C,Canvassing,5,834.8,4174.0,2024-03
506598,2024-06-26,Midwest,Accessories,Rep D,Partner,3,544.77,1634.31,2024-06
506599,2024-07-13,East,Smart Blinds,Rep A,Inbound Call,3,365.05,1095.15,2024-07
506600,2025-01-25,Midwest,Smart Blinds,Rep E,Canvassing,2,169.95,339.9,2025-01
506601,2024-06-17,West,Outdoor Shades,Rep A,Website,3,704.67,2114.01,2024-06
506602,2024-10-22,South,Outdoor Shades,Rep D,Inbound Call,5,1039.94,5199.7,2024-10
506603,2025-06-22,East,Outdoor Shades,Rep C,Inbound Call,5,979.12,4895.6,2025-06
506604,2025-05-03,West,Window Treatments,Rep C,Partner,1,142.82,142.82,2025-05
506605,2024-07-05,South,Window Treatments,Rep A,Partner,5,430.37,2151.85,2024-07
506606,2024-05-27,West,Outdoor Shades,Rep B,Canvassing,4,1079.17,4316.68,2024-05
506607,2024-06-18,East,Smart Blinds,Rep B,Partner,4,523.13,2092.52,2024-06
506608,2024-09-19,Midwest,Outdoor Shades,Rep C,Website,1,152.41,152.41,2024-09
506609,2024-07-31,West,Window Treatments,Rep E,Website,2,355.11,710.22,2024-07
506610,2024-04-20,West,Window Treatments,Rep C,Referral,3,755.21,2265.63,2024-04
506611,2024-06-30,South,Window Treatments,Rep C,Inbound Call,2,338.51,677.02,2024-06
506612,2024-08-15,Midwest,Smart Blinds,Rep E,Website,5,541.23,2706.15,2024-08
506613,2025-11-27,South,Smart Blinds,Rep B,Website,3,853.29,2559.87,2025-11
506614,2025-12-29,West,Outdoor Shades,Rep D,Referral,3,389.93,1169.79,2025-12
506615,2025-02-07,South,Outdoor Shades,Rep E,Partner,1,1060.58,1060.58,2025-02
506616,2024-05-15,West,Smart Blinds,Rep A,Website,1,436.44,436.44,2024-05
506617,2024-08-14,Midwest,Window Treatments,Rep C,Website,2,361.73,723.46,2024-08
506618,2025-01-27,West,Accessories,Rep D,Referral,4,518.92,2075.68,2025-01
506619,2024-01-04,East,Window Treatments,Rep E,Partner,1,969.37,969.37,2024-01
506620,2024-09-12,Midwest,Window Treatments,Rep A,Website,3,799.18,2397.54,2024-09
506621,2024-03-16,West,Outdoor Shades,Rep E,Inbound Call,3,729.51,2188.53,2024-03
506622,2024-12-10,East,Outdoor Shades,Rep E,Partner,2,936.7,1873.4,2024-12
506623,2025-06-24,South,Window Treatments,Rep E,Referral,3,674.55,2023.65,2025-06
506624,2025-11-27,West,Smart Blinds,Rep A,Canvassing,4,263.62,1054.48,2025-11
506625,2025-06-16,South,Outdoor Shades,Rep B,Inbound Call,2,684.47,1368.94,2025-06
506626,2024-12-13,West,Outdoor Shades,Rep A,Inbound Call,3,983.03,2949.09,2024-12
506627,2024-10-10,Midwest,Window Treatments,Rep C,Website,1,1091.62,1091.62,2024-10
506628,2025-11-16,South,Window Treatments,Rep E,Website,5,148.72,743.6,2025-11
506629,2025-08-17,Midwest,Accessories,Rep B,Website,1,233.2,233.2,2025-08
506630,2025-11-30,East,Window Treatments,Rep A,Referral,3,886.07,2658.21,2025-11
506631,2025-12-26,South,Window Treatments,Rep C,Referral,1,1095.08,1095.08,2025-12
506632,2025-06-28,East,Window Treatments,Rep B,Website,2,291.13,582.26,2025-06
506633,2024-08-14,Midwest,Outdoor Shades,Rep B,Referral,2,793.89,1587.78,2024-08
506634,2024-02-26,East,Smart Blinds,Rep B,Canvassing,3,638.71,1916.13,2024-02
506635,2025-01-07,South,Window Treatments,Rep C,Website,1,636.09,636.09,2025-01
506636,2025-02-22,South,Window Treatments,Rep B,Referral,3,141.01,423.03,2025-02
506637,2024-11-05,Midwest,Accessories,Rep C,Referral,1,743.62,743.62,2024-11
506638,2025-05-16,South,Smart Blinds,Rep E,Referral,4,965.8,3863.2,2025-05
506639,2024-12-26,West,Smart Blinds,Rep C,Inbound Call,2,208.14,416.28,2024-12
506640,2024-09-23,West,Outdoor Shades,Rep C,Website,5,423.42,2117.1,2024-09
506641,2024-05-12,Midwest,Outdoor Shades,Rep A,Inbound Call,2,417.36,834.72,2024-05
506642,2025-04-12,West,Smart Blinds,Rep A,Website,2,619.57,1239.14,2025-04
506643,2025-09-01,South,Smart Blinds,Rep E,Inbound Call,2,598.46,1196.92,2025-09
506644,2024-08-04,West,Outdoor Shades,Rep B,Partner,5,666.87,3334.35,2024-08
506645,2024-12-26,Midwest,Accessories,Rep C,Referral,2,685.21,1370.42,2024-12
506646,2024-09-13,South,Accessories,Rep C,Website,3,147.3,441.9,2024-09
506647,2025-06-29,West,Outdoor Shades,Rep D,Partner,4,688.03,2752.12,2025-06
506648,2024-03-06,South,Window Treatments,Rep C,Referral,3,904.78,2714.34,2024-03
506649,2025-01-07,West,Window Treatments,Rep B,Canvassing,5,969.0,4845.0,2025-01
506650,2024-02-26,West,Outdoor Shades,Rep B,Website,4,923.56,3694.24,2024-02
506651,2025-11-10,East,Outdoor Shades,Rep E,Partner,1,210.29,210.29,2025-11
506652,2024-02-07,South,Smart Blinds,Rep D,Website,4,949.71,3798.84,2024-02
506653,2024-04-17,East,Smart Blinds,Rep B,Canvassing,3,895.98,2687.94,2024-04
506654,2025-04-06,West,Outdoor Shades,Rep C,Website,1,886.44,886.44,2025-04
506655,2024-03-18,East,Window Treatments,Rep A,Canvassing,3,887.45,2662.35,2024-03
506656,2025-12-03,Midwest,Window Treatments,Rep D,Partner,3,149.68,449.04,2025-12
506657,2025-03-31,East,Smart Blinds,Rep B,Referral,3,388.57,1165.71,2025-03
506658,2024-02-01,East,Smart Blinds,Rep A,Inbound Call,4,545.93,2183.72,2024-02
506659,2024-05-12,South,Smart Blinds,Rep B,Partner,1,363.25,363.25,2024-05
506660,2025-08-21,West,Outdoor Shades,Rep E,Partner,1,552.82,552.82,2025-08
506661,2024-07-08,East,Outdoor Shades,Rep C,Website,5,464.59,2322.95,2024-07
506662,2024-02-12,South,Accessories,Rep A,Canvassing,5,885.28,4426.4,2024-02
506663,2025-06-13,West,Smart Blinds,Rep A,Website,5,252.96,1264.8,2025-06
506664,2025-03-13,Midwest,Smart Blinds,Rep A,Canvassing,2,284.63,569.26,2025-03
506665,2024-10-22,Midwest,Window Treatments,Rep B,Inbound Call,2,808.31,1616.62,2024-10
506666,2024-07-01,West,Outdoor Shades,Rep C,Website,2,657.47,1314.94,2024-07
506667,2024-02-16,East,Outdoor Shades,Rep E,Canvassing,3,686.78,2060.34,2024-02
506668,2025-02-09,South,Window Treatments,Rep E,Partner,5,367.57,1837.85,2025-02
506669,2025-10-26,East,Outdoor Shades,Rep E,Website,5,201.16,1005.8,2025-10
506670,2024-01-21,South,Accessories,Rep E,Partner,2,160.36,320.72,2024-01
506671,2024-01-09,West,Smart Blinds,Rep C,Inbound Call,4,247.31,989.24,2024-01
506672,2025-04-01,Midwest,Window Treatments,Rep C,Referral,1,814.46,814.46,2025-04
506673,2024-10-29,Midwest,Window Treatments,Rep A,Referral,4,769.4,3077.6,2024-10
506674,2025-12-06,Midwest,Smart Blinds,Rep A,Referral,4,383.23,1532.92,2025-12
506675,2024-12-03,East,Outdoor Shades,Rep B,Website,5,515.24,2576.2,2024-12
506676,2024-11-11,West,Window Treatments,Rep D,Referral,1,936.73,936.73,2024-11
506677,2024-01-13,South,Accessories,Rep D,Canvassing,5,537.92,2689.6,2024-01
506678,2024-01-10,West,Outdoor Shades,Rep B,Website,3,755.86,2267.58,2024-01
506679,2024-10-23,South,Accessories,Rep C,Canvassing,2,504.7,1009.4,2024-10
506680,2024-11-25,West,Smart Blinds,Rep E,Canvassing,4,809.67,3238.68,2024-11
506681,2025-08-30,South,Window Treatments,Rep C,Inbound Call,2,876.17,1752.34,2025-08
506682,2025-07-07,Midwest,Outdoor Shades,Rep A,Canvassing,1,354.06,354.06,2025-07
506683,2024-08-13,West,Window Treatments,Rep C,Website,3,227.88,683.64,2024-08
506684,2024-09-18,Midwest,Smart Blinds,Rep E,Partner,4,432.8,1731.2,2024-09
506685,2025-07-05,South,Window Treatments,Rep E,Inbound Call,5,713.17,3565.85,2025-07
506686,2024-08-30,West,Outdoor Shades,Rep E,Website,3,503.3,1509.9,2024-08
506687,2025-10-30,East,Smart Blinds,Rep E,Website,4,874.38,3497.52,2025-10
506688,2024-03-09,Midwest,Smart Blinds,Rep B,Canvassing,3,760.7,2282.1,2024-03
506689,2024-04-18,South,Smart Blinds,Rep E,Partner,5,573.3,2866.5,2024-04
506690,2025-05-02,West,Outdoor Shades,Rep B,Website,5,1095.1,5475.5,2025-05
506691,2025-04-08,South,Accessories,Rep C,Inbound Call,3,318.85,956.55,2025-04
506692,2025-04-18,Midwest,Outdoor Shades,Rep B,Inbound Call,2,401.44,802.88,2025-04
506693,2024-09-28,Midwest,Window Treatments,Rep D,Website,2,673.98,1347.96,2024-09
506694,2024-10-05,East,Outdoor Shades,Rep D,Partner,2,316.33,632.66,2024-10
506695,2025-05-13,South,Accessories,Rep E,Inbound Call,3,1069.39,3208.17,2025-05
506696,2025-07-14,Midwest,Smart Blinds,Rep E,Partner,4,537.55,2150.2,2025-07
506697,2025-11-19,South,Accessories,Rep A,Website,2,905.68,1811.36,2025-11
506698,2024-01-24,West,Window Treatments,Rep B,Inbound Call,5,780.61,3903.05,2024-01
506699,2024-01-14,West,Window Treatments,Rep A,Inbound Call,4,947.06,3788.24,2024-01
506700,2024-12-09,Midwest,Outdoor Shades,Rep B,Inbound Call,3,1016.18,3048.54,2024-12
506701,2025-11-16,Midwest,Outdoor Shades,Rep E,Referral,2,420.74,841.48,2025-11
506702,2025-01-08,East,Window Treatments,Rep A,Partner,5,570.56,2852.8,2025-01
506703,2025-09-20,Midwest,Outdoor Shades,Rep A,Website,1,442.36,442.36,2025-09
506704,2024-12-22,Midwest,Smart Blinds,Rep A,Referral,2,1077.81,2155.62,2024-12
506705,2024-08-19,West,Window Treatments,Rep B,Website,4,921.87,3687.48,2024-08
506706,2025-09-06,East,Outdoor Shades,Rep D,Canvassing,2,287.35,574.7,2025-09
506707,2025-12-26,Midwest,Smart Blinds,Rep E,Inbound Call,5,513.65,2568.25,2025-12
506708,2024-04-24,East,Smart Blinds,Rep E,Canvassing,4,1099.81,4399.24,2024-04
506709,2024-05-05,South,Window Treatments,Rep B,Canvassing,2,242.16,484.32,2024-05
506710,2025-12-20,Midwest,Window Treatments,Rep B,Inbound Call,2,652.16,1304.32,2025-12
506711,2025-07-01,East,Smart Blinds,Rep E,Website,3,656.65,1969.95,2025-07
506712,2025-05-15,West,Window Treatments,Rep C,Website,4,216.59,866.36,2025-05
506713,2025-08-20,South,Window Treatments,Rep E,Website,1,1004.78,1004.78,2025-08
506714,2025-02-27,South,Smart Blinds,Rep E,Website,4,899.47,3597.88,2025-02
506715,2024-08-11,South,Window Treatments,Rep D,Partner,3,809.36,2428.08,2024-08
506716,2024-07-25,West,Outdoor Shades,Rep A,Partner,1,523.4,523.4,2024-07
506717,2025-04-15,Midwest,Smart Blinds,Rep D,Inbound Call,4,1004.16,4016.64,2025-04
506718,2025-08-01,Midwest,Accessories,Rep E,Referral,2,1083.85,2167.7,2025-08
506719,2025-05-18,Midwest,Window Treatments,Rep A,Partner,2,513.98,1027.96,2025-05
506720,2025-06-23,South,Window Treatments,Rep C,Inbound Call,2,441.41,882.82,2025-06
506721,2025-12-28,East,Accessories,Rep E,Inbound Call,4,941.81,3767.24,2025-12
506722,2025-07-02,West,Window Treatments,Rep A,Inbound Call,2,261.34,522.68,2025-07
506723,2025-09-05,South,Accessories,Rep A,Partner,5,911.96,4559.8,2025-09
506724,2025-04-29,East,Smart Blinds,Rep E,Referral,1,967.95,967.95,2025-04
506725,2025-05-08,West,Smart Blinds,Rep E,Referral,1,606.57,606.57,2025-05
506726,2024-02-24,West,Window Treatments,Rep A,Inbound Call,4,372.18,1488.72,2024-02
506727,2024-01-27,South,Smart Blinds,Rep D,Canvassing,3,638.92,1916.76,2024-01
506728,2024-06-19,West,Outdoor Shades,Rep D,Canvassing,1,175.93,175.93,2024-06
506729,2025-10-16,South,Outdoor Shades,Rep C,Canvassing,2,676.81,1353.62,2025-10
506730,2025-06-09,East,Outdoor Shades,Rep C,Referral,1,587.01,587.01,2025-06
506731,2025-09-03,Midwest,Accessories,Rep C,Referral,4,342.21,1368.84,2025-09
506732,2024-04-17,West,Outdoor Shades,Rep A,Canvassing,5,682.34,3411.7,2024-04
506733,2024-08-31,South,Outdoor Shades,Rep B,Inbound Call,4,811.65,3246.6,2024-08
506734,2025-11-03,West,Window Treatments,Rep C,Partner,5,837.15,4185.75,2025-11
506735,2025-08-01,West,Smart Blinds,Rep C,Inbound Call,5,707.62,3538.1,2025-08
506736,2025-02-01,West,Window Treatments,Rep C,Website,4,471.15,1884.6,2025-02
506737,2025-04-04,West,Smart Blinds,Rep C,Partner,1,742.85,742.85,2025-04
506738,2025-07-10,West,Accessories,Rep D,Canvassing,4,351.89,1407.56,2025-07
506739,2025-10-04,South,Window Treatments,Rep A,Inbound Call,4,899.84,3599.36,2025-10
506740,2024-10-13,West,Outdoor Shades,Rep B,Inbound Call,3,212.24,636.72,2024-10
506741,2024-11-19,South,Window Treatments,Rep A,Canvassing,3,583.44,1750.32,2024-11
506742,2025-09-03,East,Outdoor Shades,Rep E,Partner,5,467.71,2338.55,2025-09
506743,2025-01-13,South,Window Treatments,Rep B,Canvassing,2,624.09,1248.18,2025-01
506744,2024-08-11,West,Smart Blinds,Rep B,Website,5,323.31,1616.55,2024-08
506745,2025-02-11,East,Smart Blinds,Rep C,Website,1,724.01,724.01,2025-02
506746,2024-08-21,South,Outdoor Shades,Rep E,Referral,1,766.38,766.38,2024-08
506747,2025-07-28,West,Smart Blinds,Rep E,Referral,3,669.58,2008.74,2025-07
506748,2025-01-30,East,Outdoor Shades,Rep C,Website,5,743.73,3718.65,2025-01
506749,2025-01-27,South,Smart Blinds,Rep A,Partner,4,914.51,3658.04,2025-01
506750,2025-11-26,East,Smart Blinds,Rep C,Website,3,641.72,1925.16,2025-11
506751,2025-02-19,West,Smart Blinds,Rep C,Canvassing,3,523.26,1569.78,2025-02
506752,2025-04-09,South,Outdoor Shades,Rep D,Partner,4,278.85,1115.4,2025-04
506753,2025-01-19,Midwest,Outdoor Shades,Rep E,Website,5,649.98,3249.9,2025-01
506754,2024-01-28,South,Outdoor Shades,Rep D,Canvassing,5,138.79,693.95,2024-01
506755,2025-04-23,South,Outdoor Shades,Rep A,Partner,4,470.28,1881.12,2025-04
506756,2024-07-11,East,Window Treatments,Rep A,Partner,2,471.91,943.82,2024-07
506757,2024-10-13,South,Outdoor Shades,Rep D,Referral,2,947.17,1894.34,2024-10
506758,2024-05-09,West,Window Treatments,Rep C,Partner,1,816.02,816.02,2024-05
506759,2025-03-20,West,Window Treatments,Rep D,Website,5,589.04,2945.2,2025-03
506760,2025-04-07,Midwest,Window Treatments,Rep B,Partner,2,123.32,246.64,2025-04
506761,2024-12-11,East,Accessories,Rep D,Canvassing,5,976.25,4881.25,2024-12
506762,2024-10-01,East,Window Treatments,Rep A,Website,4,408.34,1633.36,2024-10
506763,2024-05-01,South,Accessories,Rep A,Website,5,947.57,4737.85,2024-05
506764,2025-10-28,Midwest,Outdoor Shades,Rep B,Partner,3,581.58,1744.74,2025-10
506765,2025-03-07,Midwest,Window Treatments,Rep B,Referral,4,1040.97,4163.88,2025-03
506766,2025-02-22,East,Accessories,Rep A,Website,1,373.8,373.8,2025-02
506767,2025-06-03,South,Outdoor Shades,Rep A,Canvassing,4,277.75,1111.0,2025-06
506768,2025-04-05,Midwest,Window Treatments,Rep A,Inbound Call,2,797.22,1594.44,2025-04
506769,2025-03-26,Midwest,Smart Blinds,Rep B,Inbound Call,1,587.5,587.5,2025-03
506770,2024-08-13,South,Smart Blinds,Rep C,Partner,4,798.47,3193.88,2024-08
506771,2025-07-11,West,Smart Blinds,Rep E,Inbound Call,5,180.33,901.65,2025-07
506772,2025-09-03,Midwest,Accessories,Rep B,Inbound Call,5,147.74,738.7,2025-09
506773,2025-11-24,Midwest,Smart Blinds,Rep D,Canvassing,3,829.41,2488.23,2025-11
506774,2025-10-29,Midwest,Smart Blinds,Rep B,Referral,1,261.96,261.96,2025-10
506775,2024-12-28,South,Accessories,Rep E,Partner,5,368.36,1841.8,2024-12
506776,2025-08-10,West,Outdoor Shades,Rep A,Inbound Call,3,314.86,944.58,2025-08
506777,2024-08-01,East,Outdoor Shades,Rep C,Website,2,253.41,506.82,2024-08
506778,2024-12-01,East,Accessories,Rep C,Partner,2,776.99,1553.98,2024-12
506779,2024-06-07,Midwest,Window Treatments,Rep E,Inbound Call,2,169.86,339.72,2024-06
506780,2024-08-16,South,Window Treatments,Rep D,Inbound Call,1,522.64,522.64,2024-08
506781,2025-11-09,Midwest,Smart Blinds,Rep C,Referral,2,322.38,644.76,2025-11
506782,2025-08-07,Midwest,Window Treatments,Rep E,Referral,3,438.02,1314.06,2025-08
506783,2024-05-08,Midwest,Window Treatments,Rep D,Inbound Call,5,574.66,2873.3,2024-05
506784,2024-12-30,West,Outdoor Shades,Rep E,Canvassing,5,458.18,2290.9,2024-12
506785,2025-02-17,West,Accessories,Rep C,Inbound Call,3,470.23,1410.69,2025-02
506786,2025-04-06,Midwest,Window Treatments,Rep E,Canvassing,1,1071.43,1071.43,2025-04
506787,2025-11-30,South,Outdoor Shades,Rep B,Partner,5,1000.62,5003.1,2025-11
506788,2024-06-25,South,Smart Blinds,Rep D,Website,5,886.16,4430.8,2024-06
506789,2025-09-17,East,Window Treatments,Rep D,Canvassing,5,803.29,4016.45,2025-09
506790,2025-11-21,West,Outdoor Shades,Rep D,Canvassing,5,441.08,2205.4,2025-11
506791,2025-08-17,West,Window Treatments,Rep B,Referral,1,916.88,916.88,2025-08
506792,2025-08-23,South,Smart Blinds,Rep C,Canvassing,3,834.33,2502.99,2025-08
506793,2025-05-28,West,Window Treatments,Rep D,Referral,4,285.65,1142.6,2025-05
506794,2024-11-03,East,Window Treatments,Rep C,Partner,5,1064.64,5323.2,2024-11
506795,2024-09-15,Midwest,Outdoor Shades,Rep A,Partner,2,385.55,771.1,2024-09
506796,2025-05-29,Midwest,Outdoor Shades,Rep D,Website,5,180.31,901.55,2025-05
506797,2024-07-19,East,Smart Blinds,Rep A,Referral,2,441.6,883.2,2024-07
506798,2024-06-19,West,Outdoor Shades,Rep C,Partner,2,325.21,650.42,2024-06
506799,2025-05-03,West,Window Treatments,Rep E,Partner,1,877.25,877.25,2025-05
506800,2025-05-20,South,Smart Blinds,Rep C,Referral,5,1035.53,5177.65,2025-05
506801,2024-04-25,Midwest,Outdoor Shades,Rep D,Inbound Call,2,480.67,961.34,2024-04
506802,2024-03-21,South,Window Treatments,Rep D,Website,1,799.87,799.87,2024-03
506803,2025-05-03,South,Outdoor Shades,Rep E,Canvassing,4,1025.92,4103.68,2025-05
506804,2024-06-24,West,Smart Blinds,Rep D,Partner,4,643.3,2573.2,2024-06
506805,2025-01-03,East,Window Treatments,Rep B,Inbound Call,5,231.2,1156.0,2025-01
506806,2025-04-18,Midwest,Window Treatments,Rep D,Website,2,234.52,469.04,2025-04
506807,2024-08-18,Midwest,Window Treatments,Rep E,Canvassing,2,236.39,472.78,2024-08
506808,2025-06-27,South,Smart Blinds,Rep A,Website,1,925.25,925.25,2025-06
506809,2024-01-18,South,Accessories,Rep E,Canvassing,1,253.85,253.85,2024-01
506810,2024-08-19,Midwest,Outdoor Shades,Rep C,Referral,5,353.69,1768.45,2024-08
506811,2025-04-28,East,Window Treatments,Rep B,Partner,1,940.03,940.03,2025-04
506812,2025-06-19,Midwest,Smart Blinds,Rep B,Partner,1,129.53,129.53,2025-06
506813,2025-02-10,Midwest,Accessories,Rep E,Referral,1,176.86,176.86,2025-02
506814,2025-03-14,West,Outdoor Shades,Rep A,Inbound Call,1,974.92,974.92,2025-03
506815,2024-01-10,West,Outdoor Shades,Rep C,Canvassing,1,972.11,972.11,2024-01
506816,2025-09-22,Midwest,Smart Blinds,Rep E,Partner,2,375.15,750.3,2025-09
506817,2025-10-23,East,Outdoor Shades,Rep E,Inbound Call,1,191.4,191.4,2025-10
506818,2024-10-24,West,Window Treatments,Rep A,Inbound Call,4,144.59,578.36,2024-10
506819,2024-02-07,West,Outdoor Shades,Rep A,Inbound Call,5,161.3,806.5,2024-02
506820,2025-07-26,Midwest,Accessories,Rep A,Inbound Call,1,617.08,617.08,2025-07
506821,2025-05-06,Midwest,Accessories,Rep E,Partner,3,275.3,825.9,2025-05
506822,2024-08-13,Midwest,Outdoor Shades,Rep B,Partner,5,892.08,4460.4,2024-08
506823,2025-09-02,East,Window Treatments,Rep B,Canvassing,1,464.76,464.76,2025-09
506824,2024-12-02,West,Outdoor Shades,Rep B,Canvassing,4,808.28,3233.12,2024-12
506825,2024-07-10,West,Window Treatments,Rep B,Website,3,199.27,597.81,2024-07
506826,2024-06-01,South,Outdoor Shades,Rep A,Canvassing,2,397.15,794.3,2024-06
506827,2025-04-22,West,Window Treatments,Rep B,Referral,1,1031.7,1031.7,2025-04
506828,2024-02-20,West,Window Treatments,Rep E,Inbound Call,1,895.64,895.64,2024-02
506829,2025-05-09,South,Smart Blinds,Rep B,Partner,4,773.08,3092.32,2025-05
506830,2025-05-26,East,Window Treatments,Rep D,Referral,5,398.47,1992.35,2025-05
506831,2024-04-03,East,Outdoor Shades,Rep B,Canvassing,3,1028.22,3084.66,2024-04
506832,2024-10-16,South,Window Treatments,Rep C,Website,5,509.49,2547.45,2024-10
506833,2025-06-24,West,Window Treatments,Rep E,Referral,5,251.67,1258.35,2025-06
506834,2024-08-16,Midwest,Window Treatments,Rep B,Referral,1,253.03,253.03,2024-08
506835,2024-01-29,East,Window Treatments,Rep C,Partner,3,1030.95,3092.85,2024-01
506836,2025-10-31,South,Window Treatments,Rep A,Partner,3,934.86,2804.58,2025-10
506837,2024-03-21,East,Window Treatments,Rep C,Partner,4,516.94,2067.76,2024-03
506838,2024-09-25,West,Outdoor Shades,Rep E,Referral,5,671.89,3359.45,2024-09
506839,2024-05-11,South,Smart Blinds,Rep A,Partner,5,386.46,1932.3,2024-05
506840,2025-03-24,West,Smart Blinds,Rep B,Partner,1,205.59,205.59,2025-03
506841,2024-05-17,South,Window Treatments,Rep C,Partner,4,735.67,2942.68,2024-05
506842,2024-07-20,Midwest,Window Treatments,Rep D,Referral,1,872.41,872.41,2024-07
506843,2024-02-25,East,Outdoor Shades,Rep E,Canvassing,5,553.15,2765.75,2024-02
506844,2025-05-30,South,Smart Blinds,Rep D,Referral,5,571.42,2857.1,2025-05
506845,2024-04-08,East,Smart Blinds,Rep A,Partner,1,344.48,344.48,2024-04
506846,2024-10-05,South,Outdoor Shades,Rep A,Partner,1,1018.33,1018.33,2024-10
506847,2024-11-13,Midwest,Window Treatments,Rep E,Website,3,959.51,2878.53,2024-11
506848,2025-02-15,East,Window Treatments,Rep D,Website,1,594.55,594.55,2025-02
506849,2025-03-02,East,Outdoor Shades,Rep B,Referral,4,599.38,2397.52,2025-03
506850,2025-12-27,South,Accessories,Rep B,Inbound Call,2,661.76,1323.52,2025-12
506851,2025-08-18,South,Outdoor Shades,Rep A,Partner,5,214.8,1074.0,2025-08
506852,2024-02-26,East,Outdoor Shades,Rep C,Canvassing,5,1025.41,5127.05,2024-02
506853,2024-06-20,Midwest,Outdoor Shades,Rep C,Website,1,514.86,514.86,2024-06
506854,2024-11-07,South,Window Treatments,Rep B,Partner,1,751.37,751.37,2024-11
506855,2025-09-08,South,Outdoor Shades,Rep D,Canvassing,5,572.58,2862.9,2025-09
506856,2025-08-29,East,Smart Blinds,Rep B,Referral,1,1047.27,1047.27,2025-08
506857,2024-03-04,Midwest,Outdoor Shades,Rep B,Canvassing,4,984.55,3938.2,2024-03
506858,2025-01-31,South,Window Treatments,Rep A,Partner,4,378.78,1515.12,2025-01
506859,2024-03-09,South,Smart Blinds,Rep A,Inbound Call,1,438.72,438.72,2024-03
506860,2024-10-30,East,Outdoor Shades,Rep E,Referral,2,384.11,768.22,2024-10
506861,2025-07-20,West,Window Treatments,Rep D,Partner,5,274.26,1371.3,2025-07
506862,2025-07-17,East,Outdoor Shades,Rep D,Website,5,134.32,671.6,2025-07
506863,2025-03-29,West,Accessories,Rep B,Partner,5,877.09,4385.45,2025-03
506864,2025-10-22,Midwest,Window Treatments,Rep B,Referral,5,346.74,1733.7,2025-10
506865,2025-11-03,Midwest,Window Treatments,Rep D,Website,2,239.79,479.58,2025-11
506866,2025-06-30,Midwest,Outdoor Shades,Rep E,Inbound Call,3,823.07,2469.21,2025-06
506867,2025-01-26,East,Smart Blinds,Rep D,Website,3,815.47,2446.41,2025-01
506868,2025-06-10,Midwest,Outdoor Shades,Rep D,Referral,3,798.41,2395.23,2025-06
506869,2025-08-13,South,Window Treatments,Rep D,Website,3,622.8,1868.4,2025-08
506870,2025-04-01,West,Smart Blinds,Rep C,Partner,1,575.04,575.04,2025-04
506871,2025-01-28,West,Outdoor Shades,Rep D,Canvassing,2,283.83,567.66,2025-01
506872,2024-03-31,South,Outdoor Shades,Rep E,Partner,2,924.98,1849.96,2024-03
506873,2025-08-22,West,Accessories,Rep D,Canvassing,3,1097.47,3292.41,2025-08
506874,2025-02-20,East,Window Treatments,Rep B,Partner,2,528.37,1056.74,2025-02
506875,2024-01-04,South,Smart Blinds,Rep E,Inbound Call,4,373.91,1495.64,2024-01
506876,2025-12-26,East,Outdoor Shades,Rep D,Partner,3,449.57,1348.71,2025-12
506877,2024-08-07,East,Outdoor Shades,Rep E,Partner,4,474.44,1897.76,2024-08
506878,2025-02-13,South,Outdoor Shades,Rep C,Website,5,385.4,1927.0,2025-02
506879,2025-03-08,West,Accessories,Rep E,Inbound Call,2,593.9,1187.8,2025-03
506880,2024-02-20,East,Outdoor Shades,Rep D,Referral,1,692.1,692.1,2024-02
506881,2025-08-04,East,Window Treatments,Rep C,Canvassing,4,942.79,3771.16,2025-08
506882,2024-05-26,South,Accessories,Rep D,Inbound Call,3,1080.14,3240.42,2024-05
506883,2025-04-29,East,Window Treatments,Rep E,Website,5,710.06,3550.3,2025-04
506884,2024-05-30,East,Window Treatments,Rep B,Inbound Call,5,675.82,3379.1,2024-05
506885,2025-09-20,West,Window Treatments,Rep C,Website,4,490.77,1963.08,2025-09
506886,2025-01-26,South,Accessories,Rep A,Canvassing,3,357.43,1072.29,2025-01
506887,2024-06-22,West,Window Treatments,Rep D,Canvassing,1,874.64,874.64,2024-06
506888,2024-10-20,South,Window Treatments,Rep A,Partner,5,620.03,3100.15,2024-10
506889,2025-08-05,West,Window Treatments,Rep E,Website,2,625.86,1251.72,2025-08
506890,2025-01-18,Midwest,Window Treatments,Rep A,Referral,4,203.83,815.32,2025-01
506891,2024-10-22,South,Window Treatments,Rep E,Referral,5,1025.03,5125.15,2024-10
506892,2024-12-14,West,Window Treatments,Rep D,Partner,2,123.79,247.58,2024-12
506893,2025-05-27,East,Accessories,Rep D,Partner,1,783.53,783.53,2025-05
506894,2024-06-03,South,Window Treatments,Rep D,Partner,2,657.42,1314.84,2024-06
506895,2024-01-31,South,Window Treatments,Rep D,Referral,3,956.82,2870.46,2024-01
506896,2025-04-03,South,Window Treatments,Rep A,Canvassing,5,192.74,963.7,2025-04
506897,2024-12-28,South,Window Treatments,Rep E,Referral,5,316.05,1580.25,2024-12
506898,2024-03-18,East,Smart Blinds,Rep E,Website,4,716.12,2864.48,2024-03
506899,2024-11-12,East,Window Treatments,Rep D,Canvassing,3,928.06,2784.18,2024-11
506900,2024-12-30,East,Window Treatments,Rep A,Referral,1,234.03,234.03,2024-12
506901,2025-11-14,West,Accessories,Rep B,Partner,4,942.22,3768.88,2025-11
506902,2024-01-30,West,Outdoor Shades,Rep C,Website,5,680.97,3404.85,2024-01
506903,2025-03-13,South,Window Treatments,Rep E,Canvassing,3,659.37,1978.11,2025-03
506904,2024-03-15,Midwest,Window Treatments,Rep C,Partner,1,342.06,342.06,2024-03
506905,2024-02-22,East,Outdoor Shades,Rep A,Referral,4,965.63,3862.52,2024-02
506906,2024-09-07,Midwest,Accessories,Rep A,Website,4,964.98,3859.92,2024-09
506907,2024-12-31,West,Outdoor Shades,Rep B,Inbound Call,5,1053.69,5268.45,2024-12
506908,2025-08-30,East,Outdoor Shades,Rep A,Canvassing,3,405.27,1215.81,2025-08
506909,2025-06-12,Midwest,Outdoor Shades,Rep E,Inbound Call,1,472.68,472.68,2025-06
506910,2025-09-01,Midwest,Smart Blinds,Rep A,Referral,5,715.41,3577.05,2025-09
506911,2025-11-09,East,Outdoor Shades,Rep E,Inbound Call,5,696.12,3480.6,2025-11
506912,2025-01-30,South,Smart Blinds,Rep A,Inbound Call,1,858.76,858.76,2025-01
506913,2025-06-10,Midwest,Outdoor Shades,Rep B,Partner,2,777.67,1555.34,2025-06
506914,2025-08-09,East,Smart Blinds,Rep A,Website,2,966.64,1933.28,2025-08
506915,2024-12-03,South,Outdoor Shades,Rep B,Canvassing,4,997.03,3988.12,2024-12
506916,2025-06-15,South,Window Treatments,Rep C,Canvassing,3,753.27,2259.81,2025-06
506917,2024-10-05,South,Window Treatments,Rep B,Canvassing,3,269.56,808.68,2024-10
506918,2025-10-23,South,Accessories,Rep A,Website,4,772.85,3091.4,2025-10
506919,2024-06-01,South,Window Treatments,Rep A,Partner,2,407.5,815.0,2024-06
506920,2025-11-04,East,Outdoor Shades,Rep D,Partner,1,301.6,301.6,2025-11
506921,2025-05-02,Midwest,Smart Blinds,Rep B,Inbound Call,4,698.55,2794.2,2025-05
506922,2024-07-09,Midwest,Smart Blinds,Rep D,Website,2,580.32,1160.64,2024-07
506923,2025-03-12,West,Accessories,Rep D,Referral,2,292.14,584.28,2025-03
506924,2024-04-05,East,Outdoor Shades,Rep B,Canvassing,3,225.38,676.14,2024-04
506925,2025-01-27,South,Window Treatments,Rep B,Website,3,354.11,1062.33,2025-01
506926,2024-04-26,West,Smart Blinds,Rep D,Referral,3,710.53,2131.59,2024-04
506927,2024-08-12,South,Window Treatments,Rep E,Canvassing,4,862.64,3450.56,2024-08
506928,2025-08-27,South,Smart Blinds,Rep A,Website,5,987.31,4936.55,2025-08
506929,2025-04-08,South,Outdoor Shades,Rep E,Partner,4,308.61,1234.44,2025-04
506930,2024-12-04,West,Window Treatments,Rep A,Website,5,205.18,1025.9,2024-12
506931,2025-02-20,Midwest,Window Treatments,Rep A,Partner,2,135.44,270.88,2025-02
506932,2025-02-06,West,Accessories,Rep C,Referral,2,289.95,579.9,2025-02
506933,2024-08-22,West,Window Treatments,Rep D,Partner,4,575.4,2301.6,2024-08
506934,2024-11-27,South,Outdoor Shades,Rep D,Inbound Call,3,140.62,421.86,2024-11
506935,2025-01-01,East,Window Treatments,Rep C,Referral,1,714.63,714.63,2025-01
506936,2025-05-18,East,Outdoor Shades,Rep B,Canvassing,4,868.72,3474.88,2025-05
506937,2024-03-12,East,Accessories,Rep D,Partner,3,553.14,1659.42,2024-03
506938,2025-08-17,West,Window Treatments,Rep A,Inbound Call,3,984.04,2952.12,2025-08
506939,2025-05-10,East,Accessories,Rep C,Referral,3,808.09,2424.27,2025-05
506940,2025-08-03,South,Window Treatments,Rep B,Inbound Call,4,150.89,603.56,2025-08
506941,2024-04-16,South,Smart Blinds,Rep D,Website,1,982.02,982.02,2024-04
506942,2025-01-12,South,Window Treatments,Rep B,Canvassing,3,840.94,2522.82,2025-01
506943,2025-03-07,West,Smart Blinds,Rep D,Inbound Call,4,382.98,1531.92,2025-03
506944,2025-12-22,West,Window Treatments,Rep B,Partner,3,323.62,970.86,2025-12
506945,2024-10-16,West,Outdoor Shades,Rep D,Inbound Call,4,793.84,3175.36,2024-10
506946,2024-12-12,West,Accessories,Rep B,Referral,2,664.83,1329.66,2024-12
506947,2025-08-29,East,Smart Blinds,Rep E,Canvassing,3,279.85,839.55,2025-08
506948,2025-04-23,East,Smart Blinds,Rep A,Website,1,362.45,362.45,2025-04
506949,2024-04-14,South,Outdoor Shades,Rep A,Website,4,731.68,2926.72,2024-04
506950,2024-04-21,East,Smart Blinds,Rep C,Canvassing,2,549.34,1098.68,2024-04
506951,2024-05-05,South,Window Treatments,Rep D,Website,2,978.45,1956.9,2024-05
506952,2025-02-26,East,Window Treatments,Rep D,Canvassing,5,808.74,4043.7,2025-02
506953,2024-09-29,Midwest,Outdoor Shades,Rep C,Website,3,985.47,2956.41,2024-09
506954,2025-02-06,Midwest,Window Treatments,Rep E,Website,4,252.76,1011.04,2025-02
506955,2024-09-23,West,Accessories,Rep E,Partner,3,940.2,2820.6,2024-09
506956,2025-07-14,South,Window Treatments,Rep A,Partner,1,818.88,818.88,2025-07
506957,2025-07-08,West,Smart Blinds,Rep B,Website,5,694.85,3474.25,2025-07
506958,2024-10-14,Midwest,Window Treatments,Rep D,Website,3,136.74,410.22,2024-10
506959,2025-02-26,South,Smart Blinds,Rep E,Partner,3,593.62,1780.86,2025-02
506960,2025-01-13,East,Outdoor Shades,Rep E,Website,5,594.05,2970.25,2025-01
506961,2024-04-15,East,Outdoor Shades,Rep E,Canvassing,3,764.4,2293.2,2024-04
506962,2024-02-26,Midwest,Outdoor Shades,Rep C,Inbound Call,2,758.63,1517.26,2024-02
506963,2025-06-08,South,Window Treatments,Rep E,Canvassing,3,876.35,2629.05,2025-06
506964,2024-03-14,East,Window Treatments,Rep D,Website,3,795.89,2387.67,2024-03
506965,2025-06-25,Midwest,Window Treatments,Rep E,Referral,2,619.35,1238.7,2025-06
506966,2025-08-10,South,Outdoor Shades,Rep C,Inbound Call,1,983.22,983.22,2025-08
506967,2024-02-14,Midwest,Outdoor Shades,Rep A,Canvassing,3,1073.33,3219.99,2024-02
506968,2024-04-06,Midwest,Accessories,Rep A,Referral,4,787.9,3151.6,2024-04
506969,2024-10-29,Midwest,Smart Blinds,Rep D,Referral,3,234.57,703.71,2024-10
506970,2025-06-15,Midwest,Outdoor Shades,Rep C,Inbound Call,1,446.44,446.44,2025-06
506971,2025-07-21,East,Window Treatments,Rep D,Inbound Call,2,825.9,1651.8,2025-07
506972,2025-09-28,West,Window Treatments,Rep C,Partner,3,132.22,396.66,2025-09
506973,2025-11-11,West,Window Treatments,Rep C,Website,4,389.63,1558.52,2025-11
506974,2025-03-24,West,Accessories,Rep A,Partner,2,558.09,1116.18,2025-03
506975,2024-07-13,Midwest,Window Treatments,Rep A,Website,2,994.23,1988.46,2024-07
506976,2025-10-05,West,Outdoor Shades,Rep C,Website,5,305.18,1525.9,2025-10
506977,2025-03-14,West,Window Treatments,Rep A,Referral,5,857.37,4286.85,2025-03
506978,2024-10-16,Midwest,Accessories,Rep D,Website,4,403.77,1615.08,2024-10
506979,2024-05-21,West,Smart Blinds,Rep A,Inbound Call,2,812.32,1624.64,2024-05
506980,2024-11-23,Midwest,Window Treatments,Rep B,Partner,4,1094.64,4378.56,2024-11
506981,2025-09-17,West,Outdoor Shades,Rep B,Partner,2,685.37,1370.74,2025-09
506982,2025-06-24,South,Accessories,Rep B,Website,4,354.91,1419.64,2025-06
506983,2025-07-12,South,Outdoor Shades,Rep D,Referral,5,630.88,3154.4,2025-07
506984,2024-11-19,East,Window Treatments,Rep C,Website,1,322.34,322.34,2024-11
506985,2024-04-30,South,Smart Blinds,Rep A,Inbound Call,5,534.07,2670.35,2024-04
506986,2024-08-15,Midwest,Smart Blinds,Rep C,Canvassing,2,635.9,1271.8,2024-08
506987,2024-12-31,South,Window Treatments,Rep D,Inbound Call,1,801.73,801.73,2024-12
506988,2024-03-24,East,Outdoor Shades,Rep D,Inbound Call,4,286.18,1144.72,2024-03
506989,2025-02-21,West,Accessories,Rep D,Canvassing,5,133.57,667.85,2025-02
506990,2024-01-21,East,Outdoor Shades,Rep E,Website,2,945.38,1890.76,2024-01
506991,2025-03-30,West,Window Treatments,Rep E,Partner,5,1004.68,5023.4,2025-03
506992,2024-12-20,Midwest,Smart Blinds,Rep E,Inbound Call,1,1072.85,1072.85,2024-12
506993,2025-01-26,South,Window Treatments,Rep E,Canvassing,5,616.44,3082.2,2025-01
506994,2024-11-08,Midwest,Accessories,Rep A,Referral,4,490.08,1960.32,2024-11
506995,2024-05-23,East,Window Treatments,Rep A,Inbound Call,3,611.86,1835.58,2024-05
506996,2024-08-06,Midwest,Window Treatments,Rep E,Partner,5,337.54,1687.7,2024-08
506997,2025-09-05,Midwest,Smart Blinds,Rep C,Referral,4,820.54,3282.16,2025-09
506998,2024-05-09,West,Window Treatments,Rep B,Inbound Call,5,727.87,3639.35,2024-05
506999,2024-04-24,South,Accessories,Rep D,Canvassing,1,669.12,669.12,2024-04
507000,2024-01-13,Midwest,Accessories,Rep B,Referral,3,717.55,2152.65,2024-01
507001,2025-02-22,West,Outdoor Shades,Rep E,Partner,2,607.5,1215.0,2025-02
507002,2025-11-15,South,Window Treatments,Rep D,Referral,5,435.1,2175.5,2025-11
507003,2025-12-09,South,Window Treatments,Rep A,Partner,5,393.19,1965.95,2025-12
507004,2024-12-16,East,Window Treatments,Rep B,Website,3,265.29,795.87,2024-12
507005,2024-02-16,East,Outdoor Shades,Rep E,Inbound Call,5,1081.56,5407.8,2024-02
507006,2025-04-28,South,Smart Blinds,Rep D,Partner,5,1083.04,5415.2,2025-04
507007,2025-10-25,South,Outdoor Shades,Rep D,Partner,5,824.55,4122.75,2025-10
507008,2025-10-18,West,Outdoor Shades,Rep E,Referral,1,327.06,327.06,2025-10
507009,2025-05-29,East,Outdoor Shades,Rep D,Website,5,358.89,1794.45,2025-05
507010,2024-07-06,Midwest,Window Treatments,Rep A,Website,4,227.61,910.44,2024-07
507011,2024-09-29,Midwest,Smart Blinds,Rep B,Website,5,354.29,1771.45,2024-09
507012,2024-04-15,East,Smart Blinds,Rep B,Website,1,625.95,625.95,2024-04
507013,2024-11-26,South,Window Treatments,Rep C,Inbound Call,1,875.1,875.1,2024-11
507014,2025-07-08,Midwest,Accessories,Rep B,Partner,1,872.65,872.65,2025-07
507015,2025-10-07,East,Smart Blinds,Rep E,Referral,3,313.34,940.02,2025-10
507016,2025-12-09,South,Window Treatments,Rep A,Canvassing,3,856.36,2569.08,2025-12
507017,2024-12-13,West,Outdoor Shades,Rep E,Referral,5,213.92,1069.6,2024-12
507018,2024-12-29,Midwest,Window Treatments,Rep B,Website,4,167.2,668.8,2024-12
507019,2024-11-01,Midwest,Accessories,Rep E,Referral,3,349.44,1048.32,2024-11
507020,2024-01-25,South,Smart Blinds,Rep E,Inbound Call,2,415.87,831.74,2024-01
507021,2024-05-29,Midwest,Outdoor Shades,Rep C,Partner,5,618.79,3093.95,2024-05
507022,2025-12-29,Midwest,Accessories,Rep C,Inbound Call,1,825.84,825.84,2025-12
507023,2024-01-28,East,Window Treatments,Rep C,Website,1,764.43,764.43,2024-01
507024,2025-09-23,West,Smart Blinds,Rep B,Website,5,772.82,3864.1,2025-09
507025,2024-01-10,East,Smart Blinds,Rep E,Partner,1,978.98,978.98,2024-01
507026,2025-06-06,South,Window Treatments,Rep E,Canvassing,2,867.85,1735.7,2025-06
507027,2024-05-07,West,Smart Blinds,Rep B,Partner,1,240.74,240.74,2024-05
507028,2024-12-29,East,Window Treatments,Rep E,Inbound Call,3,896.53,2689.59,2024-12
507029,2024-05-06,Midwest,Outdoor Shades,Rep B,Referral,4,896.07,3584.28,2024-05
507030,2024-02-09,South,Smart Blinds,Rep B,Website,1,135.94,135.94,2024-02
507031,2025-06-09,Midwest,Smart Blinds,Rep B,Canvassing,2,430.61,861.22,2025-06
507032,2025-10-07,West,Window Treatments,Rep E,Website,5,300.41,1502.05,2025-10
507033,2025-02-21,Midwest,Window Treatments,Rep D,Website,5,469.67,2348.35,2025-02
507034,2024-02-04,West,Outdoor Shades,Rep C,Canvassing,2,481.43,962.86,2024-02
507035,2025-06-20,West,Window Treatments,Rep A,Inbound Call,2,419.12,838.24,2025-06
507036,2025-02-02,Midwest,Outdoor Shades,Rep D,Canvassing,4,967.67,3870.68,2025-02
507037,2025-07-25,East,Outdoor Shades,Rep B,Inbound Call,1,1057.18,1057.18,2025-07
507038,2024-05-16,South,Outdoor Shades,Rep E,Referral,1,364.77,364.77,2024-05
507039,2025-02-08,West,Outdoor Shades,Rep E,Referral,5,890.1,4450.5,2025-02
507040,2024-12-10,West,Window Treatments,Rep E,Inbound Call,3,1052.05,3156.15,2024-12
507041,2024-06-05,South,Window Treatments,Rep B,Website,4,127.25,509.0,2024-06
507042,2024-09-29,South,Accessories,Rep A,Partner,5,903.24,4516.2,2024-09
507043,2025-07-05,East,Window Treatments,Rep A,Inbound Call,2,521.13,1042.26,2025-07
507044,2024-03-23,East,Smart Blinds,Rep C,Inbound Call,2,825.9,1651.8,2024-03
507045,2024-06-15,Midwest,Window Treatments,Rep D,Inbound Call,4,1036.02,4144.08,2024-06
507046,2025-04-15,Midwest,Window Treatments,Rep E,Inbound Call,5,1047.49,5237.45,2025-04
507047,2025-04-16,South,Window Treatments,Rep B,Referral,3,846.99,2540.97,2025-04
507048,2025-02-11,East,Window Treatments,Rep A,Website,5,188.45,942.25,2025-02
507049,2025-11-26,South,Outdoor Shades,Rep C,Referral,2,417.41,834.82,2025-11
507050,2025-05-16,West,Window Treatments,Rep A,Inbound Call,3,524.27,1572.81,2025-05
507051,2024-05-08,West,Smart Blinds,Rep C,Website,4,982.66,3930.64,2024-05
507052,2025-03-21,East,Window Treatments,Rep D,Canvassing,3,518.78,1556.34,2025-03
507053,2025-03-14,South,Outdoor Shades,Rep B,Inbound Call,5,319.09,1595.45,2025-03
507054,2024-02-03,East,Window Treatments,Rep B,Referral,4,1033.53,4134.12,2024-02
507055,2024-03-08,West,Accessories,Rep B,Referral,4,730.92,2923.68,2024-03
507056,2024-12-14,East,Window Treatments,Rep A,Referral,1,928.44,928.44,2024-12
507057,2024-08-03,Midwest,Window Treatments,Rep D,Inbound Call,2,148.67,297.34,2024-08
507058,2025-10-26,South,Smart Blinds,Rep A,Website,5,768.15,3840.75,2025-10
507059,2025-02-20,West,Outdoor Shades,Rep C,Referral,2,535.29,1070.58,2025-02
507060,2024-02-21,East,Outdoor Shades,Rep A,Website,1,550.94,550.94,2024-02
507061,2025-11-07,West,Outdoor Shades,Rep B,Partner,1,443.0,443.0,2025-11
507062,2024-11-08,South,Window Treatments,Rep A,Referral,1,910.44,910.44,2024-11
507063,2024-08-07,East,Smart Blinds,Rep C,Referral,1,633.16,633.16,2024-08
507064,2025-04-09,Midwest,Accessories,Rep D,Website,5,406.8,2034.0,2025-04
507065,2024-08-21,South,Outdoor Shades,Rep C,Canvassing,2,287.64,575.28,2024-08
507066,2024-06-26,Midwest,Outdoor Shades,Rep E,Website,1,1090.35,1090.35,2024-06
507067,2025-05-09,South,Accessories,Rep A,Referral,3,939.76,2819.28,2025-05
507068,2025-04-19,East,Window Treatments,Rep C,Partner,5,368.94,1844.7,2025-04
507069,2024-01-12,West,Window Treatments,Rep D,Canvassing,4,670.24,2680.96,2024-01
507070,2025-01-08,South,Smart Blinds,Rep B,Canvassing,1,1049.83,1049.83,2025-01
507071,2024-08-06,Midwest,Outdoor Shades,Rep A,Partner,4,955.82,3823.28,2024-08
507072,2025-09-30,Midwest,Smart Blinds,Rep A,Canvassing,3,852.41,2557.23,2025-09
507073,2024-08-12,West,Accessories,Rep B,Referral,5,1016.05,5080.25,2024-08
507074,2025-07-19,South,Outdoor Shades,Rep E,Inbound Call,1,1081.84,1081.84,2025-07
507075,2025-10-23,South,Window Treatments,Rep A,Inbound Call,1,1069.85,1069.85,2025-10
507076,2024-07-29,Midwest,Window Treatments,Rep B,Inbound Call,5,493.36,2466.8,2024-07
507077,2024-10-13,South,Smart Blinds,Rep A,Website,2,758.11,1516.22,2024-10
507078,2024-01-10,East,Window Treatments,Rep A,Referral,1,160.34,160.34,2024-01
507079,2024-11-28,Midwest,Accessories,Rep D,Canvassing,3,886.98,2660.94,2024-11
507080,2025-07-26,Midwest,Outdoor Shades,Rep E,Referral,2,884.31,1768.62,2025-07
507081,2025-07-07,South,Outdoor Shades,Rep C,Canvassing,2,664.72,1329.44,2025-07
507082,2025-11-02,South,Window Treatments,Rep B,Canvassing,5,507.1,2535.5,2025-11
507083,2025-11-28,West,Window Treatments,Rep D,Inbound Call,5,695.48,3477.4,2025-11
507084,2025-03-08,South,Smart Blinds,Rep A,Canvassing,5,746.77,3733.85,2025-03
507085,2024-08-15,Midwest,Window Treatments,Rep D,Inbound Call,5,290.89,1454.45,2024-08
507086,2024-10-10,East,Smart Blinds,Rep D,Inbound Call,5,755.99,3779.95,2024-10
507087,2025-02-23,West,Window Treatments,Rep B,Inbound Call,1,382.22,382.22,2025-02
507088,2025-03-19,West,Outdoor Shades,Rep B,Website,1,405.25,405.25,2025-03
507089,2025-12-14,South,Outdoor Shades,Rep E,Referral,5,504.57,2522.85,2025-12
507090,2024-01-03,East,Outdoor Shades,Rep D,Referral,3,924.38,2773.14,2024-01
507091,2025-09-11,East,Smart Blinds,Rep A,Inbound Call,2,157.62,315.24,2025-09
507092,2025-12-06,Midwest,Window Treatments,Rep E,Partner,3,187.06,561.18,2025-12
507093,2025-08-23,East,Smart Blinds,Rep B,Referral,3,176.44,529.32,2025-08
507094,2024-01-03,East,Smart Blinds,Rep E,Partner,4,187.36,749.44,2024-01
507095,2024-03-26,Midwest,Smart Blinds,Rep D,Website,5,1013.14,5065.7,2024-03
507096,2025-01-21,East,Outdoor Shades,Rep E,Inbound Call,2,720.62,1441.24,2025-01
507097,2024-09-28,South,Outdoor Shades,Rep D,Website,1,761.69,761.69,2024-09
507098,2025-07-27,East,Window Treatments,Rep A,Website,3,666.59,1999.77,2025-07
507099,2024-10-09,West,Window Treatments,Rep B,Referral,3,512.76,1538.28,2024-10
507100,2024-04-09,South,Smart Blinds,Rep E,Website,4,483.92,1935.68,2024-04
507101,2025-06-18,East,Window Treatments,Rep E,Website,4,183.32,733.28,2025-06
507102,2025-12-30,Midwest,Smart Blinds,Rep C,Website,4,134.48,537.92,2025-12
507103,2025-12-15,South,Window Treatments,Rep E,Website,5,860.19,4300.95,2025-12
507104,2025-04-15,East,Window Treatments,Rep E,Partner,1,312.52,312.52,2025-04
507105,2025-10-02,West,Accessories,Rep E,Inbound Call,5,267.8,1339.0,2025-10
507106,2024-12-10,South,Smart Blinds,Rep C,Canvassing,2,520.35,1040.7,2024-12
507107,2025-01-18,Midwest,Window Treatments,Rep D,Canvassing,4,321.71,1286.84,2025-01
507108,2025-08-13,South,Window Treatments,Rep D,Partner,4,264.39,1057.56,2025-08
507109,2024-04-04,West,Smart Blinds,Rep C,Partner,4,277.72,1110.88,2024-04
507110,2024-12-22,South,Window Treatments,Rep A,Website,3,562.66,1687.98,2024-12
507111,2025-04-11,West,Outdoor Shades,Rep A,Inbound Call,1,454.07,454.07,2025-04
507112,2025-02-07,South,Accessories,Rep C,Website,2,408.1,816.2,2025-02
507113,2025-12-19,Midwest,Window Treatments,Rep B,Inbound Call,2,378.64,757.28,2025-12
507114,2024-08-17,South,Window Treatments,Rep D,Website,4,767.93,3071.72,2024-08
507115,2024-03-27,South,Smart Blinds,Rep C,Referral,1,163.13,163.13,2024-03
507116,2024-03-23,West,Smart Blinds,Rep C,Canvassing,5,146.72,733.6,2024-03
507117,2025-05-21,West,Outdoor Shades,Rep A,Inbound Call,2,999.71,1999.42,2025-05
507118,2025-08-15,Midwest,Smart Blinds,Rep E,Canvassing,2,644.1,1288.2,2025-08
507119,2025-10-22,West,Smart Blinds,Rep C,Referral,2,961.54,1923.08,2025-10
507120,2024-11-24,East,Window Treatments,Rep C,Canvassing,5,645.65,3228.25,2024-11
507121,2025-10-13,Midwest,Smart Blinds,Rep C,Partner,2,650.99,1301.98,2025-10
507122,2024-02-13,South,Smart Blinds,Rep B,Website,2,904.11,1808.22,2024-02
507123,2025-04-17,East,Outdoor Shades,Rep A,Inbound Call,3,1011.94,3035.82,2025-04
507124,2025-02-25,West,Outdoor Shades,Rep C,Referral,5,885.36,4426.8,2025-02
507125,2024-01-25,West,Window Treatments,Rep C,Canvassing,2,1054.41,2108.82,2024-01
507126,2024-06-21,East,Smart Blinds,Rep D,Partner,4,364.43,1457.72,2024-06
507127,2024-04-02,South,Smart Blinds,Rep B,Canvassing,4,687.11,2748.44,2024-04
507128,2024-05-21,Midwest,Window Treatments,Rep D,Inbound Call,4,288.24,1152.96,2024-05
507129,2025-06-05,South,Window Treatments,Rep E,Partner,1,248.97,248.97,2025-06
507130,2024-02-15,South,Window Treatments,Rep D,Referral,3,279.2,837.6,2024-02
507131,2025-09-30,Midwest,Outdoor Shades,Rep D,Website,1,395.6,395.6,2025-09
507132,2024-04-01,West,Outdoor Shades,Rep A,Website,3,496.54,1489.62,2024-04
507133,2025-11-13,West,Window Treatments,Rep A,Partner,5,443.29,2216.45,2025-11
507134,2024-02-10,West,Window Treatments,Rep E,Referral,1,571.48,571.48,2024-02
507135,2024-05-03,East,Window Treatments,Rep E,Canvassing,3,213.26,639.78,2024-05
507136,2025-10-01,Midwest,Outdoor Shades,Rep D,Website,3,638.81,1916.43,2025-10
507137,2025-07-19,South,Outdoor Shades,Rep D,Canvassing,1,893.7,893.7,2025-07
507138,2024-02-10,South,Outdoor Shades,Rep E,Partner,1,453.34,453.34,2024-02
507139,2024-06-14,South,Outdoor Shades,Rep C,Canvassing,2,428.16,856.32,2024-06
507140,2024-02-17,East,Window Treatments,Rep E,Referral,3,312.07,936.21,2024-02
507141,2024-04-25,South,Accessories,Rep A,Referral,4,172.32,689.28,2024-04
507142,2025-01-03,East,Window Treatments,Rep E,Website,2,367.08,734.16,2025-01
507143,2024-05-07,West,Window Treatments,Rep A,Inbound Call,5,263.54,1317.7,2024-05
507144,2025-11-22,West,Outdoor Shades,Rep E,Referral,2,595.01,1190.02,2025-11
507145,2024-01-21,South,Window Treatments,Rep D,Canvassing,2,153.69,307.38,2024-01
507146,2024-03-30,East,Window Treatments,Rep E,Partner,3,537.68,1613.04,2024-03
507147,2025-12-14,South,Window Treatments,Rep D,Website,3,980.79,2942.37,2025-12
507148,2024-12-20,South,Outdoor Shades,Rep A,Partner,4,696.01,2784.04,2024-12
507149,2024-02-15,South,Window Treatments,Rep A,Inbound Call,4,262.12,1048.48,2024-02
507150,2024-12-04,South,Window Treatments,Rep B,Website,3,1088.65,3265.95,2024-12
507151,2025-08-23,East,Window Treatments,Rep B,Partner,5,435.44,2177.2,2025-08
507152,2025-05-11,East,Window Treatments,Rep A,Partner,1,144.94,144.94,2025-05
507153,2024-07-29,Midwest,Window Treatments,Rep C,Website,2,159.68,319.36,2024-07
507154,2025-09-04,East,Smart Blinds,Rep E,Partner,3,693.04,2079.12,2025-09
507155,2025-04-14,West,Smart Blinds,Rep A,Canvassing,2,721.12,1442.24,2025-04
507156,2025-07-12,Midwest,Outdoor Shades,Rep B,Inbound Call,3,917.12,2751.36,2025-07
507157,2024-05-21,South,Window Treatments,Rep C,Partner,3,849.21,2547.63,2024-05
507158,2024-06-21,South,Window Treatments,Rep C,Inbound Call,2,182.92,365.84,2024-06
507159,2024-12-27,West,Window Treatments,Rep A,Inbound Call,1,391.59,391.59,2024-12
507160,2025-07-02,Midwest,Window Treatments,Rep A,Referral,3,870.69,2612.07,2025-07
507161,2025-05-23,East,Window Treatments,Rep A,Canvassing,4,690.77,2763.08,2025-05
507162,2025-09-21,East,Window Treatments,Rep E,Referral,3,736.07,2208.21,2025-09
507163,2025-09-26,West,Accessories,Rep C,Canvassing,2,455.25,910.5,2025-09
507164,2024-10-02,South,Outdoor Shades,Rep B,Inbound Call,3,475.38,1426.14,2024-10
507165,2024-05-06,West,Smart Blinds,Rep A,Referral,3,189.96,569.88,2024-05
507166,2025-05-11,East,Outdoor Shades,Rep B,Partner,3,222.24,666.72,2025-05
507167,2025-05-13,West,Window Treatments,Rep C,Partner,4,676.11,2704.44,2025-05
507168,2024-06-28,West,Outdoor Shades,Rep E,Website,4,616.17,2464.68,2024-06
507169,2025-08-11,East,Smart Blinds,Rep E,Inbound Call,4,595.18,2380.72,2025-08
507170,2025-09-28,West,Smart Blinds,Rep A,Website,1,414.92,414.92,2025-09
507171,2025-11-12,South,Window Treatments,Rep B,Referral,3,556.95,1670.85,2025-11
507172,2025-10-02,East,Window Treatments,Rep B,Website,2,474.62,949.24,2025-10
507173,2025-07-22,Midwest,Window Treatments,Rep C,Canvassing,5,774.49,3872.45,2025-07
507174,2025-06-22,Midwest,Window Treatments,Rep D,Inbound Call,1,946.73,946.73,2025-06
507175,2025-05-19,East,Window Treatments,Rep A,Website,1,466.32,466.32,2025-05
507176,2024-08-05,South,Smart Blinds,Rep B,Canvassing,5,817.13,4085.65,2024-08
507177,2025-03-15,South,Outdoor Shades,Rep A,Inbound Call,2,769.57,1539.14,2025-03
507178,2024-01-30,West,Window Treatments,Rep B,Referral,3,823.75,2471.25,2024-01
507179,2025-07-28,East,Smart Blinds,Rep E,Inbound Call,1,1090.63,1090.63,2025-07
507180,2024-10-26,West,Accessories,Rep B,Referral,1,925.65,925.65,2024-10
507181,2025-08-24,South,Outdoor Shades,Rep D,Inbound Call,4,237.69,950.76,2025-08
507182,2025-04-11,South,Outdoor Shades,Rep B,Inbound Call,3,497.12,1491.36,2025-04
507183,2025-10-01,Midwest,Outdoor Shades,Rep C,Canvassing,4,936.34,3745.36,2025-10
507184,2024-07-02,East,Window Treatments,Rep C,Inbound Call,3,723.5,2170.5,2024-07
507185,2024-06-10,South,Accessories,Rep A,Canvassing,2,425.56,851.12,2024-06
507186,2024-04-06,South,Accessories,Rep B,Inbound Call,4,194.65,778.6,2024-04
507187,2024-07-29,East,Window Treatments,Rep A,Referral,2,889.69,1779.38,2024-07
507188,2025-10-27,South,Smart Blinds,Rep A,Inbound Call,5,964.45,4822.25,2025-10
507189,2024-09-11,South,Outdoor Shades,Rep E,Website,4,312.25,1249.0,2024-09
507190,2024-08-16,Midwest,Window Treatments,Rep D,Inbound Call,3,765.69,2297.07,2024-08
507191,2024-01-03,Midwest,Window Treatments,Rep D,Partner,5,783.65,3918.25,2024-01
507192,2025-08-04,South,Outdoor Shades,Rep E,Partner,5,634.63,3173.15,2025-08
507193,2024-12-05,South,Smart Blinds,Rep D,Referral,5,1069.72,5348.6,2024-12
507194,2025-12-15,West,Outdoor Shades,Rep B,Referral,1,1039.21,1039.21,2025-12
507195,2025-03-03,East,Accessories,Rep D,Website,4,475.56,1902.24,2025-03
507196,2024-09-02,East,Outdoor Shades,Rep E,Inbound Call,2,692.18,1384.36,2024-09
507197,2024-02-03,West,Smart Blinds,Rep B,Website,1,255.25,255.25,2024-02
507198,2025-12-08,South,Smart Blinds,Rep E,Canvassing,5,148.09,740.45,2025-12
507199,2025-01-15,West,Accessories,Rep B,Website,1,798.23,798.23,2025-01
507200,2025-05-08,East,Outdoor Shades,Rep C,Canvassing,3,477.17,1431.51,2025-05
507201,2024-02-17,South,Outdoor Shades,Rep B,Partner,5,672.93,3364.65,2024-02
507202,2024-07-21,West,Outdoor Shades,Rep A,Canvassing,4,618.3,2473.2,2024-07
507203,2025-04-13,Midwest,Window Treatments,Rep E,Referral,4,857.12,3428.48,2025-04
507204,2025-09-04,South,Outdoor Shades,Rep C,Inbound Call,2,469.77,939.54,2025-09
507205,2024-05-23,Midwest,Window Treatments,Rep A,Canvassing,4,517.81,2071.24,2024-05
507206,2025-04-01,West,Window Treatments,Rep B,Partner,4,1099.77,4399.08,2025-04
507207,2025-01-22,East,Outdoor Shades,Rep D,Inbound Call,3,590.49,1771.47,2025-01
507208,2024-01-16,South,Window Treatments,Rep D,Partner,1,852.06,852.06,2024-01
507209,2024-09-14,South,Window Treatments,Rep C,Canvassing,1,914.11,914.11,2024-09
507210,2025-10-29,West,Window Treatments,Rep E,Inbound Call,2,358.6,717.2,2025-10
507211,2024-08-02,East,Window Treatments,Rep B,Canvassing,2,220.1,440.2,2024-08
507212,2024-01-19,Midwest,Window Treatments,Rep B,Canvassing,2,286.17,572.34,2024-01
507213,2025-08-29,South,Window Treatments,Rep E,Canvassing,4,981.93,3927.72,2025-08
507214,2024-07-21,West,Window Treatments,Rep C,Partner,3,604.79,1814.37,2024-07
507215,2025-09-18,Midwest,Accessories,Rep C,Inbound Call,2,955.11,1910.22,2025-09
507216,2024-12-03,South,Window Treatments,Rep B,Website,4,818.48,3273.92,2024-12
507217,2024-11-26,West,Outdoor Shades,Rep D,Website,3,765.82,2297.46,2024-11
507218,2025-03-29,Midwest,Outdoor Shades,Rep E,Referral,2,720.52,1441.04,2025-03
507219,2024-04-25,East,Window Treatments,Rep E,Website,5,1071.93,5359.65,2024-04
507220,2024-11-22,South,Window Treatments,Rep C,Partner,5,731.22,3656.1,2024-11
507221,2025-12-17,East,Window Treatments,Rep B,Partner,5,596.62,2983.1,2025-12
507222,2025-10-19,Midwest,Outdoor Shades,Rep A,Website,1,908.2,908.2,2025-10
507223,2024-09-27,South,Window Treatments,Rep D,Referral,1,756.63,756.63,2024-09
507224,2024-08-28,Midwest,Outdoor Shades,Rep B,Canvassing,3,184.58,553.74,2024-08
507225,2025-09-15,West,Window Treatments,Rep B,Partner,2,312.49,624.98,2025-09
507226,2024-11-02,South,Outdoor Shades,Rep D,Partner,4,894.31,3577.24,2024-11
507227,2024-09-12,West,Accessories,Rep E,Website,3,533.33,1599.99,2024-09
507228,2024-07-01,South,Window Treatments,Rep C,Canvassing,2,942.71,1885.42,2024-07
507229,2024-05-22,East,Window Treatments,Rep B,Partner,1,876.05,876.05,2024-05
507230,2025-08-20,East,Outdoor Shades,Rep A,Inbound Call,4,1048.44,4193.76,2025-08
507231,2025-08-02,Midwest,Outdoor Shades,Rep C,Referral,1,552.36,552.36,2025-08
507232,2025-12-06,West,Smart Blinds,Rep E,Website,1,270.77,270.77,2025-12
507233,2024-04-24,West,Window Treatments,Rep E,Website,2,674.59,1349.18,2024-04
507234,2025-06-02,East,Smart Blinds,Rep E,Canvassing,4,681.01,2724.04,2025-06
507235,2024-04-25,Midwest,Outdoor Shades,Rep E,Partner,1,236.56,236.56,2024-04
507236,2024-07-07,West,Accessories,Rep A,Referral,3,303.58,910.74,2024-07
507237,2024-06-29,South,Window Treatments,Rep E,Partner,4,211.05,844.2,2024-06
507238,2024-10-02,East,Smart Blinds,Rep E,Inbound Call,5,514.1,2570.5,2024-10
507239,2025-08-08,East,Window Treatments,Rep D,Partner,4,450.32,1801.28,2025-08
507240,2024-04-07,Midwest,Outdoor Shades,Rep B,Canvassing,4,923.66,3694.64,2024-04
507241,2025-07-14,South,Window Treatments,Rep C,Referral,1,991.08,991.08,2025-07
507242,2025-10-10,South,Smart Blinds,Rep E,Website,2,591.2,1182.4,2025-10
507243,2025-05-22,West,Outdoor Shades,Rep A,Partner,2,457.2,914.4,2025-05
507244,2025-06-30,South,Accessories,Rep D,Partner,1,764.2,764.2,2025-06
507245,2025-08-10,Midwest,Smart Blinds,Rep E,Canvassing,3,412.8,1238.4,2025-08
507246,2024-12-18,South,Window Treatments,Rep C,Partner,1,1070.42,1070.42,2024-12
507247,2024-12-25,West,Window Treatments,Rep E,Partner,2,517.33,1034.66,2024-12
507248,2025-08-01,Midwest,Outdoor Shades,Rep E,Partner,1,925.05,925.05,2025-08
507249,2025-07-01,West,Smart Blinds,Rep C,Partner,3,387.11,1161.33,2025-07
507250,2025-11-04,South,Smart Blinds,Rep A,Partner,5,449.1,2245.5,2025-11
507251,2024-10-14,South,Window Treatments,Rep D,Canvassing,4,346.42,1385.68,2024-10
507252,2024-02-28,Midwest,Smart Blinds,Rep A,Partner,4,355.28,1421.12,2024-02
507253,2025-04-07,Midwest,Smart Blinds,Rep E,Inbound Call,2,196.4,392.8,2025-04
507254,2024-04-05,South,Accessories,Rep B,Partner,2,232.32,464.64,2024-04
507255,2025-10-02,West,Outdoor Shades,Rep D,Inbound Call,2,473.75,947.5,2025-10
507256,2024-08-18,East,Window Treatments,Rep A,Referral,3,638.63,1915.89,2024-08
507257,2025-01-25,Midwest,Window Treatments,Rep A,Inbound Call,5,368.99,1844.95,2025-01
507258,2024-07-12,East,Window Treatments,Rep B,Referral,3,483.15,1449.45,2024-07
507259,2025-03-14,East,Accessories,Rep D,Partner,5,894.84,4474.2,2025-03
507260,2025-05-31,South,Outdoor Shades,Rep D,Website,1,224.89,224.89,2025-05
507261,2025-08-25,South,Smart Blinds,Rep C,Website,1,829.65,829.65,2025-08
507262,2025-04-12,Midwest,Outdoor Shades,Rep C,Inbound Call,3,884.92,2654.76,2025-04
507263,2024-07-02,Midwest,Smart Blinds,Rep E,Canvassing,5,474.59,2372.95,2024-07
507264,2025-12-02,West,Outdoor Shades,Rep A,Referral,5,886.2,4431.0,2025-12
507265,2024-09-13,West,Outdoor Shades,Rep A,Referral,1,192.86,192.86,2024-09
507266,2024-11-03,South,Accessories,Rep D,Inbound Call,1,323.1,323.1,2024-11
507267,2024-10-14,West,Accessories,Rep D,Partner,3,270.99,812.97,2024-10
507268,2024-05-28,Midwest,Smart Blinds,Rep E,Canvassing,5,852.6,4263.0,2024-05
507269,2024-06-19,South,Smart Blinds,Rep E,Partner,1,437.45,437.45,2024-06
507270,2024-10-08,West,Accessories,Rep C,Inbound Call,5,942.95,4714.75,2024-10
507271,2025-10-19,West,Smart Blinds,Rep A,Canvassing,4,165.59,662.36,2025-10
507272,2025-05-08,Midwest,Outdoor Shades,Rep A,Partner,2,263.52,527.04,2025-05
507273,2025-09-06,South,Smart Blinds,Rep D,Canvassing,5,224.58,1122.9,2025-09
507274,2024-12-11,South,Smart Blinds,Rep D,Canvassing,1,1089.55,1089.55,2024-12
507275,2024-09-12,South,Window Treatments,Rep C,Partner,2,1000.52,2001.04,2024-09
507276,2025-04-21,South,Smart Blinds,Rep C,Website,1,531.43,531.43,2025-04
507277,2024-05-06,West,Window Treatments,Rep C,Referral,1,970.69,970.69,2024-05
507278,2025-02-10,Midwest,Outdoor Shades,Rep D,Referral,4,714.85,2859.4,2025-02
507279,2024-04-25,East,Smart Blinds,Rep C,Inbound Call,1,914.47,914.47,2024-04
507280,2024-12-06,Midwest,Smart Blinds,Rep C,Partner,3,448.43,1345.29,2024-12
507281,2024-03-23,Midwest,Outdoor Shades,Rep B,Partner,4,398.79,1595.16,2024-03
507282,2025-02-28,Midwest,Smart Blinds,Rep E,Inbound Call,3,830.74,2492.22,2025-02
507283,2024-12-08,South,Accessories,Rep B,Referral,1,604.95,604.95,2024-12
507284,2024-07-08,South,Window Treatments,Rep C,Referral,2,951.71,1903.42,2024-07
507285,2025-09-03,East,Window Treatments,Rep E,Referral,3,544.77,1634.31,2025-09
507286,2025-02-18,South,Outdoor Shades,Rep A,Inbound Call,4,1058.61,4234.44,2025-02
507287,2025-02-22,East,Smart Blinds,Rep A,Inbound Call,1,241.34,241.34,2025-02
507288,2025-02-09,South,Outdoor Shades,Rep B,Referral,1,170.45,170.45,2025-02
507289,2024-04-11,South,Accessories,Rep B,Inbound Call,4,922.68,3690.72,2024-04
507290,2025-07-12,Midwest,Smart Blinds,Rep B,Website,2,429.67,859.34,2025-07
507291,2024-09-07,South,Smart Blinds,Rep E,Referral,5,235.41,1177.05,2024-09
507292,2024-12-05,Midwest,Window Treatments,Rep E,Partner,3,834.63,2503.89,2024-12
507293,2024-12-25,East,Window Treatments,Rep A,Inbound Call,3,655.81,1967.43,2024-12
507294,2024-06-10,East,Window Treatments,Rep C,Partner,3,595.83,1787.49,2024-06
507295,2024-01-17,West,Smart Blinds,Rep B,Inbound Call,1,420.69,420.69,2024-01
507296,2025-11-02,West,Smart Blinds,Rep B,Canvassing,3,313.27,939.81,2025-11
507297,2024-09-25,Midwest,Outdoor Shades,Rep D,Canvassing,4,323.49,1293.96,2024-09
507298,2024-05-14,Midwest,Outdoor Shades,Rep C,Referral,1,726.93,726.93,2024-05
507299,2025-08-17,West,Smart Blinds,Rep B,Website,3,923.02,2769.06,2025-08
507300,2025-01-17,South,Window Treatments,Rep B,Referral,5,391.19,1955.95,2025-01
507301,2024-09-19,Midwest,Outdoor Shades,Rep A,Website,2,471.67,943.34,2024-09
507302,2025-12-20,Midwest,Window Treatments,Rep D,Partner,1,476.74,476.74,2025-12
507303,2024-05-14,South,Smart Blinds,Rep E,Inbound Call,5,534.98,2674.9,2024-05
507304,2025-10-09,South,Smart Blinds,Rep E,Canvassing,3,714.41,2143.23,2025-10
507305,2024-09-10,West,Window Treatments,Rep C,Partner,3,623.48,1870.44,2024-09
507306,2024-05-13,West,Outdoor Shades,Rep D,Website,2,661.46,1322.92,2024-05
507307,2024-03-16,Midwest,Smart Blinds,Rep A,Canvassing,1,511.6,511.6,2024-03
507308,2024-05-09,West,Outdoor Shades,Rep C,Canvassing,1,565.26,565.26,2024-05
507309,2025-02-01,West,Outdoor Shades,Rep A,Website,3,1092.26,3276.78,2025-02
507310,2024-06-27,South,Window Treatments,Rep E,Website,1,655.49,655.49,2024-06
507311,2025-06-28,East,Outdoor Shades,Rep C,Referral,4,785.53,3142.12,2025-06
507312,2025-03-09,West,Window Treatments,Rep C,Partner,2,772.94,1545.88,2025-03
507313,2024-01-30,Midwest,Window Treatments,Rep E,Partner,3,184.99,554.97,2024-01
507314,2025-02-02,South,Window Treatments,Rep A,Canvassing,3,746.53,2239.59,2025-02
507315,2024-03-08,East,Outdoor Shades,Rep A,Canvassing,1,624.28,624.28,2024-03
507316,2025-01-29,South,Smart Blinds,Rep A,Canvassing,3,904.29,2712.87,2025-01
507317,2024-02-06,South,Outdoor Shades,Rep E,Partner,4,438.81,1755.24,2024-02
507318,2024-05-08,West,Window Treatments,Rep C,Website,5,406.78,2033.9,2024-05
507319,2025-02-27,West,Window Treatments,Rep E,Canvassing,3,834.52,2503.56,2025-02
507320,2024-06-12,West,Outdoor Shades,Rep D,Inbound Call,2,406.0,812.0,2024-06
507321,2025-04-29,East,Smart Blinds,Rep A,Inbound Call,5,397.9,1989.5,2025-04
507322,2025-10-30,South,Smart Blinds,Rep A,Website,2,614.59,1229.18,2025-10
507323,2025-06-02,Midwest,Outdoor Shades,Rep D,Referral,3,281.51,844.53,2025-06
507324,2025-06-13,East,Window Treatments,Rep B,Inbound Call,2,787.03,1574.06,2025-06
507325,2024-12-26,East,Smart Blinds,Rep C,Referral,4,180.26,721.04,2024-12
507326,2025-06-10,South,Smart Blinds,Rep C,Referral,1,365.32,365.32,2025-06
507327,2025-11-27,West,Outdoor Shades,Rep C,Inbound Call,5,491.26,2456.3,2025-11
507328,2025-02-01,Midwest,Outdoor Shades,Rep E,Referral,1,1000.03,1000.03,2025-02
507329,2024-08-01,South,Smart Blinds,Rep B,Website,3,648.81,1946.43,2024-08
507330,2025-12-07,South,Smart Blinds,Rep A,Canvassing,5,463.88,2319.4,2025-12
507331,2025-02-17,Midwest,Outdoor Shades,Rep E,Website,3,428.1,1284.3,2025-02
507332,2024-11-30,West,Smart Blinds,Rep A,Website,5,799.37,3996.85,2024-11
507333,2025-04-28,West,Smart Blinds,Rep E,Inbound Call,2,1013.38,2026.76,2025-04
507334,2025-06-18,West,Smart Blinds,Rep B,Referral,4,254.46,1017.84,2025-06
507335,2024-09-07,South,Outdoor Shades,Rep A,Inbound Call,1,897.66,897.66,2024-09
507336,2025-10-19,South,Smart Blinds,Rep E,Inbound Call,3,884.52,2653.56,2025-10
507337,2024-03-10,West,Smart Blinds,Rep A,Inbound Call,4,1046.09,4184.36,2024-03
507338,2024-04-01,Midwest,Smart Blinds,Rep C,Partner,1,736.3,736.3,2024-04
507339,2025-06-26,South,Smart Blinds,Rep E,Website,2,787.79,1575.58,2025-06
507340,2025-02-03,South,Accessories,Rep A,Referral,3,515.23,1545.69,2025-02
507341,2024-11-01,South,Window Treatments,Rep A,Referral,1,241.34,241.34,2024-11
507342,2024-10-29,South,Outdoor Shades,Rep E,Website,2,632.57,1265.14,2024-10
507343,2024-05-31,West,Accessories,Rep B,Referral,3,740.07,2220.21,2024-05
507344,2025-11-30,Midwest,Accessories,Rep E,Referral,4,994.89,3979.56,2025-11
507345,2025-01-25,Midwest,Smart Blinds,Rep D,Inbound Call,2,941.83,1883.66,2025-01
507346,2024-09-10,South,Window Treatments,Rep E,Inbound Call,2,641.51,1283.02,2024-09
507347,2024-05-03,Midwest,Window Treatments,Rep C,Referral,2,296.79,593.58,2024-05
507348,2024-07-25,West,Window Treatments,Rep B,Partner,3,838.81,2516.43,2024-07
507349,2024-11-24,East,Smart Blinds,Rep E,Partner,2,953.87,1907.74,2024-11
507350,2025-03-04,South,Outdoor Shades,Rep D,Referral,3,537.65,1612.95,2025-03
507351,2024-03-21,South,Smart Blinds,Rep D,Inbound Call,3,823.11,2469.33,2024-03
507352,2024-10-03,East,Smart Blinds,Rep A,Website,2,643.06,1286.12,2024-10
507353,2025-10-28,Midwest,Accessories,Rep C,Website,3,500.66,1501.98,2025-10
507354,2024-07-06,Midwest,Accessories,Rep B,Inbound Call,3,830.81,2492.43,2024-07
507355,2025-12-13,Midwest,Window Treatments,Rep D,Partner,5,147.36,736.8,2025-12
507356,2025-08-01,Midwest,Window Treatments,Rep E,Partner,4,991.59,3966.36,2025-08
507357,2024-11-10,Midwest,Outdoor Shades,Rep D,Referral,4,989.4,3957.6,2024-11
507358,2025-11-25,South,Accessories,Rep C,Referral,4,525.84,2103.36,2025-11
507359,2025-06-16,Midwest,Window Treatments,Rep D,Website,1,324.25,324.25,2025-06
507360,2024-11-12,West,Smart Blinds,Rep D,Website,1,417.53,417.53,2024-11
507361,2024-07-05,West,Window Treatments,Rep B,Canvassing,4,765.75,3063.0,2024-07
507362,2024-09-07,Midwest,Outdoor Shades,Rep C,Referral,4,673.67,2694.68,2024-09
507363,2025-02-02,South,Smart Blinds,Rep A,Website,4,328.73,1314.92,2025-02
507364,2025-03-29,East,Outdoor Shades,Rep D,Referral,1,800.3,800.3,2025-03
507365,2024-09-26,Midwest,Window Treatments,Rep A,Referral,5,714.05,3570.25,2024-09
507366,2024-11-09,Midwest,Outdoor Shades,Rep B,Referral,4,513.45,2053.8,2024-11
507367,2024-01-14,South,Window Treatments,Rep A,Partner,2,1058.3,2116.6,2024-01
507368,2025-10-27,South,Window Treatments,Rep A,Referral,4,747.26,2989.04,2025-10
507369,2024-02-05,Midwest,Accessories,Rep C,Website,1,859.2,859.2,2024-02
507370,2024-12-05,South,Smart Blinds,Rep E,Inbound Call,4,228.19,912.76,2024-12
507371,2025-09-18,Midwest,Window Treatments,Rep C,Inbound Call,1,147.64,147.64,2025-09
507372,2025-11-13,South,Outdoor Shades,Rep B,Canvassing,2,529.67,1059.34,2025-11
507373,2025-03-07,East,Window Treatments,Rep E,Canvassing,2,1044.98,2089.96,2025-03
507374,2025-12-23,East,Window Treatments,Rep A,Inbound Call,2,668.63,1337.26,2025-12
507375,2025-09-18,Midwest,Outdoor Shades,Rep D,Partner,5,770.56,3852.8,2025-09
507376,2024-08-03,East,Accessories,Rep C,Partner,2,230.89,461.78,2024-08
507377,2025-02-09,East,Smart Blinds,Rep E,Website,3,734.8,2204.4,2025-02
507378,2024-09-28,West,Outdoor Shades,Rep E,Partner,4,364.99,1459.96,2024-09
507379,2025-08-03,Midwest,Window Treatments,Rep C,Inbound Call,2,167.33,334.66,2025-08
507380,2024-12-13,East,Accessories,Rep B,Canvassing,2,1020.82,2041.64,2024-12
507381,2025-01-31,South,Outdoor Shades,Rep B,Canvassing,3,425.11,1275.33,2025-01
507382,2024-08-16,East,Accessories,Rep E,Inbound Call,5,344.74,1723.7,2024-08
507383,2025-08-18,East,Accessories,Rep A,Partner,2,291.82,583.64,2025-08
507384,2024-01-12,Midwest,Window Treatments,Rep A,Canvassing,2,724.31,1448.62,2024-01
507385,2025-03-21,East,Window Treatments,Rep E,Referral,4,1001.13,4004.52,2025-03
507386,2025-07-09,Midwest,Outdoor Shades,Rep C,Referral,1,628.16,628.16,2025-07
507387,2024-06-26,Midwest,Outdoor Shades,Rep E,Canvassing,2,181.08,362.16,2024-06
507388,2025-08-07,South,Accessories,Rep B,Inbound Call,5,835.2,4176.0,2025-08
507389,2025-08-31,Midwest,Outdoor Shades,Rep A,Referral,4,812.15,3248.6,2025-08
507390,2025-04-30,West,Outdoor Shades,Rep E,Inbound Call,2,1084.19,2168.38,2025-04
507391,2025-01-01,South,Smart Blinds,Rep B,Canvassing,3,498.78,1496.34,2025-01
507392,2024-01-19,Midwest,Accessories,Rep D,Website,3,162.78,488.34,2024-01
507393,2025-03-13,West,Smart Blinds,Rep A,Website,2,432.45,864.9,2025-03
507394,2024-11-08,East,Outdoor Shades,Rep A,Canvassing,3,934.03,2802.09,2024-11
507395,2025-10-28,South,Outdoor Shades,Rep A,Partner,2,772.85,1545.7,2025-10
507396,2025-03-26,Midwest,Window Treatments,Rep A,Inbound Call,4,788.46,3153.84,2025-03
507397,2025-01-24,South,Window Treatments,Rep E,Referral,3,259.44,778.32,2025-01
507398,2025-07-11,East,Outdoor Shades,Rep A,Inbound Call,1,1007.69,1007.69,2025-07
507399,2024-03-04,West,Outdoor Shades,Rep C,Website,3,594.6,1783.8,2024-03
507400,2024-04-02,West,Smart Blinds,Rep B,Inbound Call,5,861.59,4307.95,2024-04
507401,2024-09-21,South,Smart Blinds,Rep B,Website,4,990.61,3962.44,2024-09
507402,2024-07-20,Midwest,Outdoor Shades,Rep B,Partner,1,920.16,920.16,2024-07
507403,2024-06-02,East,Outdoor Shades,Rep C,Inbound Call,5,549.92,2749.6,2024-06
507404,2024-07-07,East,Accessories,Rep B,Referral,3,822.03,2466.09,2024-07
507405,2024-08-31,East,Outdoor Shades,Rep C,Referral,5,256.33,1281.65,2024-08
507406,2025-05-31,Midwest,Window Treatments,Rep D,Website,4,921.63,3686.52,2025-05
507407,2024-08-23,South,Window Treatments,Rep B,Referral,2,987.93,1975.86,2024-08
507408,2024-01-31,East,Window Treatments,Rep C,Website,3,312.87,938.61,2024-01
507409,2025-01-06,West,Window Treatments,Rep C,Partner,3,215.93,647.79,2025-01
507410,2025-03-01,East,Window Treatments,Rep A,Canvassing,2,512.87,1025.74,2025-03
507411,2024-12-05,East,Smart Blinds,Rep D,Referral,2,659.0,1318.0,2024-12
507412,2024-09-09,South,Outdoor Shades,Rep B,Partner,4,343.96,1375.84,2024-09
507413,2025-04-07,Midwest,Window Treatments,Rep A,Partner,3,696.88,2090.64,2025-04
507414,2024-01-15,South,Window Treatments,Rep C,Referral,2,482.39,964.78,2024-01
507415,2024-04-01,South,Window Treatments,Rep C,Partner,5,734.84,3674.2,2024-04
507416,2024-01-02,Midwest,Outdoor Shades,Rep E,Inbound Call,4,882.38,3529.52,2024-01
507417,2024-03-11,South,Outdoor Shades,Rep B,Referral,1,207.77,207.77,2024-03
507418,2024-02-13,West,Window Treatments,Rep B,Partner,5,986.72,4933.6,2024-02
507419,2025-05-07,Midwest,Window Treatments,Rep B,Referral,4,153.81,615.24,2025-05
507420,2024-02-24,West,Smart Blinds,Rep B,Inbound Call,4,711.79,2847.16,2024-02
507421,2025-10-15,South,Outdoor Shades,Rep E,Referral,3,465.88,1397.64,2025-10
507422,2025-05-28,South,Outdoor Shades,Rep D,Partner,2,670.89,1341.78,2025-05
507423,2025-12-25,West,Smart Blinds,Rep A,Partner,1,369.81,369.81,2025-12
507424,2025-10-03,Midwest,Window Treatments,Rep A,Inbound Call,5,750.16,3750.8,2025-10
507425,2025-02-12,Midwest,Accessories,Rep B,Inbound Call,1,728.53,728.53,2025-02
507426,2025-01-21,East,Accessories,Rep B,Partner,4,224.97,899.88,2025-01
507427,2024-06-27,South,Window Treatments,Rep B,Inbound Call,3,158.02,474.06,2024-06
507428,2024-01-06,East,Accessories,Rep D,Inbound Call,3,467.09,1401.27,2024-01
507429,2024-08-29,Midwest,Outdoor Shades,Rep C,Inbound Call,3,853.88,2561.64,2024-08
507430,2024-11-02,South,Outdoor Shades,Rep E,Referral,2,634.43,1268.86,2024-11
507431,2025-10-06,Midwest,Outdoor Shades,Rep D,Referral,5,838.54,4192.7,2025-10
507432,2024-03-07,East,Window Treatments,Rep A,Canvassing,1,546.86,546.86,2024-03
507433,2025-05-19,Midwest,Window Treatments,Rep A,Referral,2,288.09,576.18,2025-05
507434,2024-07-02,South,Accessories,Rep D,Partner,4,352.67,1410.68,2024-07
507435,2025-04-15,East,Outdoor Shades,Rep B,Partner,4,131.06,524.24,2025-04
507436,2024-05-30,West,Outdoor Shades,Rep D,Referral,3,715.2,2145.6,2024-05
507437,2024-03-04,East,Window Treatments,Rep D,Inbound Call,2,644.31,1288.62,2024-03
507438,2025-02-11,South,Accessories,Rep D,Canvassing,1,981.31,981.31,2025-02
507439,2025-11-01,West,Outdoor Shades,Rep D,Website,5,609.7,3048.5,2025-11
507440,2025-04-06,West,Window Treatments,Rep C,Inbound Call,5,479.73,2398.65,2025-04
507441,2024-06-26,South,Accessories,Rep C,Referral,2,364.18,728.36,2024-06
507442,2025-10-22,Midwest,Smart Blinds,Rep E,Website,3,412.88,1238.64,2025-10
507443,2025-06-03,West,Outdoor Shades,Rep E,Inbound Call,5,469.49,2347.45,2025-06
507444,2025-04-21,West,Accessories,Rep B,Inbound Call,2,786.32,1572.64,2025-04
507445,2025-07-13,East,Window Treatments,Rep E,Inbound Call,1,363.08,363.08,2025-07
507446,2024-01-14,South,Outdoor Shades,Rep B,Website,5,600.49,3002.45,2024-01
507447,2025-09-06,West,Outdoor Shades,Rep C,Referral,3,792.62,2377.86,2025-09
507448,2024-11-22,East,Outdoor Shades,Rep B,Inbound Call,1,581.36,581.36,2024-11
507449,2025-12-25,East,Accessories,Rep C,Inbound Call,3,148.58,445.74,2025-12
507450,2024-04-21,West,Smart Blinds,Rep B,Partner,3,238.68,716.04,2024-04
507451,2024-04-11,Midwest,Outdoor Shades,Rep A,Inbound Call,3,501.25,1503.75,2024-04
507452,2025-06-29,South,Smart Blinds,Rep E,Inbound Call,5,861.01,4305.05,2025-06
507453,2025-04-07,East,Window Treatments,Rep D,Inbound Call,4,711.64,2846.56,2025-04
507454,2025-03-23,Midwest,Window Treatments,Rep B,Referral,5,661.78,3308.9,2025-03
507455,2024-06-20,Midwest,Smart Blinds,Rep D,Inbound Call,3,948.89,2846.67,2024-06
507456,2024-04-14,East,Window Treatments,Rep C,Website,4,656.18,2624.72,2024-04
507457,2024-02-16,West,Smart Blinds,Rep A,Inbound Call,3,694.69,2084.07,2024-02
507458,2025-07-26,Midwest,Window Treatments,Rep B,Canvassing,4,731.03,2924.12,2025-07
507459,2024-11-08,Midwest,Outdoor Shades,Rep C,Website,4,1057.57,4230.28,2024-11
507460,2024-09-20,Midwest,Accessories,Rep A,Website,2,801.92,1603.84,2024-09
507461,2024-08-01,East,Smart Blinds,Rep C,Inbound Call,3,462.96,1388.88,2024-08
507462,2024-12-28,Midwest,Outdoor Shades,Rep C,Partner,4,596.45,2385.8,2024-12
507463,2025-06-16,South,Window Treatments,Rep B,Inbound Call,5,411.7,2058.5,2025-06
507464,2025-08-07,South,Window Treatments,Rep D,Partner,4,455.23,1820.92,2025-08
507465,2025-11-08,Midwest,Outdoor Shades,Rep D,Referral,4,241.78,967.12,2025-11
507466,2025-05-26,West,Window Treatments,Rep E,Canvassing,2,838.8,1677.6,2025-05
507467,2025-06-19,East,Window Treatments,Rep A,Referral,2,573.48,1146.96,2025-06
507468,2025-05-11,Midwest,Window Treatments,Rep B,Website,4,380.59,1522.36,2025-05
507469,2025-09-11,Midwest,Smart Blinds,Rep B,Inbound Call,5,685.13,3425.65,2025-09
507470,2025-03-12,Midwest,Accessories,Rep E,Website,4,243.99,975.96,2025-03
507471,2025-07-01,Midwest,Smart Blinds,Rep B,Inbound Call,5,741.26,3706.3,2025-07
507472,2025-09-09,West,Smart Blinds,Rep D,Referral,2,1019.84,2039.68,2025-09
507473,2025-12-25,South,Window Treatments,Rep A,Website,5,845.15,4225.75,2025-12
507474,2025-09-04,East,Outdoor Shades,Rep B,Website,2,376.65,753.3,2025-09
507475,2024-02-06,West,Smart Blinds,Rep B,Referral,1,452.09,452.09,2024-02
507476,2025-07-31,South,Window Treatments,Rep C,Website,5,819.08,4095.4,2025-07
507477,2025-03-11,East,Smart Blinds,Rep D,Partner,1,540.41,540.41,2025-03
507478,2025-02-07,East,Smart Blinds,Rep C,Canvassing,5,681.95,3409.75,2025-02
507479,2025-11-14,East,Accessories,Rep E,Canvassing,4,535.02,2140.08,2025-11
507480,2024-08-19,East,Outdoor Shades,Rep C,Referral,5,389.05,1945.25,2024-08
507481,2025-03-19,South,Outdoor Shades,Rep B,Canvassing,2,752.31,1504.62,2025-03
507482,2025-06-04,West,Smart Blinds,Rep D,Website,2,1029.39,2058.78,2025-06
507483,2024-10-02,East,Outdoor Shades,Rep E,Partner,3,766.49,2299.47,2024-10
507484,2025-11-20,East,Outdoor Shades,Rep A,Referral,5,243.43,1217.15,2025-11
507485,2024-09-07,West,Accessories,Rep E,Inbound Call,3,201.36,604.08,2024-09
507486,2024-11-16,Midwest,Smart Blinds,Rep C,Inbound Call,5,539.29,2696.45,2024-11
507487,2024-12-26,Midwest,Outdoor Shades,Rep E,Canvassing,3,589.27,1767.81,2024-12
507488,2025-12-22,East,Outdoor Shades,Rep D,Website,2,1087.08,2174.16,2025-12
507489,2025-02-02,Midwest,Outdoor Shades,Rep D,Inbound Call,2,871.95,1743.9,2025-02
507490,2024-05-25,West,Outdoor Shades,Rep E,Referral,3,652.92,1958.76,2024-05
507491,2025-02-04,Midwest,Window Treatments,Rep E,Inbound Call,5,340.04,1700.2,2025-02
507492,2024-08-18,East,Outdoor Shades,Rep B,Referral,2,1038.91,2077.82,2024-08
507493,2024-02-23,East,Smart Blinds,Rep A,Referral,3,562.41,1687.23,2024-02
507494,2024-03-28,Midwest,Outdoor Shades,Rep D,Canvassing,3,637.89,1913.67,2024-03
507495,2025-10-25,South,Accessories,Rep D,Canvassing,3,533.29,1599.87,2025-10
507496,2025-07-04,Midwest,Smart Blinds,Rep E,Website,1,474.61,474.61,2025-07
507497,2025-08-18,West,Window Treatments,Rep E,Inbound Call,1,958.63,958.63,2025-08
507498,2024-03-21,Midwest,Smart Blinds,Rep A,Website,1,365.89,365.89,2024-03
507499,2024-07-23,Midwest,Outdoor Shades,Rep B,Website,4,439.48,1757.92,2024-07
507500,2025-04-13,South,Outdoor Shades,Rep B,Referral,1,775.47,775.47,2025-04
507501,2024-10-16,West,Smart Blinds,Rep B,Canvassing,2,918.02,1836.04,2024-10
507502,2024-12-02,West,Window Treatments,Rep C,Partner,3,944.9,2834.7,2024-12
507503,2025-06-16,South,Window Treatments,Rep D,Partner,3,308.61,925.83,2025-06
507504,2024-12-28,West,Smart Blinds,Rep C,Referral,3,906.03,2718.09,2024-12
507505,2024-02-04,Midwest,Window Treatments,Rep A,Website,3,450.72,1352.16,2024-02
507506,2025-03-01,East,Smart Blinds,Rep D,Canvassing,2,957.98,1915.96,2025-03
507507,2024-08-09,West,Window Treatments,Rep B,Canvassing,4,142.69,570.76,2024-08
507508,2024-02-01,Midwest,Smart Blinds,Rep A,Canvassing,2,696.05,1392.1,2024-02
507509,2024-08-09,West,Outdoor Shades,Rep E,Canvassing,4,470.16,1880.64,2024-08
507510,2025-12-02,West,Outdoor Shades,Rep A,Referral,4,1024.58,4098.32,2025-12
507511,2025-11-02,East,Outdoor Shades,Rep B,Referral,4,726.48,2905.92,2025-11
507512,2024-03-08,South,Window Treatments,Rep B,Website,2,909.97,1819.94,2024-03
507513,2024-01-19,Midwest,Outdoor Shades,Rep C,Website,1,811.39,811.39,2024-01
507514,2025-06-21,East,Window Treatments,Rep D,Website,4,866.87,3467.48,2025-06
507515,2025-03-26,East,Window Treatments,Rep A,Inbound Call,2,630.83,1261.66,2025-03
507516,2024-03-25,East,Window Treatments,Rep C,Inbound Call,4,1001.73,4006.92,2024-03
507517,2024-02-05,Midwest,Outdoor Shades,Rep D,Website,1,920.21,920.21,2024-02
507518,2025-05-23,East,Smart Blinds,Rep D,Partner,3,437.51,1312.53,2025-05
507519,2025-06-21,Midwest,Outdoor Shades,Rep E,Partner,1,1028.89,1028.89,2025-06
507520,2024-09-08,South,Outdoor Shades,Rep B,Partner,2,306.91,613.82,2024-09
507521,2024-08-05,South,Window Treatments,Rep B,Canvassing,1,327.46,327.46,2024-08
507522,2024-03-04,West,Window Treatments,Rep A,Inbound Call,1,564.34,564.34,2024-03
507523,2024-06-30,West,Window Treatments,Rep E,Website,3,584.87,1754.61,2024-06
507524,2025-10-17,West,Window Treatments,Rep E,Inbound Call,4,339.15,1356.6,2025-10
507525,2025-11-23,West,Outdoor Shades,Rep C,Partner,4,1003.16,4012.64,2025-11
507526,2024-01-07,Midwest,Window Treatments,Rep B,Inbound Call,5,600.89,3004.45,2024-01
507527,2025-07-12,East,Window Treatments,Rep C,Partner,5,564.78,2823.9,2025-07
507528,2024-05-18,East,Window Treatments,Rep C,Partner,3,676.25,2028.75,2024-05
507529,2025-06-01,West,Smart Blinds,Rep B,Partner,4,181.84,727.36,2025-06
507530,2024-05-27,West,Smart Blinds,Rep E,Partner,3,474.53,1423.59,2024-05
507531,2024-02-03,Midwest,Outdoor Shades,Rep C,Website,5,189.71,948.55,2024-02
507532,2024-10-01,East,Window Treatments,Rep B,Canvassing,4,748.78,2995.12,2024-10
507533,2024-05-12,South,Accessories,Rep D,Website,5,538.03,2690.15,2024-05
507534,2025-11-09,East,Smart Blinds,Rep D,Canvassing,1,568.51,568.51,2025-11
507535,2024-05-01,Midwest,Outdoor Shades,Rep E,Website,2,392.63,785.26,2024-05
507536,2024-03-04,Midwest,Smart Blinds,Rep D,Website,3,120.4,361.2,2024-03
507537,2024-07-13,East,Window Treatments,Rep A,Canvassing,3,536.49,1609.47,2024-07
507538,2024-06-25,South,Smart Blinds,Rep E,Inbound Call,4,301.48,1205.92,2024-06
507539,2025-04-17,South,Window Treatments,Rep C,Referral,2,221.19,442.38,2025-04
507540,2025-01-13,Midwest,Smart Blinds,Rep C,Referral,4,400.41,1601.64,2025-01
507541,2024-07-01,South,Outdoor Shades,Rep E,Website,1,801.24,801.24,2024-07
507542,2024-10-18,West,Window Treatments,Rep B,Referral,5,704.4,3522.0,2024-10
507543,2025-03-16,West,Smart Blinds,Rep D,Referral,2,297.32,594.64,2025-03
507544,2025-01-23,South,Window Treatments,Rep C,Inbound Call,4,324.53,1298.12,2025-01
507545,2024-11-23,East,Accessories,Rep E,Canvassing,4,291.67,1166.68,2024-11
507546,2024-08-22,West,Window Treatments,Rep E,Website,2,259.43,518.86,2024-08
507547,2025-09-29,West,Outdoor Shades,Rep C,Partner,3,503.51,1510.53,2025-09
507548,2025-04-14,South,Window Treatments,Rep E,Canvassing,3,949.46,2848.38,2025-04
507549,2024-01-06,South,Window Treatments,Rep A,Website,3,523.91,1571.73,2024-01
507550,2024-10-05,West,Window Treatments,Rep B,Canvassing,3,991.0,2973.0,2024-10
507551,2024-11-27,East,Window Treatments,Rep B,Canvassing,4,734.2,2936.8,2024-11
507552,2024-06-16,South,Smart Blinds,Rep E,Partner,1,264.43,264.43,2024-06
507553,2025-05-04,East,Smart Blinds,Rep E,Inbound Call,1,742.87,742.87,2025-05
507554,2025-09-12,East,Accessories,Rep B,Canvassing,1,200.21,200.21,2025-09
507555,2024-12-13,South,Window Treatments,Rep A,Canvassing,1,447.18,447.18,2024-12
507556,2024-05-22,South,Smart Blinds,Rep B,Referral,1,972.22,972.22,2024-05
507557,2024-05-21,South,Outdoor Shades,Rep E,Partner,4,742.76,2971.04,2024-05
507558,2024-12-17,South,Window Treatments,Rep A,Referral,3,384.58,1153.74,2024-12
507559,2024-03-25,South,Outdoor Shades,Rep D,Referral,5,294.86,1474.3,2024-03
507560,2025-08-14,South,Window Treatments,Rep B,Inbound Call,1,1027.81,1027.81,2025-08
507561,2025-08-03,South,Outdoor Shades,Rep A,Website,3,957.31,2871.93,2025-08
507562,2024-06-12,East,Smart Blinds,Rep D,Partner,2,606.01,1212.02,2024-06
507563,2024-05-10,East,Window Treatments,Rep B,Referral,5,751.15,3755.75,2024-05
507564,2024-07-27,Midwest,Window Treatments,Rep D,Canvassing,1,819.36,819.36,2024-07
507565,2024-01-28,South,Outdoor Shades,Rep A,Website,1,741.69,741.69,2024-01
507566,2025-04-01,South,Window Treatments,Rep D,Website,3,268.03,804.09,2025-04
507567,2025-11-21,Midwest,Window Treatments,Rep E,Canvassing,5,724.29,3621.45,2025-11
507568,2024-04-19,West,Smart Blinds,Rep A,Referral,3,172.4,517.2,2024-04
507569,2025-05-07,West,Smart Blinds,Rep A,Inbound Call,4,260.36,1041.44,2025-05
507570,2025-04-01,South,Accessories,Rep B,Canvassing,3,575.29,1725.87,2025-04
507571,2024-12-17,Midwest,Window Treatments,Rep B,Referral,2,337.27,674.54,2024-12
507572,2025-03-31,West,Smart Blinds,Rep B,Canvassing,5,256.42,1282.1,2025-03
507573,2025-04-04,East,Window Treatments,Rep C,Inbound Call,2,707.62,1415.24,2025-04
507574,2024-05-06,South,Window Treatments,Rep A,Referral,3,810.23,2430.69,2024-05
507575,2024-11-28,Midwest,Smart Blinds,Rep C,Website,1,956.75,956.75,2024-11
507576,2024-02-13,Midwest,Window Treatments,Rep D,Partner,5,858.76,4293.8,2024-02
507577,2024-06-03,Midwest,Accessories,Rep A,Inbound Call,2,223.39,446.78,2024-06
507578,2024-01-20,West,Outdoor Shades,Rep D,Partner,2,460.55,921.1,2024-01
507579,2024-03-09,East,Outdoor Shades,Rep B,Partner,5,534.8,2674.0,2024-03
507580,2025-10-01,West,Outdoor Shades,Rep D,Inbound Call,1,127.17,127.17,2025-10
507581,2024-03-29,Midwest,Window Treatments,Rep E,Canvassing,4,629.93,2519.72,2024-03
507582,2024-01-05,South,Outdoor Shades,Rep D,Referral,4,622.21,2488.84,2024-01
507583,2024-01-26,West,Outdoor Shades,Rep B,Partner,3,305.18,915.54,2024-01
507584,2024-10-15,Midwest,Window Treatments,Rep E,Inbound Call,1,245.95,245.95,2024-10
507585,2024-03-06,South,Smart Blinds,Rep A,Partner,3,741.27,2223.81,2024-03
507586,2025-12-06,South,Outdoor Shades,Rep E,Website,1,472.41,472.41,2025-12
507587,2024-11-08,East,Window Treatments,Rep E,Canvassing,1,203.73,203.73,2024-11
507588,2024-10-05,Midwest,Outdoor Shades,Rep D,Referral,5,656.95,3284.75,2024-10
507589,2024-01-23,East,Accessories,Rep D,Inbound Call,5,970.04,4850.2,2024-01
507590,2024-05-05,Midwest,Outdoor Shades,Rep E,Inbound Call,1,1060.14,1060.14,2024-05
507591,2024-01-08,West,Window Treatments,Rep E,Inbound Call,1,685.17,685.17,2024-01
507592,2024-01-03,Midwest,Window Treatments,Rep D,Website,1,911.47,911.47,2024-01
507593,2025-03-07,Midwest,Smart Blinds,Rep A,Website,3,508.69,1526.07,2025-03
507594,2025-01-30,East,Smart Blinds,Rep E,Canvassing,1,523.23,523.23,2025-01
507595,2024-09-28,West,Smart Blinds,Rep E,Website,3,800.81,2402.43,2024-09
507596,2025-09-13,South,Smart Blinds,Rep E,Inbound Call,2,249.08,498.16,2025-09
507597,2025-10-17,South,Accessories,Rep B,Canvassing,3,403.22,1209.66,2025-10
507598,2025-02-14,West,Outdoor Shades,Rep C,Partner,2,813.86,1627.72,2025-02
507599,2024-04-02,East,Outdoor Shades,Rep B,Canvassing,2,934.01,1868.02,2024-04
507600,2024-02-22,Midwest,Window Treatments,Rep C,Referral,2,196.16,392.32,2024-02
507601,2025-04-03,South,Smart Blinds,Rep B,Canvassing,1,370.96,370.96,2025-04
507602,2024-02-06,South,Smart Blinds,Rep A,Partner,4,170.9,683.6,2024-02
507603,2025-10-02,South,Outdoor Shades,Rep A,Canvassing,2,552.54,1105.08,2025-10
507604,2025-03-13,Midwest,Window Treatments,Rep B,Inbound Call,5,961.38,4806.9,2025-03
507605,2025-04-28,West,Smart Blinds,Rep E,Partner,3,645.56,1936.68,2025-04
507606,2025-03-25,East,Outdoor Shades,Rep C,Referral,1,388.19,388.19,2025-03
507607,2024-08-20,West,Smart Blinds,Rep C,Website,5,771.82,3859.1,2024-08
507608,2024-09-25,East,Outdoor Shades,Rep E,Referral,5,343.06,1715.3,2024-09
507609,2025-04-13,West,Accessories,Rep D,Partner,1,370.86,370.86,2025-04
507610,2025-01-23,West,Smart Blinds,Rep B,Canvassing,4,319.17,1276.68,2025-01
507611,2025-06-12,Midwest,Outdoor Shades,Rep A,Partner,4,775.15,3100.6,2025-06
507612,2024-05-27,East,Window Treatments,Rep A,Inbound Call,1,219.98,219.98,2024-05
507613,2024-03-17,East,Smart Blinds,Rep D,Partner,1,273.36,273.36,2024-03
507614,2024-11-24,East,Window Treatments,Rep A,Canvassing,2,556.67,1113.34,2024-11
507615,2025-02-04,South,Window Treatments,Rep E,Referral,1,528.82,528.82,2025-02
507616,2024-10-13,West,Outdoor Shades,Rep B,Canvassing,2,617.41,1234.82,2024-10
507617,2025-11-28,East,Window Treatments,Rep B,Referral,3,960.93,2882.79,2025-11
507618,2025-02-09,Midwest,Window Treatments,Rep E,Referral,5,850.34,4251.7,2025-02
507619,2025-06-04,West,Outdoor Shades,Rep E,Website,1,523.69,523.69,2025-06
507620,2024-02-18,Midwest,Window Treatments,Rep B,Partner,1,305.33,305.33,2024-02
507621,2024-09-11,South,Outdoor Shades,Rep A,Website,5,386.73,1933.65,2024-09
507622,2025-02-07,South,Accessories,Rep B,Partner,4,630.51,2522.04,2025-02
507623,2024-11-16,East,Window Treatments,Rep B,Partner,3,1087.46,3262.38,2024-11
507624,2025-02-07,South,Window Treatments,Rep C,Website,3,959.39,2878.17,2025-02
507625,2025-08-10,Midwest,Smart Blinds,Rep D,Inbound Call,4,686.69,2746.76,2025-08
507626,2025-06-07,West,Outdoor Shades,Rep D,Canvassing,5,831.46,4157.3,2025-06
507627,2025-08-26,East,Outdoor Shades,Rep A,Inbound Call,4,245.85,983.4,2025-08
507628,2025-05-17,East,Accessories,Rep D,Canvassing,5,612.83,3064.15,2025-05
507629,2024-10-24,Midwest,Window Treatments,Rep D,Inbound Call,1,556.72,556.72,2024-10
507630,2024-11-21,South,Accessories,Rep B,Inbound Call,3,342.27,1026.81,2024-11
507631,2024-03-31,South,Window Treatments,Rep E,Referral,1,559.62,559.62,2024-03
507632,2025-11-11,East,Window Treatments,Rep E,Referral,2,211.5,423.0,2025-11
507633,2024-01-13,East,Smart Blinds,Rep B,Website,1,494.21,494.21,2024-01
507634,2024-02-27,East,Smart Blinds,Rep A,Referral,2,622.63,1245.26,2024-02
507635,2024-08-12,South,Smart Blinds,Rep B,Canvassing,3,668.75,2006.25,2024-08
507636,2025-01-06,East,Outdoor Shades,Rep A,Partner,5,733.34,3666.7,2025-01
507637,2024-09-12,South,Outdoor Shades,Rep C,Referral,3,656.33,1968.99,2024-09
507638,2025-06-12,Midwest,Window Treatments,Rep A,Partner,2,756.46,1512.92,2025-06
507639,2024-02-26,South,Outdoor Shades,Rep B,Inbound Call,4,518.36,2073.44,2024-02
507640,2025-03-18,West,Window Treatments,Rep A,Referral,3,485.33,1455.99,2025-03
507641,2024-05-10,West,Smart Blinds,Rep A,Canvassing,2,1009.23,2018.46,2024-05
507642,2024-05-04,East,Window Treatments,Rep C,Inbound Call,3,449.77,1349.31,2024-05
507643,2025-01-22,Midwest,Window Treatments,Rep B,Partner,3,208.68,626.04,2025-01
507644,2024-10-05,South,Window Treatments,Rep E,Inbound Call,5,288.39,1441.95,2024-10
507645,2024-11-04,East,Outdoor Shades,Rep E,Partner,3,518.03,1554.09,2024-11
507646,2024-04-23,East,Window Treatments,Rep E,Referral,4,652.7,2610.8,2024-04
507647,2025-07-07,South,Outdoor Shades,Rep A,Referral,1,1022.67,1022.67,2025-07
507648,2024-02-04,West,Window Treatments,Rep A,Canvassing,5,250.47,1252.35,2024-02
507649,2024-05-10,Midwest,Window Treatments,Rep B,Canvassing,3,125.62,376.86,2024-05
507650,2024-03-16,East,Smart Blinds,Rep A,Website,4,427.24,1708.96,2024-03
507651,2025-01-08,West,Outdoor Shades,Rep E,Inbound Call,2,521.96,1043.92,2025-01
507652,2025-05-02,Midwest,Accessories,Rep B,Website,5,374.18,1870.9,2025-05
507653,2024-10-30,East,Window Treatments,Rep E,Referral,4,446.31,1785.24,2024-10
507654,2024-05-23,South,Window Treatments,Rep B,Referral,5,434.7,2173.5,2024-05
507655,2025-01-29,West,Smart Blinds,Rep A,Inbound Call,2,490.1,980.2,2025-01
507656,2025-09-12,East,Accessories,Rep E,Canvassing,1,134.11,134.11,2025-09
507657,2025-10-25,South,Outdoor Shades,Rep C,Partner,4,1025.18,4100.72,2025-10
507658,2025-02-19,Midwest,Window Treatments,Rep E,Website,1,931.13,931.13,2025-02
507659,2024-02-19,West,Outdoor Shades,Rep D,Partner,5,427.63,2138.15,2024-02
507660,2024-08-21,South,Outdoor Shades,Rep C,Referral,4,964.95,3859.8,2024-08
507661,2025-05-17,East,Window Treatments,Rep A,Inbound Call,4,384.15,1536.6,2025-05
507662,2025-04-08,West,Outdoor Shades,Rep A,Partner,1,289.64,289.64,2025-04
507663,2024-04-12,South,Outdoor Shades,Rep C,Inbound Call,1,383.18,383.18,2024-04
507664,2025-04-30,Midwest,Accessories,Rep A,Partner,4,441.59,1766.36,2025-04
507665,2025-10-21,East,Outdoor Shades,Rep A,Partner,2,1025.46,2050.92,2025-10
507666,2024-08-19,East,Smart Blinds,Rep A,Website,4,478.7,1914.8,2024-08
507667,2025-02-06,East,Window Treatments,Rep A,Inbound Call,4,447.22,1788.88,2025-02
507668,2025-11-02,West,Outdoor Shades,Rep C,Website,3,527.53,1582.59,2025-11
507669,2025-07-04,East,Outdoor Shades,Rep B,Partner,5,208.61,1043.05,2025-07
507670,2024-10-16,South,Outdoor Shades,Rep E,Referral,1,483.03,483.03,2024-10
507671,2025-12-09,South,Outdoor Shades,Rep E,Website,2,225.42,450.84,2025-12
507672,2024-03-23,South,Outdoor Shades,Rep D,Canvassing,2,1036.62,2073.24,2024-03
507673,2025-03-16,East,Smart Blinds,Rep A,Inbound Call,1,907.56,907.56,2025-03
507674,2025-03-02,South,Window Treatments,Rep C,Referral,5,212.93,1064.65,2025-03
507675,2024-05-09,East,Outdoor Shades,Rep D,Partner,2,676.54,1353.08,2024-05
507676,2024-07-28,South,Window Treatments,Rep A,Canvassing,2,787.88,1575.76,2024-07
507677,2025-05-21,South,Window Treatments,Rep A,Website,3,550.31,1650.93,2025-05
507678,2024-02-02,South,Outdoor Shades,Rep B,Referral,2,372.55,745.1,2024-02
507679,2024-10-29,East,Accessories,Rep D,Inbound Call,4,709.09,2836.36,2024-10
507680,2025-08-11,Midwest,Accessories,Rep B,Referral,5,829.73,4148.65,2025-08
507681,2024-09-03,Midwest,Window Treatments,Rep D,Website,2,785.05,1570.1,2024-09
507682,2025-10-29,East,Outdoor Shades,Rep B,Website,1,1056.59,1056.59,2025-10
507683,2024-10-27,West,Accessories,Rep E,Inbound Call,1,674.9,674.9,2024-10
507684,2025-07-13,East,Outdoor Shades,Rep A,Website,3,567.86,1703.58,2025-07
507685,2025-01-24,East,Smart Blinds,Rep B,Canvassing,5,133.15,665.75,2025-01
507686,2024-03-12,South,Outdoor Shades,Rep B,Inbound Call,4,147.98,591.92,2024-03
507687,2025-12-07,East,Window Treatments,Rep C,Referral,2,680.85,1361.7,2025-12
507688,2025-02-21,Midwest,Window Treatments,Rep A,Website,4,818.06,3272.24,2025-02
507689,2024-06-26,South,Outdoor Shades,Rep D,Website,1,695.11,695.11,2024-06
507690,2025-04-05,East,Smart Blinds,Rep E,Website,5,247.89,1239.45,2025-04
507691,2024-08-16,East,Window Treatments,Rep B,Canvassing,4,1081.84,4327.36,2024-08
507692,2024-05-18,West,Outdoor Shades,Rep A,Inbound Call,4,966.57,3866.28,2024-05
507693,2024-08-25,East,Smart Blinds,Rep C,Canvassing,5,958.75,4793.75,2024-08
507694,2024-10-14,South,Window Treatments,Rep A,Canvassing,4,1045.26,4181.04,2024-10
507695,2024-09-23,West,Window Treatments,Rep A,Inbound Call,4,967.24,3868.96,2024-09
507696,2024-03-19,East,Outdoor Shades,Rep D,Partner,5,303.75,1518.75,2024-03
507697,2025-07-23,South,Window Treatments,Rep A,Inbound Call,5,337.74,1688.7,2025-07
507698,2024-06-11,Midwest,Window Treatments,Rep B,Canvassing,5,602.1,3010.5,2024-06
507699,2025-03-21,East,Window Treatments,Rep D,Partner,5,247.41,1237.05,2025-03
507700,2025-08-03,West,Window Treatments,Rep D,Referral,5,1076.43,5382.15,2025-08
507701,2025-10-25,East,Window Treatments,Rep E,Website,1,856.02,856.02,2025-10
507702,2025-10-22,West,Window Treatments,Rep C,Website,1,421.99,421.99,2025-10
507703,2025-01-07,West,Outdoor Shades,Rep E,Canvassing,4,580.41,2321.64,2025-01
507704,2024-11-30,Midwest,Outdoor Shades,Rep E,Inbound Call,5,588.31,2941.55,2024-11
507705,2024-03-30,East,Window Treatments,Rep A,Partner,3,703.98,2111.94,2024-03
507706,2025-08-07,East,Window Treatments,Rep B,Partner,3,643.12,1929.36,2025-08
507707,2024-09-03,South,Outdoor Shades,Rep B,Partner,2,204.08,408.16,2024-09
507708,2024-11-17,South,Outdoor Shades,Rep D,Website,3,1016.5,3049.5,2024-11
507709,2024-04-16,East,Outdoor Shades,Rep C,Website,5,412.75,2063.75,2024-04
507710,2024-11-08,East,Smart Blinds,Rep A,Inbound Call,5,401.46,2007.3,2024-11
507711,2025-03-20,East,Outdoor Shades,Rep A,Website,4,830.68,3322.72,2025-03
507712,2025-06-05,East,Window Treatments,Rep B,Inbound Call,4,378.82,1515.28,2025-06
507713,2025-08-18,East,Window Treatments,Rep E,Referral,1,687.33,687.33,2025-08
507714,2025-07-17,South,Outdoor Shades,Rep B,Website,3,640.31,1920.93,2025-07
507715,2024-05-29,South,Window Treatments,Rep A,Canvassing,3,178.43,535.29,2024-05
507716,2025-11-05,East,Window Treatments,Rep B,Website,1,934.54,934.54,2025-11
507717,2024-09-08,South,Smart Blinds,Rep E,Website,5,932.05,4660.25,2024-09
507718,2025-10-20,East,Accessories,Rep A,Website,2,1091.92,2183.84,2025-10
507719,2025-10-17,South,Outdoor Shades,Rep C,Inbound Call,2,636.37,1272.74,2025-10
507720,2024-10-15,South,Window Treatments,Rep A,Partner,4,642.86,2571.44,2024-10
507721,2025-08-27,South,Accessories,Rep C,Inbound Call,2,472.07,944.14,2025-08
507722,2024-02-04,South,Accessories,Rep E,Inbound Call,2,130.45,260.9,2024-02
507723,2025-04-14,South,Smart Blinds,Rep D,Website,2,420.62,841.24,2025-04
507724,2024-11-22,South,Window Treatments,Rep E,Website,2,811.0,1622.0,2024-11
507725,2024-05-26,East,Window Treatments,Rep A,Website,3,707.84,2123.52,2024-05
507726,2024-09-26,West,Smart Blinds,Rep D,Partner,2,313.61,627.22,2024-09
507727,2024-07-24,West,Accessories,Rep B,Canvassing,2,1083.27,2166.54,2024-07
507728,2024-08-30,East,Window Treatments,Rep D,Canvassing,2,352.01,704.02,2024-08
507729,2025-11-07,West,Window Treatments,Rep D,Inbound Call,2,932.62,1865.24,2025-11
507730,2025-05-27,Midwest,Outdoor Shades,Rep B,Inbound Call,5,993.64,4968.2,2025-05
507731,2025-06-10,Midwest,Outdoor Shades,Rep E,Partner,4,591.48,2365.92,2025-06
507732,2025-10-01,East,Accessories,Rep B,Referral,2,1086.26,2172.52,2025-10
507733,2025-04-27,West,Window Treatments,Rep E,Partner,4,412.35,1649.4,2025-04
507734,2024-06-01,West,Accessories,Rep D,Website,1,1004.99,1004.99,2024-06
507735,2025-11-25,East,Window Treatments,Rep C,Partner,1,237.34,237.34,2025-11
507736,2024-12-19,Midwest,Outdoor Shades,Rep C,Referral,3,592.06,1776.18,2024-12
507737,2025-10-26,West,Window Treatments,Rep D,Website,5,574.24,2871.2,2025-10
507738,2025-09-14,West,Window Treatments,Rep D,Inbound Call,1,792.42,792.42,2025-09
507739,2024-11-29,South,Smart Blinds,Rep E,Partner,3,531.8,1595.4,2024-11
507740,2024-05-25,South,Window Treatments,Rep A,Partner,4,756.97,3027.88,2024-05
507741,2025-03-21,Midwest,Window Treatments,Rep E,Website,2,617.96,1235.92,2025-03
507742,2025-05-18,West,Outdoor Shades,Rep E,Canvassing,1,131.32,131.32,2025-05
507743,2025-04-25,Midwest,Outdoor Shades,Rep C,Canvassing,5,481.95,2409.75,2025-04
507744,2025-11-29,South,Window Treatments,Rep E,Inbound Call,2,557.11,1114.22,2025-11
507745,2025-09-23,East,Outdoor Shades,Rep B,Partner,5,121.31,606.55,2025-09
507746,2025-03-30,South,Window Treatments,Rep B,Partner,4,399.22,1596.88,2025-03
507747,2025-05-30,East,Window Treatments,Rep C,Inbound Call,4,337.36,1349.44,2025-05
507748,2025-09-04,West,Window Treatments,Rep A,Inbound Call,4,996.8,3987.2,2025-09
507749,2024-01-02,West,Window Treatments,Rep B,Referral,4,457.79,1831.16,2024-01
507750,2024-06-21,Midwest,Window Treatments,Rep B,Partner,3,749.67,2249.01,2024-06
507751,2025-08-08,Midwest,Window Treatments,Rep B,Referral,3,233.99,701.97,2025-08
507752,2025-01-27,East,Accessories,Rep D,Partner,5,211.56,1057.8,2025-01
507753,2024-07-11,South,Window Treatments,Rep E,Partner,5,566.79,2833.95,2024-07
507754,2025-08-06,East,Window Treatments,Rep E,Partner,3,729.02,2187.06,2025-08
507755,2025-12-09,Midwest,Window Treatments,Rep D,Canvassing,4,429.52,1718.08,2025-12
507756,2024-11-16,West,Outdoor Shades,Rep D,Inbound Call,2,630.24,1260.48,2024-11
507757,2025-05-22,East,Window Treatments,Rep B,Inbound Call,4,383.11,1532.44,2025-05
507758,2025-10-26,West,Window Treatments,Rep D,Referral,3,750.93,2252.79,2025-10
507759,2024-06-24,South,Accessories,Rep C,Inbound Call,2,417.63,835.26,2024-06
507760,2025-03-09,West,Window Treatments,Rep A,Inbound Call,4,703.64,2814.56,2025-03
507761,2024-08-23,West,Outdoor Shades,Rep E,Website,2,425.67,851.34,2024-08
507762,2025-09-09,East,Window Treatments,Rep E,Referral,3,317.0,951.0,2025-09
507763,2024-06-22,Midwest,Window Treatments,Rep C,Canvassing,3,159.18,477.54,2024-06
507764,2025-03-28,East,Outdoor Shades,Rep D,Website,3,313.8,941.4,2025-03
507765,2024-08-09,South,Window Treatments,Rep B,Inbound Call,2,306.47,612.94,2024-08
507766,2025-11-19,Midwest,Smart Blinds,Rep E,Partner,2,828.11,1656.22,2025-11
507767,2025-10-11,East,Smart Blinds,Rep B,Website,3,562.39,1687.17,2025-10
507768,2025-03-21,East,Outdoor Shades,Rep A,Website,1,1056.45,1056.45,2025-03
507769,2025-01-23,East,Smart Blinds,Rep A,Website,2,688.16,1376.32,2025-01
507770,2024-07-08,West,Smart Blinds,Rep C,Partner,3,387.95,1163.85,2024-07
507771,2024-09-10,East,Outdoor Shades,Rep C,Inbound Call,1,872.38,872.38,2024-09
507772,2024-06-18,East,Window Treatments,Rep B,Referral,4,733.75,2935.0,2024-06
507773,2025-09-20,South,Window Treatments,Rep C,Website,3,948.92,2846.76,2025-09
507774,2024-07-22,West,Window Treatments,Rep E,Referral,4,371.92,1487.68,2024-07
507775,2024-11-27,Midwest,Window Treatments,Rep A,Inbound Call,3,694.16,2082.48,2024-11
507776,2025-01-05,Midwest,Smart Blinds,Rep D,Canvassing,4,233.98,935.92,2025-01
507777,2025-02-20,South,Accessories,Rep A,Canvassing,2,376.03,752.06,2025-02
507778,2024-02-14,Midwest,Window Treatments,Rep C,Inbound Call,1,514.76,514.76,2024-02
507779,2024-07-24,Midwest,Window Treatments,Rep C,Partner,2,798.02,1596.04,2024-07
507780,2024-12-20,South,Accessories,Rep B,Canvassing,2,406.54,813.08,2024-12
507781,2025-01-05,Midwest,Outdoor Shades,Rep E,Referral,5,904.93,4524.65,2025-01
507782,2025-10-05,Midwest,Window Treatments,Rep D,Inbound Call,3,1041.04,3123.12,2025-10
507783,2025-11-18,West,Window Treatments,Rep B,Website,1,1050.79,1050.79,2025-11
507784,2025-09-03,South,Smart Blinds,Rep E,Inbound Call,5,1036.25,5181.25,2025-09
507785,2025-12-30,West,Window Treatments,Rep E,Referral,1,434.98,434.98,2025-12
507786,2024-12-29,Midwest,Window Treatments,Rep E,Partner,3,231.17,693.51,2024-12
507787,2024-11-10,Midwest,Accessories,Rep A,Canvassing,1,699.44,699.44,2024-11
507788,2024-06-17,East,Smart Blinds,Rep C,Referral,1,814.38,814.38,2024-06
507789,2025-07-09,South,Window Treatments,Rep D,Partner,1,200.98,200.98,2025-07
507790,2024-03-05,East,Outdoor Shades,Rep E,Partner,5,371.0,1855.0,2024-03
507791,2024-01-14,Midwest,Outdoor Shades,Rep E,Inbound Call,2,805.48,1610.96,2024-01
507792,2025-06-09,West,Outdoor Shades,Rep C,Canvassing,4,344.63,1378.52,2025-06
507793,2025-04-16,West,Outdoor Shades,Rep B,Partner,4,316.74,1266.96,2025-04
507794,2024-12-11,West,Window Treatments,Rep B,Website,3,124.28,372.84,2024-12
507795,2025-05-06,West,Outdoor Shades,Rep B,Canvassing,4,878.88,3515.52,2025-05
507796,2025-08-13,East,Outdoor Shades,Rep C,Referral,4,799.0,3196.0,2025-08
507797,2024-09-30,West,Outdoor Shades,Rep E,Partner,5,273.57,1367.85,2024-09
507798,2024-11-23,East,Window Treatments,Rep E,Canvassing,1,1090.61,1090.61,2024-11
507799,2024-04-09,Midwest,Accessories,Rep B,Referral,5,765.11,3825.55,2024-04
507800,2024-01-09,Midwest,Smart Blinds,Rep C,Website,4,432.1,1728.4,2024-01
507801,2024-09-17,Midwest,Outdoor Shades,Rep B,Partner,2,1087.67,2175.34,2024-09
507802,2024-01-14,West,Accessories,Rep A,Website,2,346.92,693.84,2024-01
507803,2024-09-25,South,Smart Blinds,Rep C,Inbound Call,3,143.8,431.4,2024-09
507804,2025-08-09,Midwest,Window Treatments,Rep B,Canvassing,4,582.79,2331.16,2025-08
507805,2024-09-02,Midwest,Window Treatments,Rep D,Inbound Call,3,843.62,2530.86,2024-09
507806,2024-07-27,Midwest,Window Treatments,Rep C,Referral,3,926.97,2780.91,2024-07
507807,2025-03-20,Midwest,Window Treatments,Rep D,Website,5,996.93,4984.65,2025-03
507808,2024-01-30,West,Outdoor Shades,Rep D,Inbound Call,3,312.2,936.6,2024-01
507809,2025-02-27,Midwest,Window Treatments,Rep D,Canvassing,2,784.77,1569.54,2025-02
507810,2025-02-11,East,Accessories,Rep A,Website,1,216.8,216.8,2025-02
507811,2025-01-10,West,Window Treatments,Rep E,Referral,5,723.85,3619.25,2025-01
507812,2025-04-10,South,Window Treatments,Rep E,Website,1,319.03,319.03,2025-04
507813,2025-06-09,Midwest,Outdoor Shades,Rep C,Website,2,890.31,1780.62,2025-06
507814,2024-07-09,West,Window Treatments,Rep D,Canvassing,1,704.65,704.65,2024-07
507815,2025-10-23,South,Window Treatments,Rep C,Inbound Call,3,758.24,2274.72,2025-10
507816,2025-11-11,West,Outdoor Shades,Rep D,Partner,4,974.05,3896.2,2025-11
507817,2024-01-16,East,Smart Blinds,Rep B,Referral,3,312.04,936.12,2024-01
507818,2024-04-20,Midwest,Outdoor Shades,Rep C,Canvassing,5,340.55,1702.75,2024-04
507819,2025-07-25,West,Window Treatments,Rep E,Website,1,187.32,187.32,2025-07
507820,2024-05-29,South,Window Treatments,Rep D,Referral,3,858.15,2574.45,2024-05
507821,2024-11-23,West,Outdoor Shades,Rep E,Website,4,482.48,1929.92,2024-11
507822,2024-11-06,West,Outdoor Shades,Rep D,Website,4,469.77,1879.08,2024-11
507823,2024-11-15,Midwest,Smart Blinds,Rep B,Canvassing,5,247.21,1236.05,2024-11
507824,2025-12-28,West,Outdoor Shades,Rep D,Inbound Call,1,883.91,883.91,2025-12
507825,2025-09-14,East,Outdoor Shades,Rep D,Canvassing,1,623.0,623.0,2025-09
507826,2024-03-06,South,Outdoor Shades,Rep A,Referral,5,546.61,2733.05,2024-03
507827,2024-06-18,Midwest,Window Treatments,Rep D,Partner,5,1093.6,5468.0,2024-06
507828,2024-09-11,South,Outdoor Shades,Rep C,Website,4,935.77,3743.08,2024-09
507829,2024-06-22,East,Window Treatments,Rep E,Referral,2,810.2,1620.4,2024-06
507830,2025-03-14,East,Window Treatments,Rep D,Partner,5,832.33,4161.65,2025-03
507831,2024-04-17,West,Accessories,Rep E,Canvassing,4,857.07,3428.28,2024-04
507832,2024-02-22,South,Window Treatments,Rep E,Canvassing,3,995.15,2985.45,2024-02
507833,2025-01-18,South,Outdoor Shades,Rep C,Referral,2,357.89,715.78,2025-01
507834,2025-09-10,South,Outdoor Shades,Rep E,Canvassing,5,632.46,3162.3,2025-09
507835,2024-04-14,Midwest,Accessories,Rep A,Website,2,712.77,1425.54,2024-04
507836,2024-12-29,East,Window Treatments,Rep E,Website,4,609.59,2438.36,2024-12
507837,2024-02-14,Midwest,Window Treatments,Rep A,Canvassing,2,921.31,1842.62,2024-02
507838,2024-06-01,East,Smart Blinds,Rep E,Partner,5,639.02,3195.1,2024-06
507839,2025-01-13,West,Outdoor Shades,Rep B,Website,3,852.73,2558.19,2025-01
507840,2025-12-26,Midwest,Window Treatments,Rep A,Partner,2,1033.73,2067.46,2025-12
507841,2024-11-21,South,Outdoor Shades,Rep D,Inbound Call,4,997.91,3991.64,2024-11
507842,2024-07-18,East,Smart Blinds,Rep A,Website,4,340.92,1363.68,2024-07
507843,2024-06-23,East,Accessories,Rep E,Website,1,375.25,375.25,2024-06
507844,2024-12-17,East,Smart Blinds,Rep A,Referral,5,773.56,3867.8,2024-12
507845,2025-08-26,East,Outdoor Shades,Rep A,Website,4,639.16,2556.64,2025-08
507846,2024-09-03,Midwest,Smart Blinds,Rep D,Inbound Call,1,1052.94,1052.94,2024-09
507847,2024-04-08,East,Window Treatments,Rep A,Referral,4,652.09,2608.36,2024-04
507848,2025-03-23,Midwest,Window Treatments,Rep B,Website,4,629.47,2517.88,2025-03
507849,2024-11-05,Midwest,Accessories,Rep D,Partner,5,385.55,1927.75,2024-11
507850,2024-05-25,East,Outdoor Shades,Rep E,Inbound Call,2,227.7,455.4,2024-05
507851,2025-08-07,South,Outdoor Shades,Rep E,Referral,2,358.42,716.84,2025-08
507852,2024-05-21,South,Window Treatments,Rep E,Partner,3,163.04,489.12,2024-05
507853,2024-09-14,East,Window Treatments,Rep A,Inbound Call,5,1008.73,5043.65,2024-09
507854,2025-10-24,West,Smart Blinds,Rep A,Canvassing,3,362.27,1086.81,2025-10
507855,2025-08-05,South,Accessories,Rep B,Inbound Call,4,410.76,1643.04,2025-08
507856,2024-01-28,South,Window Treatments,Rep E,Website,2,547.88,1095.76,2024-01
507857,2025-10-08,South,Window Treatments,Rep C,Canvassing,5,823.72,4118.6,2025-10
507858,2025-01-01,South,Window Treatments,Rep C,Partner,5,977.92,4889.6,2025-01
507859,2024-09-21,Midwest,Outdoor Shades,Rep E,Inbound Call,5,365.86,1829.3,2024-09
507860,2025-09-15,Midwest,Accessories,Rep C,Inbound Call,1,309.66,309.66,2025-09
507861,2024-04-18,Midwest,Outdoor Shades,Rep B,Referral,5,272.54,1362.7,2024-04
507862,2025-04-09,East,Outdoor Shades,Rep C,Canvassing,3,847.15,2541.45,2025-04
507863,2024-08-13,East,Smart Blinds,Rep E,Partner,1,965.16,965.16,2024-08
507864,2024-03-13,West,Window Treatments,Rep A,Referral,2,540.71,1081.42,2024-03
507865,2024-05-06,East,Window Treatments,Rep D,Website,5,340.77,1703.85,2024-05
507866,2025-03-17,East,Window Treatments,Rep A,Partner,5,538.81,2694.05,2025-03
507867,2024-05-16,East,Smart Blinds,Rep A,Partner,3,923.15,2769.45,2024-05
507868,2024-05-15,South,Outdoor Shades,Rep C,Canvassing,4,957.55,3830.2,2024-05
507869,2024-01-29,West,Smart Blinds,Rep A,Website,5,990.2,4951.0,2024-01
507870,2024-07-22,West,Window Treatments,Rep A,Referral,3,677.94,2033.82,2024-07
507871,2025-12-02,East,Smart Blinds,Rep A,Inbound Call,3,467.34,1402.02,2025-12
507872,2025-11-13,East,Outdoor Shades,Rep B,Partner,3,523.07,1569.21,2025-11
507873,2025-01-31,West,Accessories,Rep E,Inbound Call,1,939.56,939.56,2025-01
507874,2024-11-28,South,Outdoor Shades,Rep B,Referral,4,1061.38,4245.52,2024-11
507875,2025-03-08,South,Accessories,Rep C,Referral,1,419.55,419.55,2025-03
507876,2025-06-06,South,Accessories,Rep B,Referral,2,433.78,867.56,2025-06
507877,2025-10-05,Midwest,Smart Blinds,Rep C,Website,3,591.29,1773.87,2025-10
507878,2024-12-02,Midwest,Outdoor Shades,Rep A,Website,4,775.14,3100.56,2024-12
507879,2024-11-03,Midwest,Window Treatments,Rep A,Partner,4,1084.19,4336.76,2024-11
507880,2024-11-17,Midwest,Window Treatments,Rep B,Canvassing,5,604.95,3024.75,2024-11
507881,2024-04-15,Midwest,Window Treatments,Rep E,Referral,4,571.58,2286.32,2024-04
507882,2024-05-09,West,Window Treatments,Rep E,Inbound Call,5,254.68,1273.4,2024-05
507883,2025-09-14,Midwest,Window Treatments,Rep D,Partner,4,620.08,2480.32,2025-09
507884,2025-05-20,West,Window Treatments,Rep B,Inbound Call,3,735.68,2207.04,2025-05
507885,2024-02-08,West,Window Treatments,Rep B,Canvassing,3,685.77,2057.31,2024-02
507886,2024-08-28,South,Window Treatments,Rep B,Inbound Call,2,487.75,975.5,2024-08
507887,2025-09-06,East,Window Treatments,Rep E,Partner,3,986.25,2958.75,2025-09
507888,2024-01-05,West,Window Treatments,Rep B,Partner,1,659.24,659.24,2024-01
507889,2025-12-31,East,Outdoor Shades,Rep C,Canvassing,3,771.02,2313.06,2025-12
507890,2024-11-11,Midwest,Window Treatments,Rep A,Website,2,664.98,1329.96,2024-11
507891,2024-07-09,Midwest,Outdoor Shades,Rep A,Partner,4,842.1,3368.4,2024-07
507892,2025-05-11,Midwest,Smart Blinds,Rep D,Canvassing,4,1066.29,4265.16,2025-05
507893,2024-06-19,South,Smart Blinds,Rep A,Website,1,393.28,393.28,2024-06
507894,2024-05-04,East,Smart Blinds,Rep C,Partner,4,227.69,910.76,2024-05
507895,2025-04-08,West,Window Treatments,Rep B,Partner,4,721.54,2886.16,2025-04
507896,2024-08-16,East,Accessories,Rep D,Partner,2,750.24,1500.48,2024-08
507897,2025-01-21,Midwest,Window Treatments,Rep D,Canvassing,5,281.91,1409.55,2025-01
507898,2025-09-15,West,Window Treatments,Rep B,Inbound Call,3,293.68,881.04,2025-09
507899,2024-11-29,East,Smart Blinds,Rep A,Referral,1,660.73,660.73,2024-11
507900,2025-05-04,Midwest,Outdoor Shades,Rep A,Canvassing,5,458.24,2291.2,2025-05
507901,2024-03-10,West,Window Treatments,Rep A,Website,4,768.15,3072.6,2024-03
507902,2024-11-22,East,Smart Blinds,Rep A,Inbound Call,2,954.92,1909.84,2024-11
507903,2024-05-19,Midwest,Outdoor Shades,Rep A,Referral,2,814.95,1629.9,2024-05
507904,2025-02-08,Midwest,Outdoor Shades,Rep C,Canvassing,3,649.62,1948.86,2025-02
507905,2024-03-21,East,Window Treatments,Rep E,Referral,5,484.02,2420.1,2024-03
507906,2025-07-17,Midwest,Outdoor Shades,Rep C,Canvassing,4,617.76,2471.04,2025-07
507907,2025-04-06,Midwest,Outdoor Shades,Rep A,Partner,5,405.84,2029.2,2025-04
507908,2025-09-22,West,Smart Blinds,Rep D,Referral,3,245.18,735.54,2025-09
507909,2025-01-22,South,Accessories,Rep D,Partner,1,212.86,212.86,2025-01
507910,2025-10-04,South,Outdoor Shades,Rep C,Partner,1,213.93,213.93,2025-10
507911,2025-06-08,East,Accessories,Rep E,Inbound Call,4,261.06,1044.24,2025-06
507912,2024-01-21,West,Accessories,Rep B,Referral,3,243.17,729.51,2024-01
507913,2024-07-19,East,Window Treatments,Rep C,Canvassing,2,550.27,1100.54,2024-07
507914,2025-04-23,East,Outdoor Shades,Rep A,Website,4,263.17,1052.68,2025-04
507915,2025-05-05,West,Smart Blinds,Rep C,Partner,1,747.48,747.48,2025-05
507916,2024-05-24,Midwest,Window Treatments,Rep B,Inbound Call,2,559.69,1119.38,2024-05
507917,2024-02-03,South,Outdoor Shades,Rep E,Partner,5,220.02,1100.1,2024-02
507918,2025-03-06,South,Outdoor Shades,Rep C,Partner,5,326.19,1630.95,2025-03
507919,2024-09-01,South,Outdoor Shades,Rep A,Inbound Call,2,954.43,1908.86,2024-09
507920,2024-11-16,Midwest,Window Treatments,Rep D,Website,3,591.06,1773.18,2024-11
507921,2025-04-25,East,Window Treatments,Rep A,Partner,3,477.55,1432.65,2025-04
507922,2025-06-30,West,Accessories,Rep D,Referral,5,215.47,1077.35,2025-06
507923,2025-09-03,South,Window Treatments,Rep A,Referral,5,847.62,4238.1,2025-09
507924,2024-05-30,South,Window Treatments,Rep A,Inbound Call,2,415.8,831.6,2024-05
507925,2025-07-31,South,Accessories,Rep B,Inbound Call,5,660.76,3303.8,2025-07
507926,2025-05-11,Midwest,Outdoor Shades,Rep A,Canvassing,3,890.95,2672.85,2025-05
507927,2024-03-11,Midwest,Smart Blinds,Rep C,Inbound Call,5,331.24,1656.2,2024-03
507928,2025-07-04,West,Accessories,Rep D,Inbound Call,2,472.52,945.04,2025-07
507929,2024-10-18,Midwest,Window Treatments,Rep A,Inbound Call,2,1003.59,2007.18,2024-10
507930,2024-12-24,West,Window Treatments,Rep A,Website,5,485.09,2425.45,2024-12
507931,2025-07-29,East,Outdoor Shades,Rep A,Inbound Call,1,963.66,963.66,2025-07
507932,2024-01-15,East,Window Treatments,Rep A,Canvassing,4,294.05,1176.2,2024-01
507933,2024-10-12,Midwest,Outdoor Shades,Rep C,Website,1,766.52,766.52,2024-10
507934,2025-04-16,South,Outdoor Shades,Rep B,Canvassing,4,642.82,2571.28,2025-04
507935,2025-11-25,Midwest,Accessories,Rep A,Partner,2,480.31,960.62,2025-11
507936,2024-08-14,West,Window Treatments,Rep A,Inbound Call,3,817.26,2451.78,2024-08
507937,2025-04-01,South,Window Treatments,Rep C,Partner,1,937.05,937.05,2025-04
507938,2025-09-13,West,Outdoor Shades,Rep D,Partner,2,993.6,1987.2,2025-09
507939,2025-10-03,South,Window Treatments,Rep C,Canvassing,1,763.29,763.29,2025-10
507940,2024-11-18,East,Smart Blinds,Rep B,Canvassing,1,598.16,598.16,2024-11
507941,2025-11-06,West,Smart Blinds,Rep E,Referral,2,268.97,537.94,2025-11
507942,2024-02-06,East,Window Treatments,Rep C,Partner,4,557.0,2228.0,2024-02
507943,2024-08-31,Midwest,Window Treatments,Rep D,Partner,2,662.54,1325.08,2024-08
507944,2024-12-20,West,Smart Blinds,Rep E,Referral,1,1066.56,1066.56,2024-12
507945,2024-11-28,Midwest,Accessories,Rep D,Inbound Call,2,960.49,1920.98,2024-11
507946,2025-02-28,West,Accessories,Rep B,Inbound Call,1,506.07,506.07,2025-02
507947,2024-04-09,West,Outdoor Shades,Rep C,Inbound Call,5,153.25,766.25,2024-04
507948,2025-12-01,Midwest,Outdoor Shades,Rep C,Canvassing,4,517.36,2069.44,2025-12
507949,2025-01-08,South,Window Treatments,Rep C,Partner,1,706.34,706.34,2025-01
507950,2025-09-14,West,Window Treatments,Rep C,Canvassing,1,667.22,667.22,2025-09
507951,2025-09-19,West,Accessories,Rep B,Website,3,164.72,494.16,2025-09
507952,2024-10-07,South,Outdoor Shades,Rep C,Referral,1,769.02,769.02,2024-10
507953,2024-12-22,Midwest,Outdoor Shades,Rep E,Canvassing,2,222.11,444.22,2024-12
507954,2024-01-12,South,Outdoor Shades,Rep C,Partner,4,254.87,1019.48,2024-01
507955,2025-02-10,South,Window Treatments,Rep C,Inbound Call,2,207.81,415.62,2025-02
507956,2025-03-28,Midwest,Window Treatments,Rep A,Website,5,315.98,1579.9,2025-03
507957,2024-02-29,South,Window Treatments,Rep E,Website,1,556.16,556.16,2024-02
507958,2025-04-16,East,Window Treatments,Rep C,Website,4,951.35,3805.4,2025-04
507959,2024-04-26,Midwest,Smart Blinds,Rep A,Canvassing,3,1056.9,3170.7,2024-04
507960,2025-07-18,West,Accessories,Rep E,Partner,3,552.83,1658.49,2025-07
507961,2025-08-30,East,Smart Blinds,Rep A,Referral,3,1034.02,3102.06,2025-08
507962,2024-03-03,West,Outdoor Shades,Rep B,Website,5,363.56,1817.8,2024-03
507963,2025-06-18,South,Window Treatments,Rep B,Partner,1,790.96,790.96,2025-06
507964,2024-10-28,South,Window Treatments,Rep B,Website,4,903.2,3612.8,2024-10
507965,2025-02-01,West,Window Treatments,Rep B,Canvassing,1,899.7,899.7,2025-02
507966,2025-09-27,East,Window Treatments,Rep C,Website,3,621.43,1864.29,2025-09
507967,2025-07-17,East,Outdoor Shades,Rep B,Canvassing,4,131.87,527.48,2025-07
507968,2024-10-02,South,Accessories,Rep E,Referral,4,339.79,1359.16,2024-10
507969,2024-12-19,East,Window Treatments,Rep A,Inbound Call,2,215.32,430.64,2024-12
507970,2025-02-19,East,Smart Blinds,Rep D,Website,4,713.67,2854.68,2025-02
507971,2025-09-16,East,Window Treatments,Rep D,Referral,2,749.09,1498.18,2025-09
507972,2025-06-02,West,Window Treatments,Rep A,Canvassing,4,353.22,1412.88,2025-06
507973,2024-12-17,Midwest,Window Treatments,Rep D,Website,5,676.8,3384.0,2024-12
507974,2025-09-01,East,Window Treatments,Rep B,Partner,1,1094.7,1094.7,2025-09
507975,2025-12-05,West,Window Treatments,Rep E,Website,3,624.02,1872.06,2025-12
507976,2025-09-26,East,Accessories,Rep E,Referral,2,877.47,1754.94,2025-09
507977,2025-05-09,South,Outdoor Shades,Rep D,Website,2,768.66,1537.32,2025-05
507978,2024-06-10,West,Smart Blinds,Rep B,Referral,4,217.84,871.36,2024-06
507979,2024-08-12,West,Smart Blinds,Rep B,Canvassing,1,630.37,630.37,2024-08
507980,2024-10-28,South,Window Treatments,Rep D,Website,3,537.57,1612.71,2024-10
507981,2024-02-14,East,Window Treatments,Rep C,Canvassing,2,824.38,1648.76,2024-02
507982,2025-11-24,South,Smart Blinds,Rep B,Referral,5,154.87,774.35,2025-11
507983,2025-11-07,Midwest,Window Treatments,Rep A,Partner,1,1045.97,1045.97,2025-11
507984,2025-07-24,Midwest,Outdoor Shades,Rep A,Website,2,600.79,1201.58,2025-07
507985,2025-02-02,East,Smart Blinds,Rep C,Website,5,822.25,4111.25,2025-02
507986,2024-06-14,South,Outdoor Shades,Rep C,Inbound Call,1,721.07,721.07,2024-06
507987,2025-07-24,South,Outdoor Shades,Rep C,Referral,4,884.44,3537.76,2025-07
507988,2025-12-19,South,Window Treatments,Rep D,Inbound Call,5,1051.72,5258.6,2025-12
507989,2025-02-24,East,Smart Blinds,Rep D,Referral,3,219.53,658.59,2025-02
507990,2024-02-05,West,Smart Blinds,Rep B,Partner,1,851.4,851.4,2024-02
507991,2025-04-04,Midwest,Outdoor Shades,Rep D,Inbound Call,3,138.81,416.43,2025-04
507992,2025-03-02,West,Outdoor Shades,Rep D,Referral,5,396.23,1981.15,2025-03
507993,2025-08-08,West,Window Treatments,Rep B,Referral,3,381.5,1144.5,2025-08
507994,2024-08-30,West,Window Treatments,Rep B,Inbound Call,3,298.12,894.36,2024-08
507995,2024-01-04,East,Outdoor Shades,Rep B,Partner,1,832.93,832.93,2024-01
507996,2025-02-26,East,Window Treatments,Rep C,Website,5,1090.01,5450.05,2025-02
507997,2024-08-13,Midwest,Window Treatments,Rep D,Website,5,948.92,4744.6,2024-08
507998,2025-07-05,East,Window Treatments,Rep E,Referral,3,593.32,1779.96,2025-07
507999,2024-04-17,East,Outdoor Shades,Rep D,Canvassing,4,139.41,557.64,2024-04
508000,2025-08-11,East,Smart Blinds,Rep C,Website,3,724.62,2173.86,2025-08
508001,2024-03-23,West,Smart Blinds,Rep D,Referral,5,581.32,2906.6,2024-03
508002,2024-12-24,West,Outdoor Shades,Rep D,Partner,1,142.91,142.91,2024-12
508003,2025-11-26,South,Accessories,Rep C,Referral,5,742.25,3711.25,2025-11
508004,2024-05-23,Midwest,Smart Blinds,Rep C,Referral,5,230.36,1151.8,2024-05
508005,2025-11-07,West,Smart Blinds,Rep E,Inbound Call,4,325.99,1303.96,2025-11
508006,2024-12-07,East,Window Treatments,Rep C,Inbound Call,5,728.98,3644.9,2024-12
508007,2024-12-21,Midwest,Window Treatments,Rep E,Canvassing,4,447.87,1791.48,2024-12
508008,2025-07-11,Midwest,Window Treatments,Rep B,Inbound Call,1,866.68,866.68,2025-07
508009,2025-05-16,South,Window Treatments,Rep D,Canvassing,2,190.21,380.42,2025-05
508010,2025-09-13,West,Window Treatments,Rep A,Canvassing,1,204.89,204.89,2025-09
508011,2025-06-12,South,Accessories,Rep A,Inbound Call,4,970.4,3881.6,2025-06
508012,2025-08-25,Midwest,Window Treatments,Rep E,Partner,5,244.28,1221.4,2025-08
508013,2024-07-19,South,Smart Blinds,Rep A,Website,2,260.25,520.5,2024-07
508014,2024-10-15,South,Accessories,Rep C,Inbound Call,5,973.03,4865.15,2024-10
508015,2025-03-14,West,Outdoor Shades,Rep E,Website,1,332.0,332.0,2025-03
508016,2025-05-26,South,Accessories,Rep D,Inbound Call,3,830.08,2490.24,2025-05
508017,2025-10-29,East,Window Treatments,Rep A,Partner,3,733.29,2199.87,2025-10
508018,2024-12-15,South,Window Treatments,Rep E,Canvassing,5,442.63,2213.15,2024-12
508019,2024-04-30,East,Outdoor Shades,Rep C,Partner,5,936.92,4684.6,2024-04
508020,2024-11-06,South,Window Treatments,Rep D,Website,1,943.9,943.9,2024-11
508021,2025-11-04,Midwest,Window Treatments,Rep C,Website,4,154.24,616.96,2025-11
508022,2024-05-31,South,Accessories,Rep D,Referral,4,548.06,2192.24,2024-05
508023,2025-12-24,Midwest,Smart Blinds,Rep C,Inbound Call,3,483.27,1449.81,2025-12
508024,2025-04-25,South,Outdoor Shades,Rep C,Website,5,334.51,1672.55,2025-04
508025,2025-01-31,South,Smart Blinds,Rep D,Referral,2,1043.96,2087.92,2025-01
508026,2024-12-16,West,Outdoor Shades,Rep A,Partner,4,316.3,1265.2,2024-12
508027,2025-11-21,East,Outdoor Shades,Rep A,Website,2,630.0,1260.0,2025-11
508028,2025-02-22,West,Smart Blinds,Rep E,Canvassing,2,323.41,646.82,2025-02
508029,2024-12-06,South,Window Treatments,Rep B,Canvassing,4,382.68,1530.72,2024-12
508030,2024-09-11,West,Window Treatments,Rep B,Referral,4,899.88,3599.52,2024-09
508031,2025-08-10,West,Smart Blinds,Rep A,Canvassing,5,785.89,3929.45,2025-08
508032,2024-09-30,Midwest,Window Treatments,Rep D,Inbound Call,2,602.83,1205.66,2024-09
508033,2025-06-05,South,Outdoor Shades,Rep A,Inbound Call,5,323.83,1619.15,2025-06
508034,2025-07-06,Midwest,Window Treatments,Rep C,Website,4,1089.23,4356.92,2025-07
508035,2024-04-19,South,Outdoor Shades,Rep D,Referral,2,171.56,343.12,2024-04
508036,2024-06-11,Midwest,Outdoor Shades,Rep D,Partner,1,139.05,139.05,2024-06
508037,2025-04-04,East,Outdoor Shades,Rep C,Website,4,1096.19,4384.76,2025-04
508038,2024-04-24,West,Outdoor Shades,Rep D,Website,5,292.35,1461.75,2024-04
508039,2024-09-02,West,Outdoor Shades,Rep C,Partner,1,844.57,844.57,2024-09
508040,2025-09-07,East,Smart Blinds,Rep C,Referral,2,991.52,1983.04,2025-09
508041,2024-09-04,East,Outdoor Shades,Rep A,Inbound Call,1,234.53,234.53,2024-09
508042,2024-01-17,West,Smart Blinds,Rep B,Partner,3,1026.02,3078.06,2024-01
508043,2025-05-19,East,Outdoor Shades,Rep A,Canvassing,4,251.32,1005.28,2025-05
508044,2025-03-22,Midwest,Outdoor Shades,Rep D,Inbound Call,3,581.1,1743.3,2025-03
508045,2024-12-02,Midwest,Outdoor Shades,Rep D,Website,5,423.76,2118.8,2024-12
508046,2024-11-13,South,Accessories,Rep B,Inbound Call,5,474.59,2372.95,2024-11
508047,2025-05-09,West,Window Treatments,Rep D,Inbound Call,3,204.29,612.87,2025-05
508048,2024-10-25,Midwest,Smart Blinds,Rep E,Referral,4,763.53,3054.12,2024-10
508049,2024-05-18,East,Smart Blinds,Rep D,Website,1,733.47,733.47,2024-05
508050,2025-11-14,East,Window Treatments,Rep C,Website,3,954.55,2863.65,2025-11
508051,2025-11-29,West,Outdoor Shades,Rep C,Referral,5,1063.16,5315.8,2025-11
508052,2025-09-17,Midwest,Smart Blinds,Rep E,Website,1,274.73,274.73,2025-09
508053,2025-01-31,Midwest,Window Treatments,Rep C,Website,1,307.65,307.65,2025-01
508054,2025-12-19,West,Window Treatments,Rep D,Canvassing,2,887.29,1774.58,2025-12
508055,2025-05-24,South,Window Treatments,Rep A,Partner,1,750.27,750.27,2025-05
508056,2025-05-10,Midwest,Window Treatments,Rep B,Partner,3,574.03,1722.09,2025-05
508057,2025-12-13,Midwest,Window Treatments,Rep B,Website,1,751.96,751.96,2025-12
508058,2024-04-30,West,Window Treatments,Rep E,Partner,2,124.54,249.08,2024-04
508059,2025-03-14,West,Outdoor Shades,Rep E,Partner,5,921.38,4606.9,2025-03
508060,2025-04-02,East,Outdoor Shades,Rep B,Inbound Call,3,453.85,1361.55,2025-04
508061,2025-07-28,East,Window Treatments,Rep A,Partner,3,963.38,2890.14,2025-07
508062,2024-11-03,West,Window Treatments,Rep B,Referral,5,150.74,753.7,2024-11
508063,2025-11-30,Midwest,Window Treatments,Rep E,Referral,4,647.38,2589.52,2025-11
508064,2024-09-23,South,Window Treatments,Rep D,Partner,2,1042.14,2084.28,2024-09
508065,2024-06-04,West,Accessories,Rep E,Website,2,400.97,801.94,2024-06
508066,2025-02-12,East,Window Treatments,Rep A,Partner,5,698.44,3492.2,2025-02
508067,2025-04-26,West,Outdoor Shades,Rep D,Canvassing,1,644.06,644.06,2025-04
508068,2025-09-10,East,Outdoor Shades,Rep D,Website,1,973.11,973.11,2025-09
508069,2025-12-13,West,Window Treatments,Rep C,Inbound Call,4,995.11,3980.44,2025-12
508070,2025-01-03,Midwest,Outdoor Shades,Rep C,Partner,1,146.74,146.74,2025-01
508071,2024-06-17,South,Window Treatments,Rep C,Canvassing,4,949.91,3799.64,2024-06
508072,2025-10-31,East,Window Treatments,Rep E,Canvassing,3,307.45,922.35,2025-10
508073,2025-01-23,Midwest,Outdoor Shades,Rep D,Website,3,417.65,1252.95,2025-01
508074,2024-11-13,East,Outdoor Shades,Rep E,Canvassing,3,990.75,2972.25,2024-11
508075,2025-06-22,South,Accessories,Rep E,Website,2,685.1,1370.2,2025-06
508076,2024-05-11,Midwest,Accessories,Rep E,Canvassing,4,973.38,3893.52,2024-05
508077,2025-09-22,West,Smart Blinds,Rep A,Inbound Call,3,659.87,1979.61,2025-09
508078,2025-11-03,West,Window Treatments,Rep C,Inbound Call,2,750.59,1501.18,2025-11
508079,2025-03-14,East,Window Treatments,Rep B,Inbound Call,2,728.44,1456.88,2025-03
508080,2024-04-07,Midwest,Smart Blinds,Rep E,Inbound Call,1,218.65,218.65,2024-04
508081,2025-02-21,South,Smart Blinds,Rep E,Partner,5,1098.11,5490.55,2025-02
508082,2024-12-21,West,Outdoor Shades,Rep D,Referral,4,309.4,1237.6,2024-12
508083,2024-07-07,Midwest,Smart Blinds,Rep E,Canvassing,4,1058.04,4232.16,2024-07
508084,2025-08-20,East,Smart Blinds,Rep E,Canvassing,4,476.51,1906.04,2025-08
508085,2024-01-25,Midwest,Outdoor Shades,Rep A,Partner,5,221.72,1108.6,2024-01
508086,2024-06-10,West,Window Treatments,Rep A,Partner,2,674.08,1348.16,2024-06
508087,2024-07-09,South,Window Treatments,Rep A,Partner,4,957.3,3829.2,2024-07
508088,2025-06-16,Midwest,Window Treatments,Rep A,Partner,2,866.95,1733.9,2025-06
508089,2025-12-22,Midwest,Window Treatments,Rep A,Partner,2,936.8,1873.6,2025-12
508090,2025-11-12,Midwest,Outdoor Shades,Rep C,Referral,2,473.11,946.22,2025-11
508091,2024-01-04,East,Outdoor Shades,Rep A,Canvassing,5,573.45,2867.25,2024-01
508092,2025-05-27,West,Smart Blinds,Rep C,Referral,4,588.11,2352.44,2025-05
508093,2024-05-19,Midwest,Window Treatments,Rep B,Canvassing,2,196.71,393.42,2024-05
508094,2024-04-14,East,Smart Blinds,Rep B,Partner,3,929.45,2788.35,2024-04
508095,2024-09-12,South,Accessories,Rep D,Canvassing,4,413.33,1653.32,2024-09
508096,2025-04-02,Midwest,Outdoor Shades,Rep B,Website,2,517.79,1035.58,2025-04
508097,2025-06-26,Midwest,Accessories,Rep B,Canvassing,3,249.02,747.06,2025-06
508098,2024-06-25,East,Window Treatments,Rep C,Website,5,943.69,4718.45,2024-06
508099,2025-11-05,East,Outdoor Shades,Rep D,Inbound Call,4,505.33,2021.32,2025-11
508100,2024-07-31,Midwest,Outdoor Shades,Rep D,Inbound Call,1,1054.09,1054.09,2024-07
508101,2025-01-02,Midwest,Outdoor Shades,Rep B,Website,4,293.14,1172.56,2025-01
508102,2024-12-29,Midwest,Window Treatments,Rep B,Referral,1,130.93,130.93,2024-12
508103,2024-03-30,East,Window Treatments,Rep B,Website,2,293.46,586.92,2024-03
508104,2025-08-21,East,Smart Blinds,Rep A,Partner,5,614.71,3073.55,2025-08
508105,2024-06-09,South,Window Treatments,Rep A,Canvassing,3,1064.63,3193.89,2024-06
508106,2025-02-12,West,Window Treatments,Rep A,Inbound Call,2,950.25,1900.5,2025-02
508107,2025-02-13,West,Outdoor Shades,Rep B,Website,4,252.11,1008.44,2025-02
508108,2024-08-03,East,Outdoor Shades,Rep A,Referral,1,645.93,645.93,2024-08
508109,2024-09-14,West,Outdoor Shades,Rep C,Partner,5,195.55,977.75,2024-09
508110,2024-08-31,West,Window Treatments,Rep A,Referral,3,542.06,1626.18,2024-08
508111,2024-06-18,East,Outdoor Shades,Rep B,Partner,5,770.08,3850.4,2024-06
508112,2024-06-21,Midwest,Smart Blinds,Rep D,Partner,3,438.83,1316.49,2024-06
508113,2025-12-06,South,Window Treatments,Rep D,Partner,4,158.82,635.28,2025-12
508114,2025-06-17,Midwest,Outdoor Shades,Rep A,Website,5,422.14,2110.7,2025-06
508115,2024-01-12,West,Window Treatments,Rep E,Website,2,307.5,615.0,2024-01
508116,2024-01-07,East,Smart Blinds,Rep D,Referral,1,364.84,364.84,2024-01
508117,2025-02-27,South,Window Treatments,Rep E,Canvassing,3,252.73,758.19,2025-02
508118,2024-03-24,East,Window Treatments,Rep A,Partner,1,300.3,300.3,2024-03
508119,2025-01-21,Midwest,Smart Blinds,Rep B,Website,5,943.03,4715.15,2025-01
508120,2024-08-10,East,Outdoor Shades,Rep B,Partner,4,638.86,2555.44,2024-08
508121,2024-05-28,South,Outdoor Shades,Rep A,Inbound Call,4,811.32,3245.28,2024-05
508122,2024-04-27,South,Smart Blinds,Rep B,Website,2,399.55,799.1,2024-04
508123,2024-01-09,West,Accessories,Rep C,Inbound Call,5,366.26,1831.3,2024-01
508124,2024-02-25,East,Window Treatments,Rep A,Referral,4,535.08,2140.32,2024-02
508125,2025-12-22,South,Accessories,Rep E,Canvassing,5,732.7,3663.5,2025-12
508126,2025-09-13,West,Accessories,Rep A,Referral,1,494.73,494.73,2025-09
508127,2024-04-05,Midwest,Window Treatments,Rep B,Partner,3,777.74,2333.22,2024-04
508128,2025-08-01,West,Outdoor Shades,Rep C,Canvassing,3,974.69,2924.07,2025-08
508129,2025-01-08,East,Window Treatments,Rep D,Website,2,743.16,1486.32,2025-01
508130,2024-11-25,South,Outdoor Shades,Rep B,Partner,2,830.58,1661.16,2024-11
508131,2024-04-21,South,Outdoor Shades,Rep B,Partner,4,1005.01,4020.04,2024-04
508132,2024-07-05,East,Smart Blinds,Rep D,Website,1,754.08,754.08,2024-07
508133,2025-12-16,West,Smart Blinds,Rep E,Inbound Call,4,210.34,841.36,2025-12
508134,2025-06-15,Midwest,Window Treatments,Rep E,Referral,4,554.74,2218.96,2025-06
508135,2024-12-10,Midwest,Outdoor Shades,Rep D,Canvassing,5,739.05,3695.25,2024-12
508136,2025-07-09,East,Window Treatments,Rep D,Canvassing,1,697.13,697.13,2025-07
508137,2024-03-09,West,Outdoor Shades,Rep B,Inbound Call,2,757.37,1514.74,2024-03
508138,2024-08-13,South,Outdoor Shades,Rep C,Inbound Call,4,795.52,3182.08,2024-08
508139,2024-02-16,South,Window Treatments,Rep B,Inbound Call,5,769.41,3847.05,2024-02
508140,2024-12-13,East,Window Treatments,Rep C,Inbound Call,1,764.07,764.07,2024-12
508141,2025-03-23,South,Smart Blinds,Rep D,Website,2,786.89,1573.78,2025-03
508142,2024-02-25,South,Window Treatments,Rep E,Referral,2,864.04,1728.08,2024-02
508143,2024-08-19,Midwest,Outdoor Shades,Rep D,Website,2,293.21,586.42,2024-08
508144,2024-03-04,West,Smart Blinds,Rep A,Referral,5,346.62,1733.1,2024-03
508145,2024-04-22,West,Window Treatments,Rep B,Referral,4,703.56,2814.24,2024-04
508146,2025-08-17,West,Window Treatments,Rep E,Partner,2,370.1,740.2,2025-08
508147,2025-11-02,South,Window Treatments,Rep A,Referral,3,942.17,2826.51,2025-11
508148,2024-03-29,Midwest,Window Treatments,Rep A,Website,2,151.45,302.9,2024-03
508149,2025-12-26,East,Outdoor Shades,Rep B,Inbound Call,4,250.05,1000.2,2025-12
508150,2025-05-09,South,Smart Blinds,Rep E,Referral,5,705.35,3526.75,2025-05
508151,2025-07-22,West,Window Treatments,Rep C,Inbound Call,1,799.34,799.34,2025-07
508152,2025-07-20,West,Window Treatments,Rep B,Inbound Call,1,857.84,857.84,2025-07
508153,2024-08-03,East,Smart Blinds,Rep C,Referral,5,564.98,2824.9,2024-08
508154,2024-07-26,West,Window Treatments,Rep A,Partner,4,397.32,1589.28,2024-07
508155,2024-09-06,South,Window Treatments,Rep A,Website,1,1003.23,1003.23,2024-09
508156,2024-10-24,East,Outdoor Shades,Rep C,Canvassing,1,643.79,643.79,2024-10
508157,2025-08-21,West,Window Treatments,Rep E,Inbound Call,2,173.74,347.48,2025-08
508158,2024-08-27,South,Window Treatments,Rep C,Inbound Call,3,169.3,507.9,2024-08
508159,2024-03-15,South,Smart Blinds,Rep B,Referral,2,849.68,1699.36,2024-03
508160,2025-04-16,Midwest,Window Treatments,Rep E,Referral,1,724.84,724.84,2025-04
508161,2025-03-26,East,Outdoor Shades,Rep C,Partner,3,722.52,2167.56,2025-03
508162,2024-05-26,Midwest,Accessories,Rep E,Referral,4,770.61,3082.44,2024-05
508163,2025-08-17,Midwest,Accessories,Rep B,Partner,5,683.85,3419.25,2025-08
508164,2025-08-13,East,Window Treatments,Rep E,Inbound Call,2,525.36,1050.72,2025-08
508165,2024-03-02,West,Outdoor Shades,Rep D,Website,5,776.59,3882.95,2024-03
508166,2024-02-23,Midwest,Window Treatments,Rep C,Website,4,964.05,3856.2,2024-02
508167,2025-02-08,West,Window Treatments,Rep A,Referral,4,645.66,2582.64,2025-02
508168,2025-10-01,South,Outdoor Shades,Rep E,Canvassing,4,143.25,573.0,2025-10
508169,2024-02-10,Midwest,Accessories,Rep A,Partner,1,273.1,273.1,2024-02
508170,2024-09-18,East,Window Treatments,Rep E,Canvassing,4,671.52,2686.08,2024-09
508171,2025-04-21,South,Smart Blinds,Rep C,Referral,1,181.87,181.87,2025-04
508172,2025-04-09,East,Outdoor Shades,Rep D,Partner,3,689.44,2068.32,2025-04
508173,2024-02-11,West,Smart Blinds,Rep A,Canvassing,2,1073.05,2146.1,2024-02
508174,2025-10-03,East,Outdoor Shades,Rep C,Canvassing,1,443.97,443.97,2025-10
508175,2025-07-06,East,Outdoor Shades,Rep B,Inbound Call,1,548.31,548.31,2025-07
508176,2025-10-10,West,Accessories,Rep E,Inbound Call,3,341.8,1025.4,2025-10
508177,2024-01-28,Midwest,Window Treatments,Rep B,Inbound Call,3,663.02,1989.06,2024-01
508178,2024-05-31,Midwest,Window Treatments,Rep B,Partner,4,464.26,1857.04,2024-05
508179,2025-09-27,Midwest,Window Treatments,Rep C,Website,2,1087.69,2175.38,2025-09
508180,2025-11-18,South,Outdoor Shades,Rep D,Canvassing,1,306.68,306.68,2025-11
508181,2025-07-17,South,Outdoor Shades,Rep C,Referral,4,801.8,3207.2,2025-07
508182,2025-11-21,South,Window Treatments,Rep B,Partner,4,217.42,869.68,2025-11
508183,2024-01-03,West,Window Treatments,Rep D,Partner,2,260.88,521.76,2024-01
508184,2024-08-27,Midwest,Smart Blinds,Rep D,Inbound Call,4,512.87,2051.48,2024-08
508185,2025-11-28,Midwest,Window Treatments,Rep B,Referral,2,818.31,1636.62,2025-11
508186,2024-05-08,South,Smart Blinds,Rep A,Partner,3,1071.6,3214.8,2024-05
508187,2025-11-05,South,Smart Blinds,Rep D,Canvassing,4,438.8,1755.2,2025-11
508188,2024-11-26,South,Window Treatments,Rep A,Partner,3,529.93,1589.79,2024-11
508189,2025-03-15,South,Outdoor Shades,Rep B,Inbound Call,4,957.13,3828.52,2025-03
508190,2024-05-10,Midwest,Outdoor Shades,Rep A,Partner,5,580.98,2904.9,2024-05
508191,2025-07-17,West,Window Treatments,Rep C,Referral,2,1055.09,2110.18,2025-07
508192,2024-05-04,East,Smart Blinds,Rep E,Referral,2,940.85,1881.7,2024-05
508193,2025-03-17,East,Smart Blinds,Rep D,Canvassing,4,882.3,3529.2,2025-03
508194,2025-03-27,West,Accessories,Rep D,Partner,1,365.05,365.05,2025-03
508195,2025-09-25,South,Window Treatments,Rep C,Website,3,814.07,2442.21,2025-09
508196,2024-05-30,East,Smart Blinds,Rep E,Partner,4,357.37,1429.48,2024-05
508197,2025-02-04,West,Window Treatments,Rep E,Canvassing,5,266.89,1334.45,2025-02
508198,2025-06-17,East,Outdoor Shades,Rep D,Referral,4,582.37,2329.48,2025-06
508199,2024-02-13,Midwest,Accessories,Rep E,Canvassing,5,749.17,3745.85,2024-02
508200,2024-02-25,Midwest,Window Treatments,Rep A,Website,1,1057.82,1057.82,2024-02
508201,2024-11-26,West,Smart Blinds,Rep D,Referral,5,338.13,1690.65,2024-11
508202,2025-06-06,West,Window Treatments,Rep A,Referral,2,668.96,1337.92,2025-06
508203,2024-10-10,West,Window Treatments,Rep D,Partner,1,430.42,430.42,2024-10
508204,2024-08-27,South,Outdoor Shades,Rep E,Referral,3,914.29,2742.87,2024-08
508205,2024-12-03,South,Accessories,Rep D,Inbound Call,5,683.66,3418.3,2024-12
508206,2024-05-03,South,Outdoor Shades,Rep C,Inbound Call,3,482.0,1446.0,2024-05
508207,2024-12-20,East,Window Treatments,Rep D,Canvassing,5,1041.03,5205.15,2024-12
508208,2024-06-13,East,Smart Blinds,Rep B,Website,2,444.11,888.22,2024-06
508209,2024-03-01,Midwest,Accessories,Rep D,Inbound Call,2,272.24,544.48,2024-03
508210,2024-07-17,West,Window Treatments,Rep B,Website,2,196.2,392.4,2024-07
508211,2024-05-14,East,Window Treatments,Rep B,Inbound Call,3,899.4,2698.2,2024-05
508212,2025-01-11,South,Smart Blinds,Rep B,Partner,5,145.7,728.5,2025-01
508213,2025-08-28,South,Window Treatments,Rep C,Referral,2,557.97,1115.94,2025-08
508214,2024-02-22,West,Outdoor Shades,Rep A,Canvassing,4,938.22,3752.88,2024-02
508215,2025-12-01,East,Outdoor Shades,Rep D,Inbound Call,3,257.82,773.46,2025-12
508216,2025-06-08,East,Outdoor Shades,Rep B,Website,3,301.59,904.77,2025-06
508217,2024-08-30,South,Smart Blinds,Rep E,Canvassing,5,1063.19,5315.95,2024-08
508218,2024-11-08,Midwest,Window Treatments,Rep C,Website,3,281.42,844.26,2024-11
508219,2024-02-22,Midwest,Smart Blinds,Rep B,Website,2,652.35,1304.7,2024-02
508220,2025-09-19,East,Accessories,Rep A,Partner,2,885.88,1771.76,2025-09
508221,2025-11-12,East,Outdoor Shades,Rep D,Website,3,934.95,2804.85,2025-11
508222,2025-12-13,East,Window Treatments,Rep A,Referral,4,127.22,508.88,2025-12
508223,2025-10-07,West,Smart Blinds,Rep C,Inbound Call,3,872.65,2617.95,2025-10
508224,2025-11-11,Midwest,Accessories,Rep B,Referral,5,870.55,4352.75,2025-11
508225,2024-08-13,East,Outdoor Shades,Rep A,Canvassing,5,386.49,1932.45,2024-08
508226,2025-06-03,East,Outdoor Shades,Rep D,Website,3,181.3,543.9,2025-06
508227,2025-09-30,Midwest,Smart Blinds,Rep E,Inbound Call,3,319.71,959.13,2025-09
508228,2025-04-06,Midwest,Window Treatments,Rep D,Canvassing,5,270.02,1350.1,2025-04
508229,2024-02-22,South,Window Treatments,Rep B,Inbound Call,5,235.0,1175.0,2024-02
508230,2024-09-02,South,Accessories,Rep E,Inbound Call,2,573.47,1146.94,2024-09
508231,2025-08-29,West,Accessories,Rep D,Referral,5,386.49,1932.45,2025-08
508232,2025-06-21,East,Outdoor Shades,Rep E,Referral,2,712.81,1425.62,2025-06
508233,2024-06-16,West,Window Treatments,Rep E,Partner,2,488.84,977.68,2024-06
508234,2025-04-22,Midwest,Outdoor Shades,Rep E,Referral,5,172.86,864.3,2025-04
508235,2024-02-15,East,Accessories,Rep E,Partner,2,840.13,1680.26,2024-02
508236,2025-06-23,West,Window Treatments,Rep D,Referral,4,1031.47,4125.88,2025-06
508237,2025-04-18,West,Outdoor Shades,Rep B,Website,1,646.57,646.57,2025-04
508238,2025-07-02,South,Window Treatments,Rep C,Website,3,499.11,1497.33,2025-07
508239,2025-11-27,South,Outdoor Shades,Rep C,Referral,2,1053.01,2106.02,2025-11
508240,2025-03-15,South,Outdoor Shades,Rep B,Partner,4,747.96,2991.84,2025-03
508241,2025-10-02,East,Window Treatments,Rep B,Partner,2,139.38,278.76,2025-10
508242,2024-04-01,East,Outdoor Shades,Rep B,Partner,5,378.35,1891.75,2024-04
508243,2025-03-30,Midwest,Outdoor Shades,Rep B,Referral,4,1051.46,4205.84,2025-03
508244,2024-11-13,West,Outdoor Shades,Rep E,Website,4,813.16,3252.64,2024-11
508245,2024-01-02,Midwest,Accessories,Rep B,Referral,5,605.59,3027.95,2024-01
508246,2025-03-05,East,Window Treatments,Rep E,Website,2,887.54,1775.08,2025-03
508247,2024-05-09,West,Smart Blinds,Rep A,Canvassing,4,679.69,2718.76,2024-05
508248,2024-01-03,South,Accessories,Rep B,Canvassing,5,426.76,2133.8,2024-01
508249,2025-11-20,South,Window Treatments,Rep B,Canvassing,2,654.26,1308.52,2025-11
508250,2024-01-22,West,Window Treatments,Rep B,Inbound Call,2,147.82,295.64,2024-01
508251,2025-06-30,South,Outdoor Shades,Rep D,Inbound Call,1,911.16,911.16,2025-06
508252,2025-08-20,West,Window Treatments,Rep E,Website,2,742.28,1484.56,2025-08
508253,2025-07-04,West,Window Treatments,Rep E,Partner,4,996.58,3986.32,2025-07
508254,2024-09-30,Midwest,Window Treatments,Rep C,Website,1,739.81,739.81,2024-09
508255,2024-12-17,Midwest,Smart Blinds,Rep C,Inbound Call,5,926.99,4634.95,2024-12
508256,2024-01-25,West,Outdoor Shades,Rep D,Referral,1,742.6,742.6,2024-01
508257,2025-07-03,East,Smart Blinds,Rep D,Canvassing,4,285.88,1143.52,2025-07
508258,2024-04-15,South,Outdoor Shades,Rep D,Website,1,783.68,783.68,2024-04
508259,2025-08-08,Midwest,Outdoor Shades,Rep E,Partner,1,628.34,628.34,2025-08
508260,2025-04-05,South,Outdoor Shades,Rep D,Canvassing,2,1058.7,2117.4,2025-04
508261,2024-02-28,East,Window Treatments,Rep D,Website,1,1004.39,1004.39,2024-02
508262,2025-03-10,West,Window Treatments,Rep C,Referral,5,813.82,4069.1,2025-03
508263,2024-06-29,Midwest,Outdoor Shades,Rep C,Inbound Call,3,978.29,2934.87,2024-06
508264,2025-01-16,East,Smart Blinds,Rep A,Partner,2,438.71,877.42,2025-01
508265,2024-10-19,East,Smart Blinds,Rep B,Inbound Call,4,394.16,1576.64,2024-10
508266,2025-01-27,East,Window Treatments,Rep E,Partner,5,651.81,3259.05,2025-01
508267,2024-07-01,East,Outdoor Shades,Rep B,Inbound Call,2,772.73,1545.46,2024-07
508268,2024-12-04,West,Window Treatments,Rep D,Inbound Call,5,177.72,888.6,2024-12
508269,2025-03-03,Midwest,Window Treatments,Rep A,Inbound Call,5,685.46,3427.3,2025-03
508270,2024-08-08,Midwest,Window Treatments,Rep E,Website,4,1078.07,4312.28,2024-08
508271,2025-03-27,West,Accessories,Rep C,Website,2,261.46,522.92,2025-03
508272,2025-03-06,Midwest,Outdoor Shades,Rep C,Website,3,608.48,1825.44,2025-03
508273,2024-02-01,West,Window Treatments,Rep D,Canvassing,1,313.59,313.59,2024-02
508274,2024-03-06,South,Outdoor Shades,Rep E,Inbound Call,4,172.36,689.44,2024-03
508275,2024-03-25,Midwest,Window Treatments,Rep E,Website,5,197.06,985.3,2024-03
508276,2024-03-23,East,Window Treatments,Rep A,Canvassing,2,679.12,1358.24,2024-03
508277,2024-12-07,West,Accessories,Rep E,Website,4,305.18,1220.72,2024-12
508278,2024-05-29,West,Outdoor Shades,Rep A,Inbound Call,2,261.12,522.24,2024-05
508279,2025-02-11,Midwest,Smart Blinds,Rep D,Website,5,227.22,1136.1,2025-02
508280,2024-11-22,West,Smart Blinds,Rep C,Partner,1,518.15,518.15,2024-11
508281,2024-03-09,South,Window Treatments,Rep B,Partner,4,348.33,1393.32,2024-03
508282,2024-09-27,Midwest,Window Treatments,Rep D,Partner,3,829.93,2489.79,2024-09
508283,2025-03-04,East,Outdoor Shades,Rep C,Canvassing,4,483.43,1933.72,2025-03
508284,2025-07-13,East,Window Treatments,Rep C,Website,2,312.78,625.56,2025-07
508285,2024-07-28,West,Outdoor Shades,Rep A,Inbound Call,4,861.49,3445.96,2024-07
508286,2025-06-14,South,Outdoor Shades,Rep E,Inbound Call,2,586.65,1173.3,2025-06
508287,2025-08-12,South,Accessories,Rep E,Partner,3,1000.34,3001.02,2025-08
508288,2025-06-23,South,Outdoor Shades,Rep C,Inbound Call,1,352.59,352.59,2025-06
508289,2024-05-20,South,Window Treatments,Rep E,Partner,5,366.32,1831.6,2024-05
508290,2025-11-21,South,Smart Blinds,Rep B,Inbound Call,4,596.2,2384.8,2025-11
508291,2025-05-31,South,Window Treatments,Rep D,Website,2,671.69,1343.38,2025-05
508292,2025-09-02,Midwest,Smart Blinds,Rep E,Partner,1,345.42,345.42,2025-09
508293,2024-02-22,Midwest,Accessories,Rep B,Referral,1,501.72,501.72,2024-02
508294,2025-09-07,East,Accessories,Rep C,Website,5,199.42,997.1,2025-09
508295,2024-09-07,East,Window Treatments,Rep D,Inbound Call,4,601.92,2407.68,2024-09
508296,2025-01-29,East,Accessories,Rep B,Canvassing,1,233.01,233.01,2025-01
508297,2024-03-22,West,Outdoor Shades,Rep E,Referral,1,542.21,542.21,2024-03
508298,2025-12-23,East,Accessories,Rep B,Canvassing,3,707.76,2123.28,2025-12
508299,2025-12-27,East,Outdoor Shades,Rep A,Canvassing,4,660.49,2641.96,2025-12
508300,2024-02-24,East,Outdoor Shades,Rep B,Inbound Call,5,238.09,1190.45,2024-02
508301,2024-12-03,West,Window Treatments,Rep E,Canvassing,4,577.73,2310.92,2024-12
508302,2025-02-24,West,Window Treatments,Rep B,Website,1,1071.34,1071.34,2025-02
508303,2024-02-07,South,Accessories,Rep B,Partner,3,583.51,1750.53,2024-02
508304,2025-02-03,East,Window Treatments,Rep E,Inbound Call,3,433.93,1301.79,2025-02
508305,2024-02-11,South,Window Treatments,Rep C,Canvassing,2,775.5,1551.0,2024-02
508306,2025-02-01,Midwest,Window Treatments,Rep A,Referral,2,471.65,943.3,2025-02
508307,2025-12-27,West,Accessories,Rep A,Inbound Call,4,865.27,3461.08,2025-12
508308,2024-08-24,South,Window Treatments,Rep E,Canvassing,3,891.58,2674.74,2024-08
508309,2024-06-01,South,Outdoor Shades,Rep B,Website,3,347.46,1042.38,2024-06
508310,2024-07-01,South,Window Treatments,Rep C,Referral,5,208.74,1043.7,2024-07
508311,2024-04-08,West,Window Treatments,Rep B,Referral,1,1029.56,1029.56,2024-04
508312,2024-09-14,East,Window Treatments,Rep C,Inbound Call,3,955.82,2867.46,2024-09
508313,2024-05-22,West,Accessories,Rep D,Canvassing,2,793.91,1587.82,2024-05
508314,2024-08-13,South,Smart Blinds,Rep B,Website,4,658.92,2635.68,2024-08
508315,2025-12-11,West,Window Treatments,Rep D,Inbound Call,3,606.25,1818.75,2025-12
508316,2024-04-28,South,Window Treatments,Rep E,Canvassing,3,984.49,2953.47,2024-04
508317,2024-11-13,East,Smart Blinds,Rep E,Partner,1,465.21,465.21,2024-11
508318,2024-10-07,West,Window Treatments,Rep C,Partner,1,457.48,457.48,2024-10
508319,2024-06-20,Midwest,Outdoor Shades,Rep B,Referral,1,180.77,180.77,2024-06
508320,2024-06-18,Midwest,Window Treatments,Rep C,Referral,3,827.84,2483.52,2024-06
508321,2025-12-28,South,Accessories,Rep C,Website,1,695.25,695.25,2025-12
508322,2025-06-01,East,Window Treatments,Rep C,Canvassing,4,851.23,3404.92,2025-06
508323,2025-11-17,Midwest,Accessories,Rep C,Partner,1,619.47,619.47,2025-11
508324,2024-12-07,South,Window Treatments,Rep A,Website,1,366.7,366.7,2024-12
508325,2024-07-05,East,Outdoor Shades,Rep C,Inbound Call,3,871.99,2615.97,2024-07
508326,2025-02-09,South,Accessories,Rep B,Partner,1,842.6,842.6,2025-02
508327,2024-06-04,Midwest,Outdoor Shades,Rep B,Canvassing,2,910.07,1820.14,2024-06
508328,2024-08-12,South,Window Treatments,Rep E,Partner,1,816.41,816.41,2024-08
508329,2024-10-14,West,Outdoor Shades,Rep C,Partner,2,880.73,1761.46,2024-10
508330,2024-05-07,Midwest,Window Treatments,Rep A,Website,3,685.39,2056.17,2024-05
508331,2024-11-10,South,Accessories,Rep A,Inbound Call,4,899.39,3597.56,2024-11
508332,2024-08-23,East,Outdoor Shades,Rep B,Website,4,450.35,1801.4,2024-08
508333,2025-07-26,Midwest,Smart Blinds,Rep B,Website,3,386.41,1159.23,2025-07
508334,2025-10-30,East,Outdoor Shades,Rep B,Website,3,777.59,2332.77,2025-10
508335,2025-03-28,Midwest,Outdoor Shades,Rep A,Inbound Call,1,894.75,894.75,2025-03
508336,2025-11-19,Midwest,Window Treatments,Rep C,Website,5,844.65,4223.25,2025-11
508337,2024-01-21,Midwest,Accessories,Rep A,Partner,5,968.03,4840.15,2024-01
508338,2025-05-13,South,Outdoor Shades,Rep C,Partner,3,718.93,2156.79,2025-05
508339,2024-06-23,South,Outdoor Shades,Rep A,Canvassing,1,140.77,140.77,2024-06
508340,2025-07-04,Midwest,Window Treatments,Rep D,Partner,4,380.3,1521.2,2025-07
508341,2024-03-30,West,Outdoor Shades,Rep A,Partner,1,236.22,236.22,2024-03
508342,2024-10-04,East,Smart Blinds,Rep B,Inbound Call,1,702.0,702.0,2024-10
508343,2024-12-28,South,Outdoor Shades,Rep A,Partner,4,691.55,2766.2,2024-12
508344,2024-01-12,South,Window Treatments,Rep A,Canvassing,2,900.9,1801.8,2024-01
508345,2024-04-19,East,Window Treatments,Rep C,Canvassing,3,175.36,526.08,2024-04
508346,2025-12-07,East,Window Treatments,Rep C,Website,2,930.9,1861.8,2025-12
508347,2025-03-01,Midwest,Window Treatments,Rep E,Website,2,383.48,766.96,2025-03
508348,2024-04-23,South,Window Treatments,Rep A,Referral,4,1088.1,4352.4,2024-04
508349,2025-10-19,West,Outdoor Shades,Rep A,Partner,4,272.21,1088.84,2025-10
508350,2025-01-18,West,Window Treatments,Rep C,Partner,3,554.56,1663.68,2025-01
508351,2025-08-05,South,Window Treatments,Rep D,Partner,4,308.28,1233.12,2025-08
508352,2024-01-09,Midwest,Smart Blinds,Rep D,Inbound Call,4,923.17,3692.68,2024-01
508353,2024-01-11,West,Window Treatments,Rep E,Website,1,1049.06,1049.06,2024-01
508354,2025-01-21,East,Smart Blinds,Rep C,Inbound Call,1,729.84,729.84,2025-01
508355,2024-07-02,South,Outdoor Shades,Rep E,Website,1,193.83,193.83,2024-07
508356,2025-09-02,Midwest,Accessories,Rep C,Website,5,478.18,2390.9,2025-09
508357,2024-06-30,South,Accessories,Rep C,Partner,4,238.69,954.76,2024-06
508358,2024-12-21,West,Window Treatments,Rep D,Partner,2,797.15,1594.3,2024-12
508359,2024-08-29,South,Outdoor Shades,Rep E,Website,5,177.46,887.3,2024-08
508360,2025-12-24,Midwest,Smart Blinds,Rep A,Partner,2,549.31,1098.62,2025-12
508361,2024-07-04,West,Outdoor Shades,Rep A,Inbound Call,4,227.96,911.84,2024-07
508362,2025-11-27,Midwest,Window Treatments,Rep B,Website,2,924.92,1849.84,2025-11
508363,2025-11-22,South,Window Treatments,Rep B,Partner,2,220.06,440.12,2025-11
508364,2024-05-31,West,Smart Blinds,Rep B,Website,3,712.98,2138.94,2024-05
508365,2025-04-28,South,Window Treatments,Rep A,Website,2,606.88,1213.76,2025-04
508366,2025-01-13,Midwest,Outdoor Shades,Rep D,Canvassing,3,902.88,2708.64,2025-01
508367,2024-04-13,East,Window Treatments,Rep B,Inbound Call,2,1063.57,2127.14,2024-04
508368,2025-12-12,East,Smart Blinds,Rep C,Partner,4,121.58,486.32,2025-12
508369,2025-08-24,West,Window Treatments,Rep D,Referral,5,479.03,2395.15,2025-08
508370,2024-07-29,West,Outdoor Shades,Rep C,Website,4,667.58,2670.32,2024-07
508371,2024-07-03,East,Window Treatments,Rep E,Inbound Call,5,1054.98,5274.9,2024-07
508372,2024-03-28,Midwest,Outdoor Shades,Rep C,Referral,3,271.38,814.14,2024-03
508373,2025-11-02,West,Window Treatments,Rep B,Canvassing,2,776.3,1552.6,2025-11
508374,2025-12-21,South,Smart Blinds,Rep D,Website,3,869.95,2609.85,2025-12
508375,2024-02-27,Midwest,Smart Blinds,Rep B,Referral,3,262.82,788.46,2024-02
508376,2024-07-29,South,Window Treatments,Rep A,Canvassing,5,738.82,3694.1,2024-07
508377,2024-08-04,South,Smart Blinds,Rep C,Referral,3,783.25,2349.75,2024-08
508378,2024-03-05,East,Window Treatments,Rep D,Inbound Call,5,329.04,1645.2,2024-03
508379,2024-11-22,West,Window Treatments,Rep B,Canvassing,1,827.75,827.75,2024-11
508380,2025-11-29,South,Window Treatments,Rep E,Website,5,575.89,2879.45,2025-11
508381,2024-06-19,Midwest,Window Treatments,Rep C,Canvassing,1,658.01,658.01,2024-06
508382,2025-05-08,West,Window Treatments,Rep C,Website,5,794.21,3971.05,2025-05
508383,2024-11-03,Midwest,Accessories,Rep D,Canvassing,2,510.0,1020.0,2024-11
508384,2025-01-25,East,Smart Blinds,Rep E,Referral,1,842.21,842.21,2025-01
508385,2024-01-02,South,Outdoor Shades,Rep A,Canvassing,1,637.85,637.85,2024-01
508386,2024-12-26,East,Outdoor Shades,Rep B,Website,4,329.76,1319.04,2024-12
508387,2025-06-02,South,Window Treatments,Rep D,Website,3,391.19,1173.57,2025-06
508388,2024-02-25,South,Smart Blinds,Rep B,Inbound Call,4,621.53,2486.12,2024-02
508389,2025-09-19,South,Outdoor Shades,Rep B,Partner,1,266.37,266.37,2025-09
508390,2025-11-15,Midwest,Window Treatments,Rep E,Website,4,909.56,3638.24,2025-11
508391,2025-11-03,Midwest,Outdoor Shades,Rep D,Website,5,184.62,923.1,2025-11
508392,2025-05-04,East,Accessories,Rep B,Referral,1,453.31,453.31,2025-05
508393,2025-09-29,Midwest,Window Treatments,Rep A,Website,5,656.24,3281.2,2025-09
508394,2024-03-14,East,Window Treatments,Rep A,Partner,5,1026.75,5133.75,2024-03
508395,2025-01-25,East,Outdoor Shades,Rep A,Referral,1,744.59,744.59,2025-01
508396,2024-03-03,Midwest,Window Treatments,Rep A,Website,3,208.99,626.97,2024-03
508397,2025-03-17,Midwest,Smart Blinds,Rep D,Partner,2,884.64,1769.28,2025-03
508398,2024-06-22,East,Outdoor Shades,Rep E,Inbound Call,3,199.07,597.21,2024-06
508399,2025-06-07,West,Outdoor Shades,Rep A,Inbound Call,4,620.09,2480.36,2025-06
508400,2024-06-13,Midwest,Accessories,Rep E,Website,4,419.06,1676.24,2024-06
508401,2025-01-26,South,Accessories,Rep C,Referral,5,581.81,2909.05,2025-01
508402,2024-09-17,South,Window Treatments,Rep E,Canvassing,3,254.05,762.15,2024-09
508403,2025-02-21,West,Outdoor Shades,Rep E,Inbound Call,5,184.21,921.05,2025-02
508404,2024-04-15,East,Smart Blinds,Rep B,Canvassing,1,707.56,707.56,2024-04
508405,2024-01-25,West,Outdoor Shades,Rep A,Website,1,754.1,754.1,2024-01
508406,2025-12-14,Midwest,Window Treatments,Rep E,Canvassing,5,218.83,1094.15,2025-12
508407,2024-09-04,West,Smart Blinds,Rep A,Inbound Call,3,479.47,1438.41,2024-09
508408,2025-05-31,East,Smart Blinds,Rep D,Referral,4,1028.76,4115.04,2025-05
508409,2024-04-13,West,Outdoor Shades,Rep E,Canvassing,4,866.08,3464.32,2024-04
508410,2024-06-22,Midwest,Outdoor Shades,Rep A,Website,3,1053.79,3161.37,2024-06
508411,2025-07-07,Midwest,Outdoor Shades,Rep A,Partner,2,554.88,1109.76,2025-07
508412,2025-01-18,South,Window Treatments,Rep E,Canvassing,2,403.16,806.32,2025-01
508413,2025-04-02,Midwest,Window Treatments,Rep E,Referral,2,1075.84,2151.68,2025-04
508414,2025-02-02,East,Window Treatments,Rep B,Inbound Call,2,179.41,358.82,2025-02
508415,2024-07-29,Midwest,Window Treatments,Rep C,Partner,4,419.14,1676.56,2024-07
508416,2025-07-22,South,Outdoor Shades,Rep E,Referral,5,863.3,4316.5,2025-07
508417,2025-07-12,East,Accessories,Rep C,Referral,2,196.04,392.08,2025-07
508418,2025-01-16,Midwest,Accessories,Rep C,Canvassing,3,725.26,2175.78,2025-01
508419,2025-04-13,South,Outdoor Shades,Rep E,Inbound Call,4,1067.37,4269.48,2025-04
508420,2025-12-11,West,Window Treatments,Rep E,Referral,4,1035.02,4140.08,2025-12
508421,2025-05-16,Midwest,Window Treatments,Rep C,Inbound Call,3,199.74,599.22,2025-05
508422,2025-04-26,East,Outdoor Shades,Rep E,Partner,4,1027.86,4111.44,2025-04
508423,2024-08-08,Midwest,Outdoor Shades,Rep E,Website,4,312.34,1249.36,2024-08
508424,2024-07-13,East,Outdoor Shades,Rep E,Referral,1,1056.65,1056.65,2024-07
508425,2024-09-26,Midwest,Smart Blinds,Rep E,Referral,3,319.73,959.19,2024-09
508426,2024-03-06,Midwest,Outdoor Shades,Rep D,Canvassing,4,1097.34,4389.36,2024-03
508427,2025-06-09,Midwest,Smart Blinds,Rep D,Canvassing,1,899.9,899.9,2025-06
508428,2024-07-25,South,Window Treatments,Rep A,Partner,2,725.81,1451.62,2024-07
508429,2025-09-27,West,Accessories,Rep E,Inbound Call,5,297.11,1485.55,2025-09
508430,2024-12-20,South,Window Treatments,Rep D,Inbound Call,1,765.45,765.45,2024-12
508431,2025-08-15,East,Window Treatments,Rep B,Canvassing,5,228.75,1143.75,2025-08
508432,2024-04-10,West,Window Treatments,Rep E,Website,1,1007.2,1007.2,2024-04
508433,2024-03-05,Midwest,Smart Blinds,Rep E,Referral,2,793.08,1586.16,2024-03
508434,2024-07-03,Midwest,Outdoor Shades,Rep E,Website,2,943.29,1886.58,2024-07
508435,2025-12-31,Midwest,Window Treatments,Rep B,Canvassing,4,215.84,863.36,2025-12
508436,2025-05-05,West,Smart Blinds,Rep C,Referral,5,992.5,4962.5,2025-05
508437,2024-07-06,East,Outdoor Shades,Rep E,Partner,1,455.19,455.19,2024-07
508438,2024-05-07,South,Window Treatments,Rep A,Partner,2,769.5,1539.0,2024-05
508439,2025-09-05,West,Window Treatments,Rep B,Partner,1,939.04,939.04,2025-09
508440,2025-04-14,South,Accessories,Rep B,Inbound Call,4,663.62,2654.48,2025-04
508441,2024-11-24,West,Accessories,Rep B,Referral,5,154.86,774.3,2024-11
508442,2024-11-26,Midwest,Outdoor Shades,Rep A,Partner,2,648.71,1297.42,2024-11
508443,2024-10-14,Midwest,Window Treatments,Rep B,Partner,3,1025.97,3077.91,2024-10
508444,2025-10-02,East,Window Treatments,Rep B,Partner,1,294.12,294.12,2025-10
508445,2025-02-25,East,Window Treatments,Rep A,Partner,5,393.49,1967.45,2025-02
508446,2024-08-08,East,Window Treatments,Rep C,Inbound Call,4,885.86,3543.44,2024-08
508447,2024-07-08,Midwest,Accessories,Rep B,Website,3,264.07,792.21,2024-07
508448,2025-09-13,West,Window Treatments,Rep B,Partner,3,523.23,1569.69,2025-09
508449,2025-06-20,East,Window Treatments,Rep D,Inbound Call,3,609.1,1827.3,2025-06
508450,2025-08-01,West,Outdoor Shades,Rep C,Inbound Call,2,187.51,375.02,2025-08
508451,2024-11-17,Midwest,Window Treatments,Rep A,Referral,2,881.11,1762.22,2024-11
508452,2025-10-27,East,Smart Blinds,Rep C,Canvassing,4,884.28,3537.12,2025-10
508453,2025-12-01,East,Window Treatments,Rep E,Referral,4,1052.03,4208.12,2025-12
508454,2025-01-29,South,Outdoor Shades,Rep E,Canvassing,4,577.03,2308.12,2025-01
508455,2024-07-10,East,Smart Blinds,Rep E,Partner,1,528.48,528.48,2024-07
508456,2025-11-06,West,Smart Blinds,Rep C,Canvassing,4,925.57,3702.28,2025-11
508457,2025-01-13,West,Smart Blinds,Rep A,Canvassing,2,164.08,328.16,2025-01
508458,2024-07-02,Midwest,Window Treatments,Rep B,Partner,3,207.07,621.21,2024-07
508459,2025-12-30,East,Outdoor Shades,Rep E,Referral,1,788.69,788.69,2025-12
508460,2025-03-06,Midwest,Smart Blinds,Rep C,Partner,3,178.02,534.06,2025-03
508461,2025-09-14,East,Outdoor Shades,Rep E,Website,3,381.51,1144.53,2025-09
508462,2025-12-07,Midwest,Outdoor Shades,Rep A,Referral,5,897.7,4488.5,2025-12
508463,2024-10-27,Midwest,Window Treatments,Rep C,Referral,4,663.3,2653.2,2024-10
508464,2024-09-15,South,Window Treatments,Rep D,Website,5,538.65,2693.25,2024-09
508465,2025-07-28,South,Smart Blinds,Rep B,Referral,2,639.06,1278.12,2025-07
508466,2025-07-10,South,Outdoor Shades,Rep B,Inbound Call,1,876.94,876.94,2025-07
508467,2025-01-08,East,Window Treatments,Rep B,Inbound Call,3,258.12,774.36,2025-01
508468,2025-06-29,West,Smart Blinds,Rep E,Partner,1,782.33,782.33,2025-06
508469,2024-04-09,West,Window Treatments,Rep C,Website,2,547.69,1095.38,2024-04
508470,2025-09-04,West,Accessories,Rep D,Canvassing,1,319.36,319.36,2025-09
508471,2025-12-29,South,Smart Blinds,Rep C,Website,1,715.95,715.95,2025-12
508472,2025-07-18,East,Outdoor Shades,Rep E,Canvassing,1,165.75,165.75,2025-07
508473,2024-05-26,South,Outdoor Shades,Rep D,Canvassing,4,1052.6,4210.4,2024-05
508474,2024-02-14,West,Outdoor Shades,Rep C,Inbound Call,4,195.32,781.28,2024-02
508475,2024-09-29,East,Smart Blinds,Rep B,Referral,3,357.13,1071.39,2024-09
508476,2025-09-03,Midwest,Smart Blinds,Rep A,Partner,3,814.03,2442.09,2025-09
508477,2024-12-09,West,Accessories,Rep D,Canvassing,5,341.21,1706.05,2024-12
508478,2025-01-01,West,Accessories,Rep E,Canvassing,5,578.71,2893.55,2025-01
508479,2024-04-01,South,Window Treatments,Rep D,Partner,3,641.14,1923.42,2024-04
508480,2025-04-26,Midwest,Window Treatments,Rep A,Inbound Call,3,842.48,2527.44,2025-04
508481,2025-08-17,South,Outdoor Shades,Rep E,Website,5,531.75,2658.75,2025-08
508482,2024-03-01,East,Window Treatments,Rep E,Inbound Call,4,418.46,1673.84,2024-03
508483,2024-08-23,South,Window Treatments,Rep E,Website,5,258.61,1293.05,2024-08
508484,2024-12-16,South,Window Treatments,Rep D,Referral,5,344.61,1723.05,2024-12
508485,2024-02-12,Midwest,Window Treatments,Rep C,Canvassing,1,771.84,771.84,2024-02
508486,2024-04-01,Midwest,Outdoor Shades,Rep B,Canvassing,2,224.73,449.46,2024-04
508487,2025-07-03,East,Smart Blinds,Rep C,Website,5,851.62,4258.1,2025-07
508488,2024-09-07,West,Window Treatments,Rep C,Inbound Call,5,507.44,2537.2,2024-09
508489,2025-08-17,West,Smart Blinds,Rep B,Canvassing,1,318.18,318.18,2025-08
508490,2024-01-19,Midwest,Smart Blinds,Rep E,Partner,5,1000.34,5001.7,2024-01
508491,2024-11-10,South,Smart Blinds,Rep D,Referral,1,579.12,579.12,2024-11
508492,2025-11-25,East,Accessories,Rep C,Website,2,295.05,590.1,2025-11
508493,2024-06-27,West,Outdoor Shades,Rep E,Canvassing,3,1049.07,3147.21,2024-06
508494,2025-08-24,Midwest,Window Treatments,Rep B,Partner,3,856.28,2568.84,2025-08
508495,2024-10-03,West,Outdoor Shades,Rep C,Inbound Call,5,1007.12,5035.6,2024-10
508496,2025-04-23,West,Smart Blinds,Rep B,Partner,3,272.5,817.5,2025-04
508497,2025-06-23,West,Smart Blinds,Rep E,Referral,1,835.37,835.37,2025-06
508498,2025-07-29,East,Smart Blinds,Rep C,Website,1,500.36,500.36,2025-07
508499,2024-06-17,West,Accessories,Rep C,Canvassing,3,1054.3,3162.9,2024-06
508500,2024-09-27,South,Smart Blinds,Rep E,Canvassing,3,866.56,2599.68,2024-09
508501,2025-08-09,South,Window Treatments,Rep D,Referral,5,880.39,4401.95,2025-08
508502,2024-08-21,West,Outdoor Shades,Rep B,Website,1,815.28,815.28,2024-08
508503,2024-06-18,South,Window Treatments,Rep D,Partner,1,710.58,710.58,2024-06
508504,2025-05-26,West,Smart Blinds,Rep E,Website,5,403.2,2016.0,2025-05
508505,2024-07-30,East,Outdoor Shades,Rep B,Inbound Call,2,303.81,607.62,2024-07
508506,2024-02-18,Midwest,Smart Blinds,Rep A,Partner,2,312.82,625.64,2024-02
508507,2024-10-29,West,Smart Blinds,Rep C,Canvassing,3,638.9,1916.7,2024-10
508508,2024-11-19,West,Smart Blinds,Rep B,Partner,1,268.29,268.29,2024-11
508509,2025-04-29,East,Window Treatments,Rep E,Inbound Call,3,413.02,1239.06,2025-04
508510,2024-12-11,East,Outdoor Shades,Rep B,Inbound Call,5,802.45,4012.25,2024-12
508511,2024-08-31,East,Window Treatments,Rep C,Inbound Call,3,1076.69,3230.07,2024-08
508512,2025-04-29,East,Accessories,Rep D,Partner,5,174.8,874.0,2025-04
508513,2024-07-12,Midwest,Window Treatments,Rep B,Referral,5,1078.15,5390.75,2024-07
508514,2025-05-07,East,Window Treatments,Rep E,Canvassing,1,385.18,385.18,2025-05
508515,2025-06-06,West,Smart Blinds,Rep D,Website,2,326.0,652.0,2025-06
508516,2025-03-10,East,Window Treatments,Rep C,Partner,2,249.62,499.24,2025-03
508517,2025-08-04,South,Outdoor Shades,Rep E,Referral,5,546.57,2732.85,2025-08
508518,2025-07-06,West,Window Treatments,Rep C,Inbound Call,5,613.23,3066.15,2025-07
508519,2025-07-04,East,Window Treatments,Rep E,Referral,4,1083.18,4332.72,2025-07
508520,2024-10-16,South,Smart Blinds,Rep C,Inbound Call,3,1026.13,3078.39,2024-10
508521,2025-05-11,East,Window Treatments,Rep C,Inbound Call,2,568.86,1137.72,2025-05
508522,2025-12-19,Midwest,Window Treatments,Rep D,Website,3,830.63,2491.89,2025-12
508523,2025-05-30,East,Accessories,Rep C,Referral,4,637.27,2549.08,2025-05
508524,2024-03-16,Midwest,Window Treatments,Rep C,Website,3,302.71,908.13,2024-03
508525,2024-08-01,East,Accessories,Rep C,Inbound Call,1,783.79,783.79,2024-08
508526,2024-07-25,West,Accessories,Rep A,Referral,5,236.85,1184.25,2024-07
508527,2024-07-23,East,Window Treatments,Rep B,Canvassing,2,543.96,1087.92,2024-07
508528,2025-03-05,East,Outdoor Shades,Rep A,Referral,3,133.28,399.84,2025-03
508529,2025-03-28,West,Window Treatments,Rep E,Inbound Call,3,755.81,2267.43,2025-03
508530,2024-06-19,South,Window Treatments,Rep D,Website,1,1037.29,1037.29,2024-06
508531,2025-04-15,East,Smart Blinds,Rep A,Canvassing,1,198.44,198.44,2025-04
508532,2025-10-05,Midwest,Smart Blinds,Rep B,Inbound Call,4,629.3,2517.2,2025-10
508533,2024-07-30,Midwest,Accessories,Rep C,Partner,4,722.21,2888.84,2024-07
508534,2024-07-28,West,Window Treatments,Rep E,Partner,2,876.98,1753.96,2024-07
508535,2024-07-11,West,Accessories,Rep B,Inbound Call,5,1031.55,5157.75,2024-07
508536,2024-07-05,Midwest,Outdoor Shades,Rep E,Inbound Call,1,138.41,138.41,2024-07
508537,2025-04-03,East,Outdoor Shades,Rep D,Partner,4,1069.53,4278.12,2025-04
508538,2025-07-26,East,Smart Blinds,Rep D,Partner,5,1052.07,5260.35,2025-07
508539,2025-08-08,West,Window Treatments,Rep E,Canvassing,3,897.11,2691.33,2025-08
508540,2025-01-19,Midwest,Accessories,Rep D,Canvassing,3,253.64,760.92,2025-01
508541,2024-06-26,East,Window Treatments,Rep A,Canvassing,2,442.69,885.38,2024-06
508542,2024-04-27,East,Accessories,Rep C,Referral,1,513.11,513.11,2024-04
508543,2025-12-28,Midwest,Outdoor Shades,Rep C,Partner,3,1019.87,3059.61,2025-12
508544,2025-12-18,East,Window Treatments,Rep D,Referral,3,741.1,2223.3,2025-12
508545,2025-12-21,South,Smart Blinds,Rep D,Website,1,1053.07,1053.07,2025-12
508546,2025-08-20,South,Smart Blinds,Rep B,Partner,3,901.44,2704.32,2025-08
508547,2024-01-27,Midwest,Smart Blinds,Rep B,Website,2,197.43,394.86,2024-01
508548,2024-04-25,East,Window Treatments,Rep D,Referral,4,425.07,1700.28,2024-04
508549,2024-03-29,South,Smart Blinds,Rep A,Website,3,442.45,1327.35,2024-03
508550,2025-10-17,South,Window Treatments,Rep E,Referral,2,793.91,1587.82,2025-10
508551,2024-12-20,West,Window Treatments,Rep B,Website,3,938.23,2814.69,2024-12
508552,2024-03-03,West,Outdoor Shades,Rep B,Referral,5,420.59,2102.95,2024-03
508553,2025-05-02,Midwest,Outdoor Shades,Rep C,Website,2,878.74,1757.48,2025-05
508554,2024-02-20,South,Smart Blinds,Rep C,Canvassing,3,480.5,1441.5,2024-02
508555,2025-10-24,West,Window Treatments,Rep C,Website,3,413.81,1241.43,2025-10
508556,2025-06-01,South,Smart Blinds,Rep E,Partner,2,520.32,1040.64,2025-06
508557,2024-02-03,Midwest,Smart Blinds,Rep E,Referral,5,995.45,4977.25,2024-02
508558,2024-01-20,East,Smart Blinds,Rep D,Inbound Call,3,385.27,1155.81,2024-01
508559,2025-10-30,South,Window Treatments,Rep D,Website,4,406.27,1625.08,2025-10
508560,2024-12-31,East,Outdoor Shades,Rep C,Partner,1,435.71,435.71,2024-12
508561,2025-09-06,Midwest,Accessories,Rep B,Website,3,873.28,2619.84,2025-09
508562,2024-10-27,East,Accessories,Rep A,Website,3,670.22,2010.66,2024-10
508563,2025-04-30,East,Window Treatments,Rep B,Inbound Call,3,474.96,1424.88,2025-04
508564,2024-01-14,Midwest,Smart Blinds,Rep E,Partner,2,734.95,1469.9,2024-01
508565,2024-03-30,Midwest,Outdoor Shades,Rep D,Referral,5,195.57,977.85,2024-03
508566,2024-09-19,West,Smart Blinds,Rep E,Canvassing,4,278.29,1113.16,2024-09
508567,2024-11-24,Midwest,Window Treatments,Rep E,Website,2,557.85,1115.7,2024-11
508568,2025-03-08,West,Outdoor Shades,Rep D,Partner,5,983.34,4916.7,2025-03
508569,2024-06-02,South,Smart Blinds,Rep E,Website,2,1056.18,2112.36,2024-06
508570,2024-08-19,West,Window Treatments,Rep B,Website,1,676.63,676.63,2024-08
508571,2025-10-16,South,Accessories,Rep B,Website,2,127.43,254.86,2025-10
508572,2025-02-23,Midwest,Outdoor Shades,Rep C,Referral,4,314.49,1257.96,2025-02
508573,2024-11-26,West,Window Treatments,Rep A,Website,3,1036.91,3110.73,2024-11
508574,2025-06-05,Midwest,Outdoor Shades,Rep C,Canvassing,1,647.41,647.41,2025-06
508575,2025-11-22,Midwest,Window Treatments,Rep C,Partner,5,533.8,2669.0,2025-11
508576,2025-08-30,West,Outdoor Shades,Rep E,Referral,2,480.64,961.28,2025-08
508577,2024-11-24,Midwest,Outdoor Shades,Rep D,Inbound Call,2,657.6,1315.2,2024-11
508578,2024-06-25,South,Window Treatments,Rep A,Canvassing,4,750.7,3002.8,2024-06
508579,2025-02-06,West,Window Treatments,Rep C,Partner,2,1089.98,2179.96,2025-02
508580,2024-02-03,East,Window Treatments,Rep A,Canvassing,4,635.52,2542.08,2024-02
508581,2025-08-18,Midwest,Accessories,Rep D,Website,2,1001.29,2002.58,2025-08
508582,2024-01-31,West,Accessories,Rep C,Referral,5,829.67,4148.35,2024-01
508583,2024-08-26,East,Accessories,Rep D,Referral,4,439.53,1758.12,2024-08
508584,2024-09-18,East,Accessories,Rep C,Referral,1,731.51,731.51,2024-09
508585,2025-11-22,South,Outdoor Shades,Rep A,Referral,2,589.46,1178.92,2025-11
508586,2024-10-31,West,Smart Blinds,Rep A,Canvassing,1,774.96,774.96,2024-10
508587,2025-02-16,Midwest,Window Treatments,Rep C,Website,2,177.4,354.8,2025-02
508588,2024-02-06,East,Accessories,Rep E,Canvassing,4,323.94,1295.76,2024-02
508589,2025-03-03,West,Outdoor Shades,Rep A,Inbound Call,2,257.55,515.1,2025-03
508590,2024-03-02,Midwest,Outdoor Shades,Rep D,Partner,1,554.43,554.43,2024-03
508591,2024-04-30,Midwest,Smart Blinds,Rep C,Inbound Call,5,1099.02,5495.1,2024-04
508592,2024-01-30,East,Outdoor Shades,Rep C,Canvassing,1,698.01,698.01,2024-01
508593,2025-05-28,Midwest,Window Treatments,Rep E,Canvassing,4,630.54,2522.16,2025-05
508594,2025-01-21,West,Accessories,Rep C,Website,3,487.57,1462.71,2025-01
508595,2025-05-24,East,Window Treatments,Rep E,Canvassing,3,163.56,490.68,2025-05
508596,2025-07-22,East,Window Treatments,Rep C,Referral,3,668.08,2004.24,2025-07
508597,2025-02-09,East,Smart Blinds,Rep B,Canvassing,5,125.43,627.15,2025-02
508598,2024-07-13,West,Window Treatments,Rep B,Canvassing,2,533.63,1067.26,2024-07
508599,2024-08-19,Midwest,Outdoor Shades,Rep A,Inbound Call,5,141.59,707.95,2024-08
508600,2024-04-22,West,Window Treatments,Rep C,Referral,5,633.36,3166.8,2024-04
508601,2024-05-10,Midwest,Smart Blinds,Rep A,Inbound Call,3,766.76,2300.28,2024-05
508602,2024-07-14,South,Outdoor Shades,Rep E,Website,5,332.65,1663.25,2024-07
508603,2024-10-30,South,Window Treatments,Rep C,Referral,5,1028.92,5144.6,2024-10
508604,2024-04-25,Midwest,Window Treatments,Rep A,Referral,2,990.15,1980.3,2024-04
508605,2025-06-18,West,Accessories,Rep E,Inbound Call,3,869.66,2608.98,2025-06
508606,2025-10-01,Midwest,Window Treatments,Rep E,Inbound Call,1,295.09,295.09,2025-10
508607,2025-10-23,West,Accessories,Rep C,Website,4,592.1,2368.4,2025-10
508608,2024-06-13,South,Smart Blinds,Rep A,Canvassing,3,285.9,857.7,2024-06
508609,2024-08-25,South,Outdoor Shades,Rep E,Partner,2,925.22,1850.44,2024-08
508610,2025-06-13,East,Window Treatments,Rep C,Referral,1,213.62,213.62,2025-06
508611,2025-02-09,West,Smart Blinds,Rep B,Partner,5,243.99,1219.95,2025-02
508612,2025-05-04,Midwest,Smart Blinds,Rep E,Inbound Call,4,188.11,752.44,2025-05
508613,2024-11-14,South,Window Treatments,Rep C,Canvassing,1,586.28,586.28,2024-11
508614,2025-08-28,West,Outdoor Shades,Rep E,Referral,5,665.07,3325.35,2025-08
508615,2024-02-29,South,Window Treatments,Rep D,Referral,3,1014.65,3043.95,2024-02
508616,2024-12-27,West,Accessories,Rep A,Website,5,508.92,2544.6,2024-12
508617,2024-08-29,South,Outdoor Shades,Rep C,Website,5,615.0,3075.0,2024-08
508618,2025-08-09,South,Accessories,Rep D,Website,5,647.47,3237.35,2025-08
508619,2024-08-11,East,Window Treatments,Rep A,Partner,5,882.04,4410.2,2024-08
508620,2024-02-12,Midwest,Window Treatments,Rep B,Inbound Call,2,700.5,1401.0,2024-02
508621,2024-04-12,South,Window Treatments,Rep D,Canvassing,5,797.57,3987.85,2024-04
508622,2024-10-29,East,Outdoor Shades,Rep D,Website,2,165.26,330.52,2024-10
508623,2024-01-31,West,Window Treatments,Rep B,Inbound Call,2,525.42,1050.84,2024-01
508624,2024-02-08,West,Accessories,Rep D,Inbound Call,2,866.17,1732.34,2024-02
508625,2024-03-02,South,Outdoor Shades,Rep E,Website,5,260.79,1303.95,2024-03
508626,2025-03-02,South,Smart Blinds,Rep E,Inbound Call,1,453.99,453.99,2025-03
508627,2024-12-31,Midwest,Smart Blinds,Rep D,Website,2,941.27,1882.54,2024-12
508628,2025-11-03,East,Window Treatments,Rep D,Inbound Call,3,1043.27,3129.81,2025-11
508629,2024-03-17,West,Outdoor Shades,Rep E,Inbound Call,5,321.49,1607.45,2024-03
508630,2024-03-13,South,Smart Blinds,Rep B,Inbound Call,2,910.34,1820.68,2024-03
508631,2024-09-19,South,Window Treatments,Rep A,Inbound Call,5,1078.79,5393.95,2024-09
508632,2024-10-26,South,Window Treatments,Rep A,Website,2,481.63,963.26,2024-10
508633,2025-10-28,East,Window Treatments,Rep C,Website,1,570.43,570.43,2025-10
508634,2024-02-20,East,Outdoor Shades,Rep B,Partner,1,1068.19,1068.19,2024-02
508635,2024-05-21,South,Smart Blinds,Rep C,Referral,5,996.82,4984.1,2024-05
508636,2024-02-26,West,Accessories,Rep D,Partner,1,422.46,422.46,2024-02
508637,2024-06-12,East,Window Treatments,Rep C,Partner,2,737.42,1474.84,2024-06
508638,2025-09-12,South,Window Treatments,Rep B,Referral,2,365.15,730.3,2025-09
508639,2025-05-10,West,Accessories,Rep D,Canvassing,2,430.81,861.62,2025-05
508640,2025-12-12,South,Window Treatments,Rep D,Partner,3,284.31,852.93,2025-12
508641,2025-04-25,West,Window Treatments,Rep E,Inbound Call,3,475.29,1425.87,2025-04
508642,2024-02-14,South,Window Treatments,Rep B,Inbound Call,2,632.96,1265.92,2024-02
508643,2024-08-25,South,Window Treatments,Rep D,Website,3,406.61,1219.83,2024-08
508644,2024-06-04,East,Smart Blinds,Rep B,Canvassing,4,230.66,922.64,2024-06
508645,2024-11-13,East,Window Treatments,Rep C,Inbound Call,3,199.7,599.1,2024-11
508646,2025-05-04,Midwest,Outdoor Shades,Rep A,Referral,3,815.61,2446.83,2025-05
508647,2025-11-06,East,Accessories,Rep B,Referral,3,147.97,443.91,2025-11
508648,2025-10-13,West,Window Treatments,Rep A,Partner,2,1098.56,2197.12,2025-10
508649,2024-10-26,East,Smart Blinds,Rep D,Partner,5,776.94,3884.7,2024-10
508650,2025-07-28,West,Outdoor Shades,Rep B,Website,1,1023.94,1023.94,2025-07
508651,2024-06-23,East,Smart Blinds,Rep C,Partner,5,746.74,3733.7,2024-06
508652,2025-06-06,Midwest,Smart Blinds,Rep B,Website,5,692.89,3464.45,2025-06
508653,2025-07-21,West,Outdoor Shades,Rep A,Referral,1,257.68,257.68,2025-07
508654,2025-12-19,West,Window Treatments,Rep D,Partner,1,521.66,521.66,2025-12
508655,2024-10-21,Midwest,Window Treatments,Rep D,Canvassing,4,745.05,2980.2,2024-10
508656,2024-04-09,East,Window Treatments,Rep E,Inbound Call,1,412.33,412.33,2024-04
508657,2024-11-12,West,Window Treatments,Rep B,Partner,5,1021.58,5107.9,2024-11
508658,2024-04-22,East,Window Treatments,Rep B,Canvassing,4,643.03,2572.12,2024-04
508659,2025-09-03,East,Window Treatments,Rep B,Inbound Call,3,467.28,1401.84,2025-09
508660,2024-06-27,Midwest,Outdoor Shades,Rep E,Inbound Call,4,847.05,3388.2,2024-06
508661,2024-04-29,South,Outdoor Shades,Rep A,Referral,2,138.38,276.76,2024-04
508662,2025-09-09,Midwest,Outdoor Shades,Rep A,Referral,5,490.52,2452.6,2025-09
508663,2024-06-24,East,Outdoor Shades,Rep A,Website,2,756.69,1513.38,2024-06
508664,2025-02-25,South,Smart Blinds,Rep A,Referral,1,922.95,922.95,2025-02
508665,2024-04-26,East,Outdoor Shades,Rep E,Canvassing,3,840.93,2522.79,2024-04
508666,2025-07-07,East,Window Treatments,Rep D,Inbound Call,4,541.86,2167.44,2025-07
508667,2025-01-17,West,Outdoor Shades,Rep A,Partner,2,889.82,1779.64,2025-01
508668,2024-04-01,East,Window Treatments,Rep C,Inbound Call,5,155.86,779.3,2024-04
508669,2025-11-25,West,Smart Blinds,Rep D,Inbound Call,3,195.32,585.96,2025-11
508670,2025-04-09,West,Outdoor Shades,Rep B,Referral,1,859.67,859.67,2025-04
508671,2025-08-09,Midwest,Accessories,Rep D,Website,3,239.34,718.02,2025-08
508672,2025-12-18,West,Window Treatments,Rep D,Referral,3,594.95,1784.85,2025-12
508673,2024-09-06,South,Outdoor Shades,Rep E,Canvassing,4,486.29,1945.16,2024-09
508674,2024-04-23,Midwest,Window Treatments,Rep E,Canvassing,2,714.5,1429.0,2024-04
508675,2024-02-29,South,Accessories,Rep A,Inbound Call,1,595.3,595.3,2024-02
508676,2025-02-28,Midwest,Window Treatments,Rep E,Referral,3,876.24,2628.72,2025-02
508677,2024-11-05,East,Smart Blinds,Rep A,Inbound Call,3,131.12,393.36,2024-11
508678,2025-05-22,West,Outdoor Shades,Rep E,Partner,5,991.48,4957.4,2025-05
508679,2024-11-10,Midwest,Window Treatments,Rep E,Inbound Call,4,569.77,2279.08,2024-11
508680,2025-01-18,Midwest,Accessories,Rep D,Inbound Call,1,546.29,546.29,2025-01
508681,2024-08-16,South,Accessories,Rep C,Inbound Call,5,646.14,3230.7,2024-08
508682,2025-11-06,East,Smart Blinds,Rep E,Inbound Call,1,775.55,775.55,2025-11
508683,2024-05-04,Midwest,Accessories,Rep C,Website,1,350.59,350.59,2024-05
508684,2024-10-08,Midwest,Smart Blinds,Rep E,Website,2,502.18,1004.36,2024-10
508685,2025-01-20,Midwest,Window Treatments,Rep B,Website,4,410.05,1640.2,2025-01
508686,2025-02-14,East,Outdoor Shades,Rep E,Inbound Call,2,287.98,575.96,2025-02
508687,2025-02-05,Midwest,Window Treatments,Rep C,Canvassing,2,1022.3,2044.6,2025-02
508688,2024-09-13,South,Smart Blinds,Rep B,Referral,5,425.83,2129.15,2024-09
508689,2024-03-15,Midwest,Outdoor Shades,Rep E,Partner,5,1088.64,5443.2,2024-03
508690,2025-12-24,South,Window Treatments,Rep B,Referral,5,606.23,3031.15,2025-12
508691,2024-06-19,South,Window Treatments,Rep E,Inbound Call,5,725.57,3627.85,2024-06
508692,2025-11-20,South,Window Treatments,Rep E,Referral,5,485.48,2427.4,2025-11
508693,2024-08-18,West,Smart Blinds,Rep C,Inbound Call,2,529.35,1058.7,2024-08
508694,2024-03-29,West,Window Treatments,Rep D,Inbound Call,3,936.82,2810.46,2024-03
508695,2024-02-29,South,Smart Blinds,Rep A,Website,4,526.61,2106.44,2024-02
508696,2025-08-28,West,Window Treatments,Rep A,Website,2,844.73,1689.46,2025-08
508697,2025-02-15,South,Outdoor Shades,Rep B,Canvassing,3,167.18,501.54,2025-02
508698,2025-03-08,Midwest,Window Treatments,Rep B,Canvassing,5,150.67,753.35,2025-03
508699,2025-06-26,East,Window Treatments,Rep B,Canvassing,2,214.58,429.16,2025-06
508700,2024-04-04,Midwest,Outdoor Shades,Rep E,Inbound Call,5,1015.43,5077.15,2024-04
508701,2024-11-17,Midwest,Smart Blinds,Rep E,Referral,5,561.56,2807.8,2024-11
508702,2024-02-13,Midwest,Window Treatments,Rep A,Partner,5,989.08,4945.4,2024-02
508703,2025-04-20,South,Smart Blinds,Rep E,Inbound Call,4,593.11,2372.44,2025-04
508704,2024-11-19,East,Outdoor Shades,Rep C,Canvassing,5,947.74,4738.7,2024-11
508705,2025-05-29,South,Window Treatments,Rep E,Referral,3,971.27,2913.81,2025-05
508706,2025-01-03,South,Window Treatments,Rep A,Inbound Call,5,123.46,617.3,2025-01
508707,2025-12-23,East,Outdoor Shades,Rep D,Canvassing,2,787.01,1574.02,2025-12
508708,2024-09-30,Midwest,Outdoor Shades,Rep C,Partner,5,603.02,3015.1,2024-09
508709,2024-09-29,East,Smart Blinds,Rep A,Referral,4,1068.05,4272.2,2024-09
508710,2025-04-19,Midwest,Smart Blinds,Rep E,Canvassing,5,506.07,2530.35,2025-04
508711,2024-05-16,Midwest,Accessories,Rep D,Inbound Call,2,531.26,1062.52,2024-05
508712,2024-12-22,South,Window Treatments,Rep A,Referral,1,501.68,501.68,2024-12
508713,2024-06-26,East,Window Treatments,Rep C,Referral,5,883.73,4418.65,2024-06
508714,2024-09-14,West,Smart Blinds,Rep E,Inbound Call,5,893.83,4469.15,2024-09
508715,2024-05-19,South,Window Treatments,Rep B,Inbound Call,2,661.65,1323.3,2024-05
508716,2024-11-04,West,Smart Blinds,Rep D,Canvassing,5,279.2,1396.0,2024-11
508717,2024-01-04,South,Window Treatments,Rep B,Referral,5,763.76,3818.8,2024-01
508718,2025-08-12,South,Window Treatments,Rep B,Canvassing,4,357.33,1429.32,2025-08
508719,2025-09-22,East,Outdoor Shades,Rep C,Partner,2,1094.42,2188.84,2025-09
508720,2025-04-16,East,Outdoor Shades,Rep B,Referral,4,718.11,2872.44,2025-04
508721,2024-02-23,South,Outdoor Shades,Rep E,Canvassing,4,154.98,619.92,2024-02
508722,2024-07-13,South,Window Treatments,Rep D,Canvassing,3,135.32,405.96,2024-07
508723,2025-05-01,East,Window Treatments,Rep E,Canvassing,1,1062.21,1062.21,2025-05
508724,2024-10-12,Midwest,Accessories,Rep E,Referral,5,433.79,2168.95,2024-10
508725,2024-12-01,South,Outdoor Shades,Rep D,Partner,5,620.99,3104.95,2024-12
508726,2024-11-29,East,Window Treatments,Rep D,Website,1,128.95,128.95,2024-11
508727,2025-09-02,Midwest,Smart Blinds,Rep D,Partner,2,1065.72,2131.44,2025-09
508728,2024-03-05,East,Window Treatments,Rep E,Referral,1,993.24,993.24,2024-03
508729,2024-05-17,West,Smart Blinds,Rep B,Inbound Call,5,286.27,1431.35,2024-05
508730,2024-10-30,Midwest,Window Treatments,Rep E,Website,3,200.4,601.2,2024-10
508731,2025-06-26,Midwest,Window Treatments,Rep C,Website,2,627.79,1255.58,2025-06
508732,2024-06-15,South,Smart Blinds,Rep C,Canvassing,2,726.73,1453.46,2024-06
508733,2025-05-11,West,Smart Blinds,Rep E,Referral,1,566.21,566.21,2025-05
508734,2025-08-17,East,Smart Blinds,Rep D,Inbound Call,4,623.64,2494.56,2025-08
508735,2024-08-26,South,Outdoor Shades,Rep B,Referral,2,163.23,326.46,2024-08
508736,2024-05-22,East,Outdoor Shades,Rep E,Website,5,442.77,2213.85,2024-05
508737,2025-01-02,Midwest,Smart Blinds,Rep B,Referral,3,378.08,1134.24,2025-01
508738,2024-09-29,Midwest,Smart Blinds,Rep E,Website,4,341.88,1367.52,2024-09
508739,2025-04-11,East,Window Treatments,Rep B,Partner,2,721.53,1443.06,2025-04
508740,2024-08-14,East,Window Treatments,Rep D,Inbound Call,4,468.74,1874.96,2024-08
508741,2024-02-27,South,Window Treatments,Rep D,Partner,1,884.1,884.1,2024-02
508742,2024-01-26,Midwest,Smart Blinds,Rep D,Canvassing,3,319.09,957.27,2024-01
508743,2024-11-23,East,Outdoor Shades,Rep A,Partner,4,277.15,1108.6,2024-11
508744,2024-06-19,Midwest,Outdoor Shades,Rep D,Canvassing,2,235.57,471.14,2024-06
508745,2024-11-15,Midwest,Window Treatments,Rep B,Partner,5,986.98,4934.9,2024-11
508746,2024-05-22,Midwest,Smart Blinds,Rep A,Referral,5,679.9,3399.5,2024-05
508747,2025-06-05,South,Smart Blinds,Rep B,Referral,3,642.17,1926.51,2025-06
508748,2024-07-14,Midwest,Smart Blinds,Rep D,Partner,1,218.18,218.18,2024-07
508749,2024-03-19,Midwest,Outdoor Shades,Rep B,Canvassing,1,139.24,139.24,2024-03
508750,2025-11-15,Midwest,Outdoor Shades,Rep D,Referral,5,913.27,4566.35,2025-11
508751,2025-10-05,East,Outdoor Shades,Rep C,Canvassing,2,164.39,328.78,2025-10
508752,2025-04-18,Midwest,Window Treatments,Rep E,Referral,1,357.14,357.14,2025-04
508753,2024-01-16,South,Outdoor Shades,Rep A,Referral,2,298.95,597.9,2024-01
508754,2025-04-04,East,Accessories,Rep D,Referral,2,143.77,287.54,2025-04
508755,2025-04-12,South,Window Treatments,Rep D,Inbound Call,1,572.37,572.37,2025-04
508756,2025-03-16,East,Accessories,Rep D,Partner,4,194.64,778.56,2025-03
508757,2024-03-25,Midwest,Window Treatments,Rep D,Partner,1,702.09,702.09,2024-03
508758,2025-05-23,South,Window Treatments,Rep B,Canvassing,2,219.83,439.66,2025-05
508759,2025-05-09,South,Window Treatments,Rep A,Website,3,936.47,2809.41,2025-05
508760,2025-09-17,West,Smart Blinds,Rep D,Referral,3,891.12,2673.36,2025-09
508761,2025-04-14,South,Outdoor Shades,Rep E,Canvassing,3,965.05,2895.15,2025-04
508762,2025-07-02,South,Outdoor Shades,Rep A,Referral,2,172.86,345.72,2025-07
508763,2024-10-07,West,Window Treatments,Rep E,Referral,5,906.43,4532.15,2024-10
508764,2025-12-01,Midwest,Window Treatments,Rep C,Inbound Call,5,807.22,4036.1,2025-12
508765,2025-08-07,East,Outdoor Shades,Rep E,Canvassing,5,543.7,2718.5,2025-08
508766,2025-05-19,Midwest,Outdoor Shades,Rep E,Canvassing,3,887.35,2662.05,2025-05
508767,2024-12-06,East,Window Treatments,Rep E,Canvassing,4,412.54,1650.16,2024-12
508768,2025-03-21,West,Window Treatments,Rep B,Inbound Call,4,646.68,2586.72,2025-03
508769,2025-07-06,West,Accessories,Rep B,Website,4,190.15,760.6,2025-07
508770,2024-02-16,East,Smart Blinds,Rep E,Canvassing,2,743.03,1486.06,2024-02
508771,2025-09-15,Midwest,Window Treatments,Rep D,Canvassing,2,1071.36,2142.72,2025-09
508772,2025-10-03,South,Outdoor Shades,Rep E,Partner,1,353.4,353.4,2025-10
508773,2025-09-02,East,Accessories,Rep D,Inbound Call,5,658.45,3292.25,2025-09
508774,2025-04-07,West,Smart Blinds,Rep E,Partner,4,1064.2,4256.8,2025-04
508775,2024-12-06,Midwest,Smart Blinds,Rep B,Canvassing,5,671.06,3355.3,2024-12
508776,2025-08-20,East,Window Treatments,Rep B,Website,2,499.09,998.18,2025-08
508777,2024-10-12,Midwest,Window Treatments,Rep D,Referral,4,258.89,1035.56,2024-10
508778,2025-08-21,South,Window Treatments,Rep A,Partner,2,595.98,1191.96,2025-08
508779,2024-09-07,Midwest,Accessories,Rep C,Partner,5,536.06,2680.3,2024-09
508780,2025-12-01,Midwest,Window Treatments,Rep C,Partner,4,830.24,3320.96,2025-12
508781,2024-03-12,Midwest,Smart Blinds,Rep E,Partner,3,215.29,645.87,2024-03
508782,2024-11-22,Midwest,Window Treatments,Rep C,Referral,1,871.83,871.83,2024-11
508783,2024-07-30,West,Accessories,Rep D,Inbound Call,3,483.01,1449.03,2024-07
508784,2024-06-14,East,Outdoor Shades,Rep E,Website,5,910.17,4550.85,2024-06
508785,2025-10-27,South,Accessories,Rep A,Canvassing,4,1030.74,4122.96,2025-10
508786,2024-03-04,West,Smart Blinds,Rep C,Inbound Call,1,611.83,611.83,2024-03
508787,2024-09-12,Midwest,Window Treatments,Rep E,Inbound Call,3,243.94,731.82,2024-09
508788,2025-05-13,West,Smart Blinds,Rep A,Inbound Call,1,196.81,196.81,2025-05
508789,2025-05-27,Midwest,Smart Blinds,Rep C,Partner,5,968.2,4841.0,2025-05
508790,2025-11-12,South,Window Treatments,Rep A,Canvassing,3,998.63,2995.89,2025-11
508791,2024-03-25,Midwest,Window Treatments,Rep B,Referral,5,304.82,1524.1,2024-03
508792,2024-12-29,West,Outdoor Shades,Rep B,Website,3,1010.3,3030.9,2024-12
508793,2024-02-06,South,Outdoor Shades,Rep E,Canvassing,4,547.79,2191.16,2024-02
508794,2025-08-12,South,Window Treatments,Rep A,Referral,1,192.89,192.89,2025-08
508795,2025-07-25,West,Window Treatments,Rep A,Inbound Call,5,561.73,2808.65,2025-07
508796,2025-01-10,East,Window Treatments,Rep C,Partner,5,690.19,3450.95,2025-01
508797,2024-03-23,East,Accessories,Rep A,Partner,1,452.1,452.1,2024-03
508798,2025-01-29,East,Smart Blinds,Rep A,Inbound Call,2,608.44,1216.88,2025-01
508799,2024-02-29,West,Smart Blinds,Rep D,Referral,1,291.04,291.04,2024-02
508800,2024-02-23,East,Accessories,Rep E,Website,5,401.11,2005.55,2024-02
508801,2024-02-02,Midwest,Window Treatments,Rep E,Inbound Call,4,153.68,614.72,2024-02
508802,2025-01-04,East,Accessories,Rep C,Canvassing,3,559.62,1678.86,2025-01
508803,2024-06-08,West,Outdoor Shades,Rep C,Canvassing,4,195.57,782.28,2024-06
508804,2025-10-25,West,Smart Blinds,Rep E,Partner,1,331.63,331.63,2025-10
508805,2024-05-18,Midwest,Window Treatments,Rep E,Inbound Call,3,404.17,1212.51,2024-05
508806,2025-10-19,Midwest,Outdoor Shades,Rep D,Canvassing,3,963.1,2889.3,2025-10
508807,2025-12-16,East,Outdoor Shades,Rep B,Inbound Call,5,1004.73,5023.65,2025-12
508808,2024-10-26,South,Window Treatments,Rep C,Inbound Call,3,1001.97,3005.91,2024-10
508809,2025-11-22,Midwest,Outdoor Shades,Rep A,Website,1,143.46,143.46,2025-11
508810,2025-04-01,South,Outdoor Shades,Rep A,Inbound Call,4,285.32,1141.28,2025-04
508811,2024-07-04,West,Window Treatments,Rep B,Website,3,1042.84,3128.52,2024-07
508812,2025-10-29,East,Window Treatments,Rep E,Inbound Call,2,293.44,586.88,2025-10
508813,2024-03-08,West,Smart Blinds,Rep A,Inbound Call,1,292.45,292.45,2024-03
508814,2024-11-12,South,Accessories,Rep A,Partner,4,951.21,3804.84,2024-11
508815,2024-05-23,West,Window Treatments,Rep D,Partner,3,582.19,1746.57,2024-05
508816,2024-10-18,East,Outdoor Shades,Rep D,Canvassing,2,1098.56,2197.12,2024-10
508817,2024-07-19,Midwest,Window Treatments,Rep D,Referral,2,568.64,1137.28,2024-07
508818,2025-10-09,Midwest,Outdoor Shades,Rep D,Inbound Call,5,1080.9,5404.5,2025-10
508819,2024-08-16,East,Smart Blinds,Rep E,Partner,1,333.44,333.44,2024-08
508820,2024-12-12,Midwest,Window Treatments,Rep C,Website,4,502.85,2011.4,2024-12
508821,2025-11-16,West,Window Treatments,Rep B,Canvassing,4,858.64,3434.56,2025-11
508822,2025-06-29,East,Window Treatments,Rep E,Partner,4,1056.49,4225.96,2025-06
508823,2025-01-09,Midwest,Outdoor Shades,Rep B,Canvassing,4,654.45,2617.8,2025-01
508824,2024-05-18,East,Window Treatments,Rep C,Canvassing,2,682.17,1364.34,2024-05
508825,2024-06-27,West,Window Treatments,Rep C,Referral,4,1068.41,4273.64,2024-06
508826,2024-12-19,Midwest,Window Treatments,Rep D,Partner,5,600.25,3001.25,2024-12
508827,2025-06-26,Midwest,Outdoor Shades,Rep B,Partner,3,224.02,672.06,2025-06
508828,2025-08-08,West,Window Treatments,Rep A,Referral,3,781.1,2343.3,2025-08
508829,2025-06-22,East,Smart Blinds,Rep D,Website,3,1069.78,3209.34,2025-06
508830,2025-02-14,West,Outdoor Shades,Rep C,Website,2,571.75,1143.5,2025-02
508831,2025-03-08,Midwest,Smart Blinds,Rep C,Website,3,586.54,1759.62,2025-03
508832,2024-10-28,South,Smart Blinds,Rep A,Referral,3,631.11,1893.33,2024-10
508833,2025-11-03,Midwest,Accessories,Rep E,Website,5,210.02,1050.1,2025-11
508834,2025-02-08,East,Outdoor Shades,Rep D,Partner,4,849.73,3398.92,2025-02
508835,2025-04-11,East,Smart Blinds,Rep A,Canvassing,4,145.08,580.32,2025-04
508836,2025-10-03,East,Smart Blinds,Rep C,Canvassing,1,813.38,813.38,2025-10
508837,2025-08-22,East,Smart Blinds,Rep D,Canvassing,3,139.23,417.69,2025-08
508838,2024-01-20,South,Accessories,Rep E,Partner,5,739.47,3697.35,2024-01
508839,2024-08-27,East,Smart Blinds,Rep D,Referral,1,149.53,149.53,2024-08
508840,2024-05-22,South,Smart Blinds,Rep C,Partner,3,843.03,2529.09,2024-05
508841,2024-05-03,South,Accessories,Rep C,Inbound Call,2,914.29,1828.58,2024-05
508842,2025-07-22,Midwest,Outdoor Shades,Rep E,Partner,1,923.97,923.97,2025-07
508843,2025-08-25,Midwest,Window Treatments,Rep C,Referral,2,1031.11,2062.22,2025-08
508844,2024-12-31,South,Smart Blinds,Rep D,Referral,4,914.1,3656.4,2024-12
508845,2024-05-31,Midwest,Window Treatments,Rep B,Inbound Call,5,230.71,1153.55,2024-05
508846,2024-11-26,South,Outdoor Shades,Rep A,Canvassing,5,134.03,670.15,2024-11
508847,2024-03-25,South,Smart Blinds,Rep A,Website,4,289.21,1156.84,2024-03
508848,2024-09-14,West,Window Treatments,Rep C,Referral,2,764.23,1528.46,2024-09
508849,2025-05-06,South,Window Treatments,Rep E,Partner,3,1077.77,3233.31,2025-05
508850,2024-12-02,South,Window Treatments,Rep A,Canvassing,3,327.21,981.63,2024-12
508851,2025-12-18,West,Smart Blinds,Rep B,Referral,4,170.78,683.12,2025-12
508852,2025-10-12,West,Outdoor Shades,Rep E,Website,3,242.57,727.71,2025-10
508853,2024-08-06,West,Smart Blinds,Rep E,Website,3,181.92,545.76,2024-08
508854,2024-01-10,Midwest,Window Treatments,Rep B,Canvassing,2,904.74,1809.48,2024-01
508855,2025-09-12,West,Smart Blinds,Rep A,Partner,2,615.41,1230.82,2025-09
508856,2024-07-06,South,Window Treatments,Rep C,Inbound Call,4,411.47,1645.88,2024-07
508857,2025-02-23,West,Outdoor Shades,Rep E,Partner,1,368.52,368.52,2025-02
508858,2024-07-04,South,Smart Blinds,Rep C,Inbound Call,2,1082.3,2164.6,2024-07
508859,2024-12-15,West,Accessories,Rep D,Website,4,166.1,664.4,2024-12
508860,2025-04-02,Midwest,Smart Blinds,Rep A,Inbound Call,3,180.59,541.77,2025-04
508861,2025-01-18,South,Accessories,Rep E,Partner,1,674.15,674.15,2025-01
508862,2025-04-29,Midwest,Outdoor Shades,Rep C,Website,1,534.57,534.57,2025-04
508863,2024-08-27,Midwest,Accessories,Rep B,Referral,4,467.86,1871.44,2024-08
508864,2024-06-07,Midwest,Outdoor Shades,Rep A,Partner,4,579.08,2316.32,2024-06
508865,2024-07-15,West,Outdoor Shades,Rep C,Canvassing,3,1008.87,3026.61,2024-07
508866,2024-05-28,East,Window Treatments,Rep D,Inbound Call,1,345.35,345.35,2024-05
508867,2024-05-05,South,Outdoor Shades,Rep A,Inbound Call,1,735.87,735.87,2024-05
508868,2025-12-21,West,Smart Blinds,Rep C,Canvassing,3,173.41,520.23,2025-12
508869,2024-03-03,South,Accessories,Rep C,Referral,4,513.61,2054.44,2024-03
508870,2024-03-02,South,Outdoor Shades,Rep B,Canvassing,5,143.62,718.1,2024-03
508871,2025-07-08,South,Window Treatments,Rep E,Inbound Call,2,130.94,261.88,2025-07
508872,2024-02-10,South,Accessories,Rep E,Inbound Call,3,1056.29,3168.87,2024-02
508873,2025-03-29,East,Accessories,Rep B,Canvassing,5,957.11,4785.55,2025-03
508874,2024-04-24,Midwest,Window Treatments,Rep B,Partner,4,420.98,1683.92,2024-04
508875,2024-11-01,West,Smart Blinds,Rep D,Canvassing,3,1079.14,3237.42,2024-11
508876,2024-10-31,South,Outdoor Shades,Rep D,Referral,2,569.58,1139.16,2024-10
508877,2024-11-20,East,Window Treatments,Rep B,Canvassing,3,737.32,2211.96,2024-11
508878,2025-12-18,West,Smart Blinds,Rep E,Partner,5,392.1,1960.5,2025-12
508879,2024-12-11,South,Smart Blinds,Rep E,Canvassing,5,667.12,3335.6,2024-12
508880,2024-08-06,East,Window Treatments,Rep A,Canvassing,3,345.76,1037.28,2024-08
508881,2024-04-29,East,Outdoor Shades,Rep C,Referral,4,787.37,3149.48,2024-04
508882,2025-07-20,South,Window Treatments,Rep D,Website,1,289.78,289.78,2025-07
508883,2024-10-01,Midwest,Outdoor Shades,Rep C,Website,3,726.29,2178.87,2024-10
508884,2025-07-30,West,Smart Blinds,Rep C,Partner,3,759.84,2279.52,2025-07
508885,2025-04-24,West,Accessories,Rep E,Partner,4,574.3,2297.2,2025-04
508886,2025-02-16,Midwest,Outdoor Shades,Rep B,Canvassing,1,513.6,513.6,2025-02
508887,2025-02-26,South,Outdoor Shades,Rep C,Referral,3,614.75,1844.25,2025-02
508888,2024-11-08,Midwest,Window Treatments,Rep C,Inbound Call,3,195.72,587.16,2024-11
508889,2024-11-07,East,Outdoor Shades,Rep B,Partner,2,828.68,1657.36,2024-11
508890,2025-03-19,East,Smart Blinds,Rep B,Website,3,230.04,690.12,2025-03
508891,2024-01-11,Midwest,Window Treatments,Rep E,Partner,5,131.55,657.75,2024-01
508892,2024-12-26,East,Window Treatments,Rep A,Partner,4,237.22,948.88,2024-12
508893,2025-08-24,South,Outdoor Shades,Rep D,Partner,2,593.39,1186.78,2025-08
508894,2025-01-31,Midwest,Window Treatments,Rep B,Referral,1,328.41,328.41,2025-01
508895,2024-07-20,Midwest,Accessories,Rep E,Website,4,142.27,569.08,2024-07
508896,2024-05-13,West,Outdoor Shades,Rep C,Canvassing,3,176.63,529.89,2024-05
508897,2025-04-24,Midwest,Outdoor Shades,Rep B,Inbound Call,4,211.37,845.48,2025-04
508898,2024-07-11,East,Outdoor Shades,Rep C,Referral,5,494.63,2473.15,2024-07
508899,2024-09-12,Midwest,Outdoor Shades,Rep A,Referral,1,357.19,357.19,2024-09
508900,2024-11-06,South,Window Treatments,Rep D,Website,5,470.17,2350.85,2024-11
508901,2024-05-11,East,Outdoor Shades,Rep B,Referral,2,868.9,1737.8,2024-05
508902,2025-06-20,East,Window Treatments,Rep C,Canvassing,2,528.77,1057.54,2025-06
508903,2025-01-05,South,Window Treatments,Rep C,Inbound Call,1,600.1,600.1,2025-01
508904,2025-01-12,Midwest,Smart Blinds,Rep E,Inbound Call,2,521.23,1042.46,2025-01
508905,2025-02-16,West,Outdoor Shades,Rep E,Partner,4,137.2,548.8,2025-02
508906,2025-09-06,West,Outdoor Shades,Rep E,Website,5,386.86,1934.3,2025-09
508907,2025-10-29,East,Window Treatments,Rep D,Partner,2,155.49,310.98,2025-10
508908,2024-05-24,Midwest,Smart Blinds,Rep D,Website,4,244.15,976.6,2024-05
508909,2024-02-07,South,Smart Blinds,Rep E,Inbound Call,4,150.55,602.2,2024-02
508910,2025-12-05,East,Smart Blinds,Rep E,Referral,5,666.56,3332.8,2025-12
508911,2025-02-06,South,Outdoor Shades,Rep D,Canvassing,4,483.94,1935.76,2025-02
508912,2024-09-24,South,Window Treatments,Rep D,Website,4,935.19,3740.76,2024-09
508913,2024-07-19,South,Outdoor Shades,Rep A,Inbound Call,1,145.11,145.11,2024-07
508914,2024-10-08,South,Smart Blinds,Rep C,Website,1,745.09,745.09,2024-10
508915,2024-05-06,West,Accessories,Rep B,Inbound Call,1,1050.93,1050.93,2024-05
508916,2025-07-30,South,Window Treatments,Rep A,Website,2,224.73,449.46,2025-07
508917,2024-08-21,South,Window Treatments,Rep B,Referral,2,386.45,772.9,2024-08
508918,2024-06-25,East,Window Treatments,Rep A,Canvassing,3,756.77,2270.31,2024-06
508919,2024-08-08,East,Outdoor Shades,Rep E,Partner,1,337.05,337.05,2024-08
508920,2025-07-27,West,Smart Blinds,Rep A,Referral,4,977.57,3910.28,2025-07
508921,2025-07-31,East,Smart Blinds,Rep C,Referral,3,820.89,2462.67,2025-07
508922,2025-12-23,Midwest,Outdoor Shades,Rep A,Inbound Call,3,436.31,1308.93,2025-12
508923,2025-03-04,Midwest,Accessories,Rep C,Website,5,934.07,4670.35,2025-03
508924,2024-01-30,West,Smart Blinds,Rep E,Canvassing,3,1089.04,3267.12,2024-01
508925,2024-06-22,Midwest,Window Treatments,Rep D,Partner,5,1097.89,5489.45,2024-06
508926,2024-11-12,West,Window Treatments,Rep D,Partner,5,711.15,3555.75,2024-11
508927,2025-05-09,East,Accessories,Rep E,Partner,3,954.71,2864.13,2025-05
508928,2025-03-15,East,Window Treatments,Rep C,Partner,3,816.37,2449.11,2025-03
508929,2025-09-16,South,Outdoor Shades,Rep D,Partner,1,747.45,747.45,2025-09
508930,2024-11-16,East,Smart Blinds,Rep E,Referral,4,408.03,1632.12,2024-11
508931,2025-07-02,West,Outdoor Shades,Rep E,Referral,1,744.68,744.68,2025-07
508932,2025-02-10,West,Outdoor Shades,Rep E,Website,4,846.47,3385.88,2025-02
508933,2024-02-10,East,Window Treatments,Rep B,Canvassing,3,365.54,1096.62,2024-02
508934,2024-08-15,Midwest,Smart Blinds,Rep C,Inbound Call,3,749.55,2248.65,2024-08
508935,2025-01-09,West,Window Treatments,Rep B,Website,5,1062.67,5313.35,2025-01
508936,2024-12-30,West,Accessories,Rep D,Partner,5,819.07,4095.35,2024-12
508937,2025-03-06,Midwest,Window Treatments,Rep B,Referral,1,152.56,152.56,2025-03
508938,2025-07-10,Midwest,Outdoor Shades,Rep A,Website,4,667.82,2671.28,2025-07
508939,2025-07-21,Midwest,Window Treatments,Rep C,Referral,1,254.58,254.58,2025-07
508940,2024-11-25,Midwest,Accessories,Rep E,Referral,4,486.96,1947.84,2024-11
508941,2025-09-17,East,Outdoor Shades,Rep D,Inbound Call,1,397.17,397.17,2025-09
508942,2024-04-28,West,Window Treatments,Rep D,Website,3,830.52,2491.56,2024-04
508943,2025-12-30,Midwest,Smart Blinds,Rep E,Website,2,187.33,374.66,2025-12
508944,2024-06-18,Midwest,Window Treatments,Rep D,Referral,5,305.01,1525.05,2024-06
508945,2025-08-23,East,Accessories,Rep D,Referral,4,412.48,1649.92,2025-08
508946,2024-06-30,Midwest,Accessories,Rep C,Inbound Call,1,425.34,425.34,2024-06
508947,2024-10-24,Midwest,Window Treatments,Rep B,Website,2,354.82,709.64,2024-10
508948,2024-09-10,Midwest,Window Treatments,Rep E,Referral,1,155.08,155.08,2024-09
508949,2025-05-24,South,Smart Blinds,Rep C,Website,3,393.52,1180.56,2025-05
508950,2024-04-15,West,Smart Blinds,Rep B,Inbound Call,3,933.11,2799.33,2024-04
508951,2024-01-23,East,Window Treatments,Rep C,Inbound Call,3,867.14,2601.42,2024-01
508952,2025-05-24,Midwest,Outdoor Shades,Rep A,Website,2,421.48,842.96,2025-05
508953,2024-11-09,Midwest,Accessories,Rep B,Referral,5,435.2,2176.0,2024-11
508954,2024-02-15,West,Accessories,Rep E,Canvassing,3,1029.62,3088.86,2024-02
508955,2024-05-27,South,Smart Blinds,Rep B,Canvassing,3,704.28,2112.84,2024-05
508956,2025-12-20,East,Smart Blinds,Rep E,Canvassing,4,892.49,3569.96,2025-12
508957,2024-11-30,South,Outdoor Shades,Rep B,Referral,3,319.85,959.55,2024-11
508958,2024-04-09,Midwest,Outdoor Shades,Rep C,Referral,5,670.24,3351.2,2024-04
508959,2024-06-08,South,Outdoor Shades,Rep B,Canvassing,5,217.75,1088.75,2024-06
508960,2024-02-13,East,Outdoor Shades,Rep C,Partner,2,1000.97,2001.94,2024-02
508961,2025-01-04,East,Outdoor Shades,Rep D,Referral,1,732.83,732.83,2025-01
508962,2025-12-13,East,Accessories,Rep A,Referral,1,504.69,504.69,2025-12
508963,2025-07-22,East,Outdoor Shades,Rep D,Partner,5,523.09,2615.45,2025-07
508964,2025-08-21,Midwest,Accessories,Rep E,Referral,1,137.78,137.78,2025-08
508965,2024-01-18,Midwest,Smart Blinds,Rep D,Website,2,663.54,1327.08,2024-01
508966,2025-07-10,West,Window Treatments,Rep A,Inbound Call,4,539.75,2159.0,2025-07
508967,2025-04-26,South,Window Treatments,Rep E,Partner,1,928.44,928.44,2025-04
508968,2025-07-27,Midwest,Smart Blinds,Rep B,Canvassing,5,1052.95,5264.75,2025-07
508969,2025-04-14,South,Smart Blinds,Rep C,Canvassing,3,565.57,1696.71,2025-04
508970,2025-11-28,East,Smart Blinds,Rep A,Referral,5,933.33,4666.65,2025-11
508971,2025-03-08,Midwest,Accessories,Rep E,Referral,1,731.74,731.74,2025-03
508972,2024-11-06,East,Accessories,Rep E,Partner,2,889.73,1779.46,2024-11
508973,2025-11-29,Midwest,Accessories,Rep C,Website,4,680.76,2723.04,2025-11
508974,2024-08-06,East,Smart Blinds,Rep C,Referral,5,925.39,4626.95,2024-08
508975,2025-01-26,Midwest,Outdoor Shades,Rep A,Inbound Call,4,131.78,527.12,2025-01
508976,2025-08-26,Midwest,Window Treatments,Rep E,Canvassing,5,683.13,3415.65,2025-08
508977,2024-10-06,Midwest,Accessories,Rep B,Referral,3,656.4,1969.2,2024-10
508978,2025-04-05,South,Outdoor Shades,Rep B,Referral,2,341.34,682.68,2025-04
508979,2025-01-11,Midwest,Window Treatments,Rep A,Canvassing,3,280.75,842.25,2025-01
508980,2025-08-29,East,Window Treatments,Rep E,Website,3,592.29,1776.87,2025-08
508981,2024-08-21,East,Outdoor Shades,Rep A,Referral,5,383.26,1916.3,2024-08
508982,2024-12-13,West,Smart Blinds,Rep B,Website,4,467.36,1869.44,2024-12
508983,2025-11-19,South,Outdoor Shades,Rep D,Canvassing,5,720.92,3604.6,2025-11
508984,2024-09-14,South,Accessories,Rep B,Partner,4,847.55,3390.2,2024-09
508985,2024-10-04,Midwest,Outdoor Shades,Rep D,Website,5,500.52,2502.6,2024-10
508986,2024-10-10,East,Window Treatments,Rep A,Partner,1,915.53,915.53,2024-10
508987,2024-06-21,South,Window Treatments,Rep B,Website,2,613.65,1227.3,2024-06
508988,2025-11-06,West,Window Treatments,Rep E,Canvassing,2,853.16,1706.32,2025-11
508989,2024-10-22,West,Smart Blinds,Rep B,Website,3,243.35,730.05,2024-10
508990,2025-11-23,Midwest,Outdoor Shades,Rep C,Canvassing,2,477.93,955.86,2025-11
508991,2025-08-24,West,Smart Blinds,Rep B,Website,3,290.31,870.93,2025-08
508992,2025-10-28,East,Window Treatments,Rep B,Partner,4,155.94,623.76,2025-10
508993,2025-08-26,East,Window Treatments,Rep C,Partner,1,738.83,738.83,2025-08
508994,2025-10-07,Midwest,Outdoor Shades,Rep B,Partner,2,218.01,436.02,2025-10
508995,2025-05-18,South,Window Treatments,Rep A,Website,1,587.19,587.19,2025-05
508996,2024-08-14,East,Window Treatments,Rep B,Partner,1,746.11,746.11,2024-08
508997,2024-03-10,East,Window Treatments,Rep D,Inbound Call,1,707.59,707.59,2024-03
508998,2025-11-27,East,Window Treatments,Rep B,Referral,2,220.46,440.92,2025-11
508999,2025-03-20,South,Outdoor Shades,Rep A,Website,4,305.15,1220.6,2025-03
509000,2025-06-30,East,Smart Blinds,Rep A,Referral,4,162.94,651.76,2025-06
509001,2025-09-24,East,Smart Blinds,Rep D,Partner,3,251.54,754.62,2025-09
509002,2025-05-15,South,Accessories,Rep A,Website,2,470.0,940.0,2025-05
509003,2025-09-08,Midwest,Accessories,Rep A,Inbound Call,3,961.9,2885.7,2025-09
509004,2025-01-25,Midwest,Smart Blinds,Rep D,Inbound Call,2,958.73,1917.46,2025-01
509005,2024-08-26,Midwest,Window Treatments,Rep C,Website,3,576.85,1730.55,2024-08
509006,2024-10-18,East,Smart Blinds,Rep E,Website,2,218.96,437.92,2024-10
509007,2025-10-14,West,Outdoor Shades,Rep B,Partner,2,1027.16,2054.32,2025-10
509008,2024-09-10,West,Outdoor Shades,Rep E,Referral,3,540.25,1620.75,2024-09
509009,2025-12-25,West,Outdoor Shades,Rep A,Partner,2,775.68,1551.36,2025-12
509010,2024-01-19,Midwest,Window Treatments,Rep D,Inbound Call,3,311.62,934.86,2024-01
509011,2024-04-06,South,Window Treatments,Rep A,Partner,3,796.61,2389.83,2024-04
509012,2024-01-22,West,Window Treatments,Rep D,Inbound Call,1,125.36,125.36,2024-01
509013,2025-04-16,Midwest,Window Treatments,Rep C,Website,4,598.63,2394.52,2025-04
509014,2025-06-11,East,Smart Blinds,Rep A,Website,5,424.68,2123.4,2025-06
509015,2025-10-19,West,Accessories,Rep C,Partner,5,844.02,4220.1,2025-10
509016,2025-04-30,South,Window Treatments,Rep A,Referral,3,593.62,1780.86,2025-04
509017,2024-06-24,West,Window Treatments,Rep A,Inbound Call,3,323.29,969.87,2024-06
509018,2025-10-23,South,Smart Blinds,Rep A,Referral,2,530.27,1060.54,2025-10
509019,2025-02-07,Midwest,Accessories,Rep B,Canvassing,1,918.86,918.86,2025-02
509020,2024-03-01,Midwest,Outdoor Shades,Rep B,Inbound Call,2,1056.67,2113.34,2024-03
509021,2025-07-10,Midwest,Outdoor Shades,Rep C,Canvassing,4,894.56,3578.24,2025-07
509022,2025-08-19,West,Accessories,Rep C,Canvassing,3,898.49,2695.47,2025-08
509023,2024-08-10,West,Window Treatments,Rep B,Partner,3,678.27,2034.81,2024-08
509024,2024-06-11,East,Window Treatments,Rep C,Website,4,624.8,2499.2,2024-06
509025,2024-01-16,East,Window Treatments,Rep A,Canvassing,2,599.11,1198.22,2024-01
509026,2024-02-03,South,Outdoor Shades,Rep B,Canvassing,5,951.84,4759.2,2024-02
509027,2025-09-20,Midwest,Outdoor Shades,Rep A,Canvassing,5,1088.26,5441.3,2025-09
509028,2025-10-19,Midwest,Window Treatments,Rep E,Canvassing,4,579.13,2316.52,2025-10
509029,2025-09-18,South,Window Treatments,Rep A,Website,4,214.95,859.8,2025-09
509030,2024-12-19,Midwest,Window Treatments,Rep B,Website,5,514.71,2573.55,2024-12
509031,2024-03-18,South,Window Treatments,Rep E,Canvassing,4,395.78,1583.12,2024-03
509032,2025-10-15,West,Outdoor Shades,Rep D,Referral,5,948.17,4740.85,2025-10
509033,2025-03-17,West,Window Treatments,Rep D,Referral,4,1001.9,4007.6,2025-03
509034,2024-06-01,Midwest,Accessories,Rep E,Website,5,451.82,2259.1,2024-06
509035,2024-07-16,Midwest,Window Treatments,Rep D,Canvassing,3,527.56,1582.68,2024-07
509036,2025-09-04,South,Smart Blinds,Rep E,Canvassing,4,807.42,3229.68,2025-09
509037,2024-11-13,West,Window Treatments,Rep A,Referral,1,591.35,591.35,2024-11
509038,2025-01-03,Midwest,Outdoor Shades,Rep C,Referral,5,508.45,2542.25,2025-01
509039,2025-08-15,West,Window Treatments,Rep B,Referral,3,285.73,857.19,2025-08
509040,2024-12-09,South,Outdoor Shades,Rep B,Website,4,568.18,2272.72,2024-12
509041,2025-03-04,South,Window Treatments,Rep E,Referral,4,969.12,3876.48,2025-03
509042,2025-01-29,East,Outdoor Shades,Rep A,Partner,3,858.29,2574.87,2025-01
509043,2025-04-26,West,Smart Blinds,Rep C,Partner,5,956.0,4780.0,2025-04
509044,2024-03-08,West,Smart Blinds,Rep B,Canvassing,3,138.0,414.0,2024-03
509045,2025-05-22,West,Outdoor Shades,Rep D,Referral,4,655.36,2621.44,2025-05
509046,2024-10-27,East,Accessories,Rep E,Partner,2,671.6,1343.2,2024-10
509047,2025-06-18,East,Smart Blinds,Rep A,Website,5,245.83,1229.15,2025-06
509048,2024-08-12,South,Window Treatments,Rep B,Website,4,486.53,1946.12,2024-08
509049,2025-04-09,West,Outdoor Shades,Rep A,Inbound Call,2,903.4,1806.8,2025-04
509050,2024-07-27,Midwest,Outdoor Shades,Rep A,Partner,5,213.76,1068.8,2024-07
509051,2024-03-20,Midwest,Outdoor Shades,Rep E,Inbound Call,2,675.39,1350.78,2024-03
509052,2024-12-30,South,Window Treatments,Rep B,Website,2,405.16,810.32,2024-12
509053,2025-04-04,West,Window Treatments,Rep E,Website,4,553.51,2214.04,2025-04
509054,2025-07-29,East,Accessories,Rep C,Website,4,866.42,3465.68,2025-07
509055,2024-09-29,West,Smart Blinds,Rep D,Inbound Call,2,995.06,1990.12,2024-09
509056,2024-09-01,West,Window Treatments,Rep A,Inbound Call,5,172.74,863.7,2024-09
509057,2024-10-16,East,Window Treatments,Rep A,Website,5,655.71,3278.55,2024-10
509058,2024-04-24,South,Window Treatments,Rep A,Canvassing,1,462.06,462.06,2024-04
509059,2024-05-10,East,Outdoor Shades,Rep E,Referral,2,723.47,1446.94,2024-05
509060,2025-12-01,West,Outdoor Shades,Rep D,Partner,2,885.28,1770.56,2025-12
509061,2024-12-01,East,Accessories,Rep A,Partner,5,283.21,1416.05,2024-12
509062,2025-11-21,South,Accessories,Rep D,Website,2,927.86,1855.72,2025-11
509063,2025-01-15,East,Outdoor Shades,Rep E,Inbound Call,1,324.99,324.99,2025-01
509064,2025-08-27,South,Outdoor Shades,Rep D,Canvassing,1,1012.2,1012.2,2025-08
509065,2025-04-23,East,Window Treatments,Rep C,Website,3,1069.44,3208.32,2025-04
509066,2024-09-29,East,Outdoor Shades,Rep D,Referral,3,940.23,2820.69,2024-09
509067,2025-05-30,East,Smart Blinds,Rep D,Referral,5,968.9,4844.5,2025-05
509068,2025-12-09,Midwest,Outdoor Shades,Rep D,Partner,5,776.47,3882.35,2025-12
509069,2024-08-08,East,Outdoor Shades,Rep D,Partner,3,516.91,1550.73,2024-08
509070,2025-03-01,Midwest,Outdoor Shades,Rep C,Website,1,402.27,402.27,2025-03
509071,2025-09-04,Midwest,Smart Blinds,Rep C,Partner,1,1063.58,1063.58,2025-09
509072,2025-01-27,South,Window Treatments,Rep B,Partner,3,665.92,1997.76,2025-01
509073,2024-01-12,South,Accessories,Rep C,Partner,2,469.09,938.18,2024-01
509074,2024-04-01,West,Outdoor Shades,Rep D,Canvassing,5,452.19,2260.95,2024-04
509075,2025-01-16,West,Outdoor Shades,Rep D,Partner,1,750.5,750.5,2025-01
509076,2025-12-01,East,Window Treatments,Rep B,Canvassing,4,860.7,3442.8,2025-12
509077,2024-02-07,South,Smart Blinds,Rep E,Inbound Call,1,127.42,127.42,2024-02
509078,2024-02-21,Midwest,Window Treatments,Rep A,Referral,3,422.37,1267.11,2024-02
509079,2024-10-07,South,Accessories,Rep D,Partner,5,1012.69,5063.45,2024-10
509080,2025-11-02,South,Smart Blinds,Rep E,Website,3,428.71,1286.13,2025-11
509081,2024-10-20,South,Accessories,Rep C,Canvassing,5,846.36,4231.8,2024-10
509082,2025-08-24,East,Smart Blinds,Rep D,Referral,3,666.54,1999.62,2025-08
509083,2024-03-29,East,Window Treatments,Rep B,Inbound Call,4,794.51,3178.04,2024-03
509084,2025-11-14,Midwest,Window Treatments,Rep D,Referral,1,976.99,976.99,2025-11
509085,2025-12-26,Midwest,Outdoor Shades,Rep C,Website,3,424.04,1272.12,2025-12
509086,2025-10-31,West,Accessories,Rep A,Inbound Call,2,654.68,1309.36,2025-10
509087,2024-10-30,Midwest,Window Treatments,Rep A,Partner,3,1063.02,3189.06,2024-10
509088,2025-03-20,Midwest,Smart Blinds,Rep E,Canvassing,1,221.37,221.37,2025-03
509089,2024-08-03,West,Smart Blinds,Rep A,Referral,1,367.32,367.32,2024-08
509090,2025-04-08,West,Smart Blinds,Rep C,Inbound Call,4,504.18,2016.72,2025-04
509091,2024-04-15,Midwest,Window Treatments,Rep D,Referral,3,149.63,448.89,2024-04
509092,2024-03-14,South,Window Treatments,Rep D,Referral,5,589.96,2949.8,2024-03
509093,2024-05-01,Midwest,Window Treatments,Rep E,Website,2,1061.02,2122.04,2024-05
509094,2024-05-16,West,Window Treatments,Rep A,Partner,2,186.65,373.3,2024-05
509095,2025-03-14,West,Accessories,Rep A,Website,5,378.61,1893.05,2025-03
509096,2024-09-02,East,Window Treatments,Rep B,Partner,5,948.23,4741.15,2024-09
509097,2025-09-11,East,Smart Blinds,Rep C,Partner,4,266.96,1067.84,2025-09
509098,2025-07-23,East,Outdoor Shades,Rep C,Inbound Call,2,511.44,1022.88,2025-07
509099,2025-02-11,East,Outdoor Shades,Rep A,Partner,2,816.88,1633.76,2025-02
509100,2025-11-07,East,Smart Blinds,Rep E,Website,4,941.83,3767.32,2025-11
509101,2024-07-09,South,Smart Blinds,Rep E,Canvassing,5,1025.39,5126.95,2024-07
509102,2025-09-19,South,Accessories,Rep A,Canvassing,3,475.76,1427.28,2025-09
509103,2025-03-06,South,Smart Blinds,Rep B,Referral,5,803.02,4015.1,2025-03
509104,2025-08-08,Midwest,Window Treatments,Rep B,Referral,4,994.66,3978.64,2025-08
509105,2025-08-31,West,Window Treatments,Rep A,Canvassing,2,866.43,1732.86,2025-08
509106,2024-09-03,West,Accessories,Rep C,Referral,5,290.22,1451.1,2024-09
509107,2025-12-19,South,Outdoor Shades,Rep E,Canvassing,5,742.34,3711.7,2025-12
509108,2024-12-03,West,Accessories,Rep E,Canvassing,1,468.59,468.59,2024-12
509109,2025-03-15,South,Smart Blinds,Rep E,Partner,1,234.16,234.16,2025-03
509110,2024-01-29,South,Accessories,Rep C,Partner,3,633.04,1899.12,2024-01
509111,2024-11-27,East,Outdoor Shades,Rep A,Canvassing,4,269.17,1076.68,2024-11
509112,2025-05-13,Midwest,Outdoor Shades,Rep B,Inbound Call,2,715.96,1431.92,2025-05
509113,2025-08-23,West,Smart Blinds,Rep C,Website,2,364.37,728.74,2025-08
509114,2024-04-08,East,Outdoor Shades,Rep B,Website,1,911.74,911.74,2024-04
509115,2024-06-04,West,Outdoor Shades,Rep B,Website,2,457.49,914.98,2024-06
509116,2024-07-16,South,Smart Blinds,Rep C,Website,4,644.02,2576.08,2024-07
509117,2024-06-09,East,Outdoor Shades,Rep A,Website,2,1062.81,2125.62,2024-06
509118,2025-04-27,East,Window Treatments,Rep A,Canvassing,1,233.46,233.46,2025-04
509119,2025-05-13,West,Window Treatments,Rep E,Canvassing,4,486.16,1944.64,2025-05
509120,2025-04-20,Midwest,Accessories,Rep C,Canvassing,5,340.51,1702.55,2025-04
509121,2024-03-29,West,Outdoor Shades,Rep B,Referral,4,331.17,1324.68,2024-03
509122,2025-11-12,East,Accessories,Rep E,Canvassing,3,139.81,419.43,2025-11
509123,2025-05-15,Midwest,Window Treatments,Rep A,Referral,4,743.76,2975.04,2025-05
509124,2024-05-30,East,Window Treatments,Rep A,Canvassing,5,677.77,3388.85,2024-05
509125,2025-12-11,West,Outdoor Shades,Rep A,Website,4,694.23,2776.92,2025-12
509126,2025-12-05,West,Smart Blinds,Rep A,Inbound Call,2,340.39,680.78,2025-12
509127,2025-12-06,South,Window Treatments,Rep C,Referral,4,459.26,1837.04,2025-12
509128,2024-08-30,East,Window Treatments,Rep B,Partner,2,546.02,1092.04,2024-08
509129,2024-11-14,South,Outdoor Shades,Rep E,Website,4,979.61,3918.44,2024-11
509130,2024-02-23,East,Window Treatments,Rep A,Inbound Call,2,391.74,783.48,2024-02
509131,2024-03-04,Midwest,Outdoor Shades,Rep B,Canvassing,1,446.97,446.97,2024-03
509132,2024-09-30,East,Outdoor Shades,Rep C,Inbound Call,4,306.54,1226.16,2024-09
509133,2025-06-29,East,Window Treatments,Rep D,Inbound Call,1,244.65,244.65,2025-06
509134,2024-10-25,Midwest,Window Treatments,Rep B,Inbound Call,4,1076.01,4304.04,2024-10
509135,2025-07-09,South,Outdoor Shades,Rep D,Canvassing,1,499.49,499.49,2025-07
509136,2024-08-05,East,Window Treatments,Rep A,Inbound Call,3,570.0,1710.0,2024-08
509137,2025-06-24,South,Outdoor Shades,Rep D,Inbound Call,4,385.94,1543.76,2025-06
509138,2025-01-30,West,Window Treatments,Rep A,Website,5,213.92,1069.6,2025-01
509139,2024-12-18,East,Smart Blinds,Rep A,Website,1,699.02,699.02,2024-12
509140,2025-01-04,Midwest,Window Treatments,Rep C,Partner,2,602.52,1205.04,2025-01
509141,2025-08-28,West,Smart Blinds,Rep B,Canvassing,1,714.32,714.32,2025-08
509142,2025-05-10,East,Window Treatments,Rep D,Inbound Call,3,467.62,1402.86,2025-05
509143,2024-02-24,South,Window Treatments,Rep B,Inbound Call,2,902.99,1805.98,2024-02
509144,2025-12-29,West,Accessories,Rep E,Partner,4,893.17,3572.68,2025-12
509145,2024-08-22,West,Window Treatments,Rep C,Inbound Call,2,851.94,1703.88,2024-08
509146,2024-05-06,South,Accessories,Rep E,Inbound Call,1,533.84,533.84,2024-05
509147,2025-11-07,West,Smart Blinds,Rep D,Referral,5,906.74,4533.7,2025-11
509148,2025-12-04,South,Window Treatments,Rep B,Partner,5,899.29,4496.45,2025-12
509149,2025-05-28,South,Window Treatments,Rep B,Inbound Call,2,348.57,697.14,2025-05
509150,2024-12-23,West,Outdoor Shades,Rep D,Website,1,362.17,362.17,2024-12
509151,2024-08-23,West,Window Treatments,Rep E,Referral,3,987.86,2963.58,2024-08
509152,2024-08-03,West,Window Treatments,Rep A,Referral,4,1019.32,4077.28,2024-08
509153,2024-02-21,West,Window Treatments,Rep C,Website,1,866.18,866.18,2024-02
509154,2024-04-27,West,Window Treatments,Rep D,Website,4,834.54,3338.16,2024-04
509155,2025-01-08,South,Outdoor Shades,Rep C,Canvassing,5,248.48,1242.4,2025-01
509156,2025-09-16,West,Smart Blinds,Rep E,Website,4,618.62,2474.48,2025-09
509157,2024-06-25,West,Smart Blinds,Rep D,Canvassing,3,302.78,908.34,2024-06
509158,2024-01-22,West,Window Treatments,Rep B,Inbound Call,3,382.06,1146.18,2024-01
509159,2025-05-02,West,Outdoor Shades,Rep E,Website,1,325.72,325.72,2025-05
509160,2024-05-22,Midwest,Smart Blinds,Rep B,Partner,4,158.48,633.92,2024-05
509161,2024-05-23,South,Outdoor Shades,Rep A,Partner,1,849.73,849.73,2024-05
509162,2025-02-19,East,Window Treatments,Rep C,Inbound Call,2,658.49,1316.98,2025-02
509163,2025-12-17,Midwest,Smart Blinds,Rep C,Inbound Call,4,945.11,3780.44,2025-12
509164,2025-10-15,Midwest,Smart Blinds,Rep E,Partner,2,820.34,1640.68,2025-10
509165,2024-12-16,Midwest,Window Treatments,Rep C,Referral,3,776.64,2329.92,2024-12
509166,2025-12-07,West,Smart Blinds,Rep D,Canvassing,3,738.62,2215.86,2025-12
509167,2025-07-29,Midwest,Window Treatments,Rep C,Partner,5,371.19,1855.95,2025-07
509168,2024-10-20,Midwest,Outdoor Shades,Rep C,Partner,5,831.01,4155.05,2024-10
509169,2025-07-31,South,Outdoor Shades,Rep B,Website,1,243.98,243.98,2025-07
509170,2024-11-25,East,Outdoor Shades,Rep A,Referral,5,1019.36,5096.8,2024-11
509171,2024-08-27,West,Smart Blinds,Rep B,Partner,3,202.14,606.42,2024-08
509172,2025-09-26,South,Window Treatments,Rep E,Canvassing,4,413.55,1654.2,2025-09
509173,2024-09-08,East,Window Treatments,Rep B,Website,2,279.72,559.44,2024-09
509174,2025-03-26,Midwest,Outdoor Shades,Rep D,Inbound Call,4,784.45,3137.8,2025-03
509175,2025-10-01,East,Window Treatments,Rep E,Inbound Call,5,808.42,4042.1,2025-10
509176,2025-01-20,Midwest,Outdoor Shades,Rep A,Partner,5,728.75,3643.75,2025-01
509177,2024-09-18,East,Outdoor Shades,Rep B,Inbound Call,1,288.29,288.29,2024-09
509178,2024-12-30,Midwest,Window Treatments,Rep B,Partner,4,351.85,1407.4,2024-12
509179,2025-06-10,Midwest,Accessories,Rep C,Inbound Call,5,448.4,2242.0,2025-06
509180,2025-11-19,East,Window Treatments,Rep C,Inbound Call,2,472.46,944.92,2025-11
509181,2025-02-02,East,Accessories,Rep E,Canvassing,2,343.35,686.7,2025-02
509182,2024-06-25,Midwest,Smart Blinds,Rep B,Canvassing,3,250.89,752.67,2024-06
509183,2025-10-19,West,Smart Blinds,Rep D,Referral,2,761.15,1522.3,2025-10
509184,2024-01-22,South,Window Treatments,Rep C,Canvassing,4,926.54,3706.16,2024-01
509185,2024-04-03,West,Outdoor Shades,Rep B,Referral,5,974.41,4872.05,2024-04
509186,2025-02-12,Midwest,Outdoor Shades,Rep D,Canvassing,2,711.04,1422.08,2025-02
509187,2025-10-05,Midwest,Window Treatments,Rep E,Inbound Call,4,1047.69,4190.76,2025-10
509188,2024-11-01,South,Accessories,Rep A,Partner,4,355.0,1420.0,2024-11
509189,2024-08-16,West,Smart Blinds,Rep E,Referral,1,944.18,944.18,2024-08
509190,2025-01-18,East,Accessories,Rep C,Inbound Call,5,241.83,1209.15,2025-01
509191,2025-10-01,Midwest,Smart Blinds,Rep A,Inbound Call,5,967.59,4837.95,2025-10
509192,2025-06-11,East,Window Treatments,Rep B,Website,1,932.46,932.46,2025-06
509193,2024-04-13,East,Accessories,Rep B,Website,1,1082.96,1082.96,2024-04
509194,2025-12-20,West,Outdoor Shades,Rep D,Canvassing,1,330.19,330.19,2025-12
509195,2025-08-04,Midwest,Smart Blinds,Rep A,Referral,4,843.41,3373.64,2025-08
509196,2025-06-21,South,Accessories,Rep D,Website,4,630.51,2522.04,2025-06
509197,2025-12-26,South,Outdoor Shades,Rep C,Inbound Call,3,206.01,618.03,2025-12
509198,2024-12-18,West,Window Treatments,Rep E,Partner,1,677.2,677.2,2024-12
509199,2025-05-15,West,Window Treatments,Rep E,Canvassing,1,443.06,443.06,2025-05
509200,2025-08-18,West,Smart Blinds,Rep B,Inbound Call,4,728.42,2913.68,2025-08
509201,2024-07-14,Midwest,Accessories,Rep B,Partner,3,168.05,504.15,2024-07
509202,2025-03-27,Midwest,Window Treatments,Rep A,Inbound Call,1,781.69,781.69,2025-03
509203,2025-11-16,Midwest,Outdoor Shades,Rep A,Website,1,759.55,759.55,2025-11
509204,2024-11-13,East,Smart Blinds,Rep D,Website,3,1020.63,3061.89,2024-11
509205,2024-12-26,Midwest,Window Treatments,Rep B,Partner,3,1024.96,3074.88,2024-12
509206,2024-09-06,South,Smart Blinds,Rep C,Inbound Call,3,680.54,2041.62,2024-09
509207,2025-10-31,South,Smart Blinds,Rep C,Partner,3,266.97,800.91,2025-10
509208,2025-02-12,South,Outdoor Shades,Rep D,Website,2,252.53,505.06,2025-02
509209,2024-01-12,East,Window Treatments,Rep D,Website,5,634.23,3171.15,2024-01
509210,2025-11-18,South,Smart Blinds,Rep E,Website,5,218.46,1092.3,2025-11
509211,2024-01-03,East,Smart Blinds,Rep D,Canvassing,3,679.5,2038.5,2024-01
509212,2024-09-14,West,Smart Blinds,Rep A,Canvassing,1,186.77,186.77,2024-09
509213,2024-12-29,South,Window Treatments,Rep C,Website,5,420.16,2100.8,2024-12
509214,2024-04-19,East,Outdoor Shades,Rep C,Website,2,372.83,745.66,2024-04
509215,2025-01-21,Midwest,Window Treatments,Rep E,Partner,2,408.18,816.36,2025-01
509216,2025-06-25,Midwest,Window Treatments,Rep B,Referral,5,981.64,4908.2,2025-06
509217,2025-05-17,East,Window Treatments,Rep E,Canvassing,1,742.32,742.32,2025-05
509218,2024-01-25,West,Outdoor Shades,Rep C,Referral,2,470.73,941.46,2024-01
509219,2024-10-24,West,Outdoor Shades,Rep B,Canvassing,4,510.34,2041.36,2024-10
509220,2025-11-20,Midwest,Smart Blinds,Rep D,Canvassing,2,754.73,1509.46,2025-11
509221,2025-03-15,Midwest,Window Treatments,Rep B,Partner,1,949.78,949.78,2025-03
509222,2024-12-31,Midwest,Smart Blinds,Rep D,Inbound Call,3,936.75,2810.25,2024-12
509223,2025-05-12,East,Smart Blinds,Rep A,Website,1,1041.84,1041.84,2025-05
509224,2025-11-18,West,Outdoor Shades,Rep A,Inbound Call,4,354.55,1418.2,2025-11
509225,2024-04-22,South,Outdoor Shades,Rep D,Partner,1,973.27,973.27,2024-04
509226,2024-05-07,Midwest,Smart Blinds,Rep D,Partner,4,496.15,1984.6,2024-05
509227,2024-03-18,West,Smart Blinds,Rep E,Referral,3,227.23,681.69,2024-03
509228,2025-03-14,West,Outdoor Shades,Rep B,Partner,5,370.72,1853.6,2025-03
509229,2024-07-22,East,Window Treatments,Rep B,Inbound Call,1,297.78,297.78,2024-07
509230,2025-02-11,West,Smart Blinds,Rep B,Partner,5,1073.55,5367.75,2025-02
509231,2024-07-08,South,Outdoor Shades,Rep E,Inbound Call,1,123.3,123.3,2024-07
509232,2024-06-15,East,Outdoor Shades,Rep B,Website,2,1059.58,2119.16,2024-06
509233,2025-02-06,Midwest,Smart Blinds,Rep C,Website,1,926.8,926.8,2025-02
509234,2025-12-28,East,Smart Blinds,Rep B,Partner,2,218.77,437.54,2025-12
509235,2024-11-20,East,Accessories,Rep B,Website,1,277.98,277.98,2024-11
509236,2024-01-21,East,Smart Blinds,Rep A,Partner,3,167.32,501.96,2024-01
509237,2025-02-21,East,Outdoor Shades,Rep D,Inbound Call,1,411.32,411.32,2025-02
509238,2025-01-09,South,Outdoor Shades,Rep E,Website,3,832.83,2498.49,2025-01
509239,2025-04-25,South,Smart Blinds,Rep D,Inbound Call,1,507.36,507.36,2025-04
509240,2024-11-05,Midwest,Smart Blinds,Rep A,Referral,5,539.4,2697.0,2024-11
509241,2024-09-06,South,Outdoor Shades,Rep A,Canvassing,4,1084.13,4336.52,2024-09
509242,2024-10-07,Midwest,Outdoor Shades,Rep D,Partner,3,453.48,1360.44,2024-10
509243,2024-01-17,East,Smart Blinds,Rep B,Partner,3,426.31,1278.93,2024-01
509244,2024-03-27,Midwest,Smart Blinds,Rep B,Website,3,318.26,954.78,2024-03
509245,2025-02-19,West,Smart Blinds,Rep E,Canvassing,1,324.71,324.71,2025-02
509246,2025-01-28,West,Smart Blinds,Rep C,Partner,4,237.87,951.48,2025-01
509247,2024-08-08,Midwest,Outdoor Shades,Rep E,Canvassing,2,950.13,1900.26,2024-08
509248,2025-07-14,East,Outdoor Shades,Rep A,Canvassing,2,323.27,646.54,2025-07
509249,2025-08-29,Midwest,Accessories,Rep E,Inbound Call,4,803.02,3212.08,2025-08
509250,2025-10-24,East,Smart Blinds,Rep B,Inbound Call,4,538.44,2153.76,2025-10
509251,2025-03-22,Midwest,Smart Blinds,Rep D,Partner,4,1094.65,4378.6,2025-03
509252,2025-07-01,West,Window Treatments,Rep B,Website,2,459.67,919.34,2025-07
509253,2025-02-27,East,Window Treatments,Rep A,Canvassing,1,919.01,919.01,2025-02
509254,2024-03-01,Midwest,Window Treatments,Rep D,Referral,2,807.37,1614.74,2024-03
509255,2024-08-12,West,Outdoor Shades,Rep E,Partner,4,1036.71,4146.84,2024-08
509256,2024-08-14,West,Smart Blinds,Rep D,Partner,2,125.4,250.8,2024-08
509257,2024-02-05,Midwest,Smart Blinds,Rep B,Partner,1,236.11,236.11,2024-02
509258,2024-12-15,West,Window Treatments,Rep E,Referral,1,882.46,882.46,2024-12
509259,2025-10-12,East,Smart Blinds,Rep B,Canvassing,1,383.24,383.24,2025-10
509260,2025-11-28,West,Window Treatments,Rep A,Referral,1,472.46,472.46,2025-11
509261,2024-04-23,Midwest,Smart Blinds,Rep D,Partner,1,756.55,756.55,2024-04
509262,2024-03-30,South,Window Treatments,Rep C,Canvassing,5,790.28,3951.4,2024-03
509263,2024-04-06,Midwest,Accessories,Rep D,Inbound Call,2,1030.56,2061.12,2024-04
509264,2025-12-13,Midwest,Outdoor Shades,Rep C,Inbound Call,1,790.5,790.5,2025-12
509265,2024-12-26,Midwest,Outdoor Shades,Rep A,Partner,4,383.93,1535.72,2024-12
509266,2024-06-25,Midwest,Window Treatments,Rep D,Partner,2,555.86,1111.72,2024-06
509267,2025-10-15,West,Window Treatments,Rep C,Website,4,561.18,2244.72,2025-10
509268,2024-01-24,East,Outdoor Shades,Rep D,Canvassing,5,281.46,1407.3,2024-01
509269,2024-12-06,West,Outdoor Shades,Rep A,Canvassing,1,779.21,779.21,2024-12
509270,2025-07-23,East,Outdoor Shades,Rep A,Inbound Call,2,537.43,1074.86,2025-07
509271,2024-02-28,West,Smart Blinds,Rep D,Partner,4,265.99,1063.96,2024-02
509272,2025-11-25,East,Smart Blinds,Rep C,Partner,1,318.9,318.9,2025-11
509273,2024-09-22,South,Outdoor Shades,Rep D,Partner,4,891.16,3564.64,2024-09
509274,2025-06-10,West,Window Treatments,Rep D,Referral,2,434.13,868.26,2025-06
509275,2025-10-19,West,Accessories,Rep A,Referral,5,1027.25,5136.25,2025-10
509276,2024-01-17,Midwest,Window Treatments,Rep B,Canvassing,1,170.49,170.49,2024-01
509277,2024-07-24,East,Window Treatments,Rep D,Partner,3,591.44,1774.32,2024-07
509278,2024-11-26,Midwest,Window Treatments,Rep C,Partner,5,994.48,4972.4,2024-11
509279,2024-01-31,South,Outdoor Shades,Rep C,Partner,4,802.91,3211.64,2024-01
509280,2024-02-19,Midwest,Outdoor Shades,Rep D,Inbound Call,1,293.02,293.02,2024-02
509281,2025-05-08,West,Window Treatments,Rep C,Partner,4,642.27,2569.08,2025-05
509282,2024-08-17,South,Accessories,Rep D,Inbound Call,5,443.26,2216.3,2024-08
509283,2025-07-14,West,Window Treatments,Rep B,Referral,3,366.0,1098.0,2025-07
509284,2024-07-09,East,Outdoor Shades,Rep D,Canvassing,5,504.86,2524.3,2024-07
509285,2024-11-02,East,Accessories,Rep D,Partner,5,949.34,4746.7,2024-11
509286,2025-05-19,East,Outdoor Shades,Rep A,Referral,1,777.29,777.29,2025-05
509287,2025-02-16,West,Window Treatments,Rep A,Referral,4,699.24,2796.96,2025-02
509288,2025-07-22,Midwest,Accessories,Rep C,Canvassing,3,587.01,1761.03,2025-07
509289,2024-01-22,East,Outdoor Shades,Rep C,Inbound Call,2,948.4,1896.8,2024-01
509290,2025-06-21,East,Smart Blinds,Rep D,Canvassing,1,568.54,568.54,2025-06
509291,2025-12-18,West,Outdoor Shades,Rep D,Canvassing,2,908.87,1817.74,2025-12
509292,2024-05-27,Midwest,Window Treatments,Rep E,Canvassing,1,422.58,422.58,2024-05
509293,2024-11-12,Midwest,Window Treatments,Rep C,Referral,2,706.49,1412.98,2024-11
509294,2025-10-12,West,Outdoor Shades,Rep B,Referral,4,449.18,1796.72,2025-10
509295,2025-08-06,West,Smart Blinds,Rep A,Canvassing,3,910.7,2732.1,2025-08
509296,2025-01-07,East,Accessories,Rep B,Inbound Call,2,752.77,1505.54,2025-01
509297,2025-05-20,East,Window Treatments,Rep D,Referral,1,139.19,139.19,2025-05
509298,2025-11-04,West,Window Treatments,Rep B,Inbound Call,1,991.42,991.42,2025-11
509299,2024-01-09,Midwest,Window Treatments,Rep E,Canvassing,1,191.41,191.41,2024-01
509300,2024-08-14,East,Outdoor Shades,Rep C,Canvassing,2,749.86,1499.72,2024-08
509301,2025-05-07,East,Window Treatments,Rep C,Website,4,412.86,1651.44,2025-05
509302,2024-03-15,Midwest,Smart Blinds,Rep A,Canvassing,2,460.19,920.38,2024-03
509303,2024-04-21,West,Outdoor Shades,Rep D,Partner,3,239.98,719.94,2024-04
509304,2025-05-21,West,Smart Blinds,Rep C,Referral,5,338.37,1691.85,2025-05
509305,2024-04-11,East,Smart Blinds,Rep C,Canvassing,1,542.77,542.77,2024-04
509306,2024-02-10,Midwest,Outdoor Shades,Rep D,Referral,1,811.73,811.73,2024-02
509307,2024-07-11,West,Window Treatments,Rep B,Referral,4,844.54,3378.16,2024-07
509308,2024-09-23,East,Outdoor Shades,Rep D,Partner,3,339.12,1017.36,2024-09
509309,2024-03-07,Midwest,Smart Blinds,Rep E,Canvassing,2,236.17,472.34,2024-03
509310,2024-01-31,South,Window Treatments,Rep C,Canvassing,1,465.87,465.87,2024-01
509311,2025-08-21,Midwest,Smart Blinds,Rep B,Canvassing,3,298.29,894.87,2025-08
509312,2025-01-25,West,Outdoor Shades,Rep C,Inbound Call,2,145.52,291.04,2025-01
509313,2025-04-13,East,Window Treatments,Rep C,Canvassing,2,535.17,1070.34,2025-04
509314,2024-09-20,Midwest,Window Treatments,Rep D,Referral,2,292.3,584.6,2024-09
509315,2025-06-05,South,Window Treatments,Rep B,Referral,2,587.46,1174.92,2025-06
509316,2024-06-29,Midwest,Outdoor Shades,Rep B,Referral,4,1078.93,4315.72,2024-06
509317,2025-01-10,South,Window Treatments,Rep C,Website,1,921.43,921.43,2025-01
509318,2024-07-13,South,Smart Blinds,Rep B,Canvassing,4,504.74,2018.96,2024-07
509319,2025-02-19,West,Window Treatments,Rep D,Referral,2,938.83,1877.66,2025-02
509320,2024-12-02,South,Smart Blinds,Rep C,Inbound Call,2,508.33,1016.66,2024-12
509321,2024-11-12,Midwest,Smart Blinds,Rep D,Partner,5,693.86,3469.3,2024-11
509322,2025-09-27,East,Accessories,Rep A,Website,1,682.86,682.86,2025-09
509323,2025-12-27,West,Outdoor Shades,Rep C,Partner,2,551.95,1103.9,2025-12
509324,2025-08-30,Midwest,Window Treatments,Rep A,Inbound Call,4,589.49,2357.96,2025-08
509325,2024-10-26,West,Window Treatments,Rep E,Inbound Call,1,495.94,495.94,2024-10
509326,2024-06-17,South,Outdoor Shades,Rep A,Inbound Call,4,566.28,2265.12,2024-06
509327,2024-07-04,East,Accessories,Rep C,Website,3,427.29,1281.87,2024-07
509328,2025-12-18,South,Window Treatments,Rep B,Partner,2,439.45,878.9,2025-12
509329,2025-10-19,South,Window Treatments,Rep A,Canvassing,4,204.14,816.56,2025-10
509330,2024-03-25,East,Window Treatments,Rep E,Canvassing,5,549.15,2745.75,2024-03
509331,2024-05-24,South,Smart Blinds,Rep A,Inbound Call,2,210.04,420.08,2024-05
509332,2025-04-12,West,Outdoor Shades,Rep E,Partner,4,582.2,2328.8,2025-04
509333,2025-11-25,East,Smart Blinds,Rep B,Inbound Call,3,320.87,962.61,2025-11
509334,2024-09-26,Midwest,Window Treatments,Rep B,Canvassing,4,975.04,3900.16,2024-09
509335,2025-06-27,West,Accessories,Rep A,Canvassing,4,247.92,991.68,2025-06
509336,2024-01-29,South,Window Treatments,Rep D,Inbound Call,4,669.21,2676.84,2024-01
509337,2025-02-07,Midwest,Outdoor Shades,Rep E,Referral,5,246.94,1234.7,2025-02
509338,2025-02-17,West,Smart Blinds,Rep E,Website,3,1027.41,3082.23,2025-02
509339,2025-10-20,Midwest,Window Treatments,Rep B,Inbound Call,2,702.72,1405.44,2025-10
509340,2025-04-01,South,Window Treatments,Rep E,Canvassing,3,271.63,814.89,2025-04
509341,2024-05-20,Midwest,Window Treatments,Rep E,Canvassing,1,576.8,576.8,2024-05
509342,2025-08-16,West,Outdoor Shades,Rep A,Canvassing,1,380.81,380.81,2025-08
509343,2024-06-17,South,Smart Blinds,Rep E,Inbound Call,1,544.16,544.16,2024-06
509344,2025-05-06,East,Accessories,Rep B,Referral,5,735.13,3675.65,2025-05
509345,2024-12-04,Midwest,Window Treatments,Rep C,Referral,2,990.86,1981.72,2024-12
509346,2025-01-12,Midwest,Outdoor Shades,Rep B,Website,1,472.54,472.54,2025-01
509347,2025-05-17,East,Window Treatments,Rep E,Website,2,163.33,326.66,2025-05
509348,2025-07-18,East,Window Treatments,Rep E,Partner,1,669.24,669.24,2025-07
509349,2025-02-19,West,Accessories,Rep E,Website,5,191.44,957.2,2025-02
509350,2024-06-26,Midwest,Smart Blinds,Rep A,Partner,3,272.33,816.99,2024-06
509351,2024-02-20,West,Outdoor Shades,Rep D,Canvassing,2,835.29,1670.58,2024-02
509352,2024-05-16,South,Smart Blinds,Rep C,Canvassing,3,896.35,2689.05,2024-05
509353,2024-07-01,South,Window Treatments,Rep D,Inbound Call,1,305.81,305.81,2024-07
509354,2025-09-07,East,Window Treatments,Rep D,Inbound Call,3,1018.62,3055.86,2025-09
509355,2025-02-11,East,Smart Blinds,Rep E,Partner,1,923.84,923.84,2025-02
509356,2024-09-09,West,Smart Blinds,Rep D,Website,5,600.58,3002.9,2024-09
509357,2025-12-01,East,Outdoor Shades,Rep E,Inbound Call,2,972.29,1944.58,2025-12
509358,2024-04-28,East,Outdoor Shades,Rep E,Referral,3,1018.62,3055.86,2024-04
509359,2025-10-03,East,Window Treatments,Rep D,Referral,4,701.74,2806.96,2025-10
509360,2024-12-01,West,Smart Blinds,Rep E,Referral,1,939.39,939.39,2024-12
509361,2025-03-23,Midwest,Window Treatments,Rep B,Referral,5,494.97,2474.85,2025-03
509362,2025-03-19,West,Smart Blinds,Rep B,Inbound Call,5,1016.66,5083.3,2025-03
509363,2025-03-16,East,Window Treatments,Rep C,Canvassing,5,230.31,1151.55,2025-03
509364,2024-04-29,Midwest,Accessories,Rep E,Partner,3,972.42,2917.26,2024-04
509365,2024-12-13,South,Smart Blinds,Rep E,Referral,1,945.17,945.17,2024-12
509366,2024-03-13,South,Outdoor Shades,Rep C,Canvassing,2,774.76,1549.52,2024-03
509367,2024-05-13,East,Window Treatments,Rep B,Partner,2,522.58,1045.16,2024-05
509368,2024-01-14,West,Smart Blinds,Rep C,Referral,2,868.66,1737.32,2024-01
509369,2025-05-24,West,Outdoor Shades,Rep A,Inbound Call,2,1058.74,2117.48,2025-05
509370,2025-07-19,Midwest,Accessories,Rep E,Partner,2,634.24,1268.48,2025-07
509371,2024-08-11,South,Window Treatments,Rep D,Referral,3,482.51,1447.53,2024-08
509372,2024-04-14,Midwest,Smart Blinds,Rep C,Website,5,167.78,838.9,2024-04
509373,2024-10-26,South,Window Treatments,Rep C,Website,5,718.55,3592.75,2024-10
509374,2025-11-16,West,Outdoor Shades,Rep B,Referral,3,416.21,1248.63,2025-11
509375,2024-03-31,East,Outdoor Shades,Rep C,Referral,2,265.94,531.88,2024-03
509376,2025-10-25,East,Smart Blinds,Rep E,Website,2,162.8,325.6,2025-10
509377,2024-10-01,Midwest,Smart Blinds,Rep B,Website,1,598.13,598.13,2024-10
509378,2024-03-06,South,Outdoor Shades,Rep C,Partner,5,1093.21,5466.05,2024-03
509379,2025-11-28,South,Window Treatments,Rep D,Referral,2,452.4,904.8,2025-11
509380,2025-09-06,East,Smart Blinds,Rep E,Canvassing,3,1059.85,3179.55,2025-09
509381,2025-09-12,West,Window Treatments,Rep E,Partner,4,827.3,3309.2,2025-09
509382,2025-01-20,East,Window Treatments,Rep B,Referral,3,600.28,1800.84,2025-01
509383,2025-09-29,East,Smart Blinds,Rep E,Canvassing,2,510.62,1021.24,2025-09
509384,2024-02-11,East,Window Treatments,Rep B,Referral,2,923.55,1847.1,2024-02
509385,2024-02-05,East,Window Treatments,Rep C,Canvassing,2,979.79,1959.58,2024-02
509386,2024-09-30,East,Accessories,Rep B,Canvassing,5,233.41,1167.05,2024-09
509387,2025-10-18,East,Outdoor Shades,Rep C,Referral,5,846.29,4231.45,2025-10
509388,2024-05-26,South,Window Treatments,Rep E,Referral,3,949.5,2848.5,2024-05
509389,2024-05-01,East,Outdoor Shades,Rep D,Website,3,954.64,2863.92,2024-05
509390,2025-03-22,East,Window Treatments,Rep C,Referral,5,562.76,2813.8,2025-03
509391,2025-06-27,Midwest,Smart Blinds,Rep A,Inbound Call,5,661.83,3309.15,2025-06
509392,2024-05-07,South,Window Treatments,Rep C,Website,3,884.14,2652.42,2024-05
509393,2024-07-30,East,Window Treatments,Rep E,Partner,4,1033.9,4135.6,2024-07
509394,2025-01-12,East,Outdoor Shades,Rep D,Inbound Call,3,626.33,1878.99,2025-01
509395,2024-11-28,East,Window Treatments,Rep E,Canvassing,3,362.2,1086.6,2024-11
509396,2024-11-20,Midwest,Window Treatments,Rep B,Referral,5,652.86,3264.3,2024-11
509397,2025-05-29,West,Window Treatments,Rep E,Canvassing,4,1012.19,4048.76,2025-05
509398,2024-05-26,East,Outdoor Shades,Rep E,Partner,4,345.93,1383.72,2024-05
509399,2025-04-03,East,Outdoor Shades,Rep D,Partner,3,780.78,2342.34,2025-04
509400,2024-05-20,West,Window Treatments,Rep B,Referral,3,410.08,1230.24,2024-05
509401,2024-12-19,South,Outdoor Shades,Rep E,Website,4,943.37,3773.48,2024-12
509402,2024-03-02,East,Outdoor Shades,Rep E,Inbound Call,1,556.92,556.92,2024-03
509403,2024-05-07,West,Outdoor Shades,Rep D,Referral,1,301.72,301.72,2024-05
509404,2024-07-26,Midwest,Smart Blinds,Rep A,Partner,1,566.97,566.97,2024-07
509405,2024-03-20,East,Outdoor Shades,Rep B,Website,3,336.05,1008.15,2024-03
509406,2024-09-03,West,Window Treatments,Rep D,Website,4,560.95,2243.8,2024-09
509407,2025-08-05,East,Smart Blinds,Rep D,Partner,5,138.2,691.0,2025-08
509408,2025-10-16,East,Smart Blinds,Rep E,Referral,3,435.73,1307.19,2025-10
509409,2025-11-10,West,Accessories,Rep C,Referral,2,448.68,897.36,2025-11
509410,2025-10-09,South,Window Treatments,Rep D,Inbound Call,4,865.76,3463.04,2025-10
509411,2024-10-30,Midwest,Accessories,Rep C,Canvassing,1,689.38,689.38,2024-10
509412,2024-04-19,South,Smart Blinds,Rep D,Partner,3,591.81,1775.43,2024-04
509413,2025-05-23,South,Window Treatments,Rep B,Website,3,257.53,772.59,2025-05
509414,2024-06-17,West,Smart Blinds,Rep B,Inbound Call,1,309.65,309.65,2024-06
509415,2025-01-13,South,Smart Blinds,Rep C,Website,5,1045.6,5228.0,2025-01
509416,2024-08-09,West,Accessories,Rep D,Inbound Call,4,707.27,2829.08,2024-08
509417,2024-01-23,East,Window Treatments,Rep D,Canvassing,4,601.84,2407.36,2024-01
509418,2025-06-12,West,Window Treatments,Rep C,Inbound Call,5,414.21,2071.05,2025-06
509419,2024-03-04,Midwest,Window Treatments,Rep A,Partner,4,797.93,3191.72,2024-03
509420,2025-12-07,West,Outdoor Shades,Rep B,Website,5,1031.8,5159.0,2025-12
509421,2025-02-03,South,Smart Blinds,Rep D,Referral,2,1016.5,2033.0,2025-02
509422,2025-09-01,Midwest,Window Treatments,Rep A,Website,3,827.91,2483.73,2025-09
509423,2024-09-07,South,Outdoor Shades,Rep A,Inbound Call,3,341.58,1024.74,2024-09
509424,2025-01-16,West,Accessories,Rep A,Canvassing,4,290.52,1162.08,2025-01
509425,2025-07-29,South,Smart Blinds,Rep C,Referral,2,993.66,1987.32,2025-07
509426,2025-02-27,South,Outdoor Shades,Rep A,Inbound Call,5,1040.67,5203.35,2025-02
509427,2025-04-19,South,Accessories,Rep A,Inbound Call,1,1030.04,1030.04,2025-04
509428,2025-04-17,South,Window Treatments,Rep A,Canvassing,2,245.84,491.68,2025-04
509429,2024-01-13,Midwest,Accessories,Rep B,Website,3,960.69,2882.07,2024-01
509430,2025-12-10,South,Smart Blinds,Rep D,Partner,5,771.59,3857.95,2025-12
509431,2024-06-02,East,Window Treatments,Rep B,Partner,4,456.59,1826.36,2024-06
509432,2024-03-15,West,Outdoor Shades,Rep C,Canvassing,5,1010.06,5050.3,2024-03
509433,2024-07-23,West,Smart Blinds,Rep E,Partner,4,970.36,3881.44,2024-07
509434,2024-11-23,West,Accessories,Rep E,Website,5,557.76,2788.8,2024-11
509435,2024-05-16,West,Outdoor Shades,Rep C,Referral,1,648.7,648.7,2024-05
509436,2025-04-23,South,Outdoor Shades,Rep A,Inbound Call,5,1074.12,5370.6,2025-04
509437,2025-06-21,West,Smart Blinds,Rep D,Inbound Call,5,989.48,4947.4,2025-06
509438,2025-11-01,West,Window Treatments,Rep A,Website,1,547.32,547.32,2025-11
509439,2025-05-11,East,Outdoor Shades,Rep E,Website,2,208.21,416.42,2025-05
509440,2024-02-28,East,Accessories,Rep A,Canvassing,2,472.91,945.82,2024-02
509441,2025-04-02,West,Outdoor Shades,Rep A,Referral,3,346.42,1039.26,2025-04
509442,2024-08-11,South,Outdoor Shades,Rep D,Canvassing,1,500.94,500.94,2024-08
509443,2024-10-13,South,Window Treatments,Rep C,Website,2,527.09,1054.18,2024-10
509444,2024-12-25,West,Window Treatments,Rep E,Partner,5,285.71,1428.55,2024-12
509445,2024-12-20,West,Outdoor Shades,Rep E,Inbound Call,2,440.0,880.0,2024-12
509446,2024-03-20,West,Window Treatments,Rep E,Referral,3,391.66,1174.98,2024-03
509447,2025-12-10,West,Accessories,Rep B,Inbound Call,2,1010.02,2020.04,2025-12
509448,2025-10-17,West,Window Treatments,Rep E,Website,1,978.08,978.08,2025-10
509449,2025-03-01,West,Window Treatments,Rep B,Inbound Call,4,874.19,3496.76,2025-03
509450,2025-10-19,Midwest,Outdoor Shades,Rep A,Referral,1,221.22,221.22,2025-10
509451,2025-05-23,South,Window Treatments,Rep B,Partner,4,699.09,2796.36,2025-05
509452,2024-05-24,West,Window Treatments,Rep E,Website,3,680.08,2040.24,2024-05
509453,2024-05-29,East,Smart Blinds,Rep D,Canvassing,5,268.21,1341.05,2024-05
509454,2025-11-25,East,Window Treatments,Rep C,Website,5,672.78,3363.9,2025-11
509455,2024-02-12,East,Outdoor Shades,Rep C,Website,3,738.53,2215.59,2024-02
509456,2025-12-22,South,Accessories,Rep C,Inbound Call,4,437.28,1749.12,2025-12
509457,2024-08-27,South,Smart Blinds,Rep B,Website,3,1051.08,3153.24,2024-08
509458,2025-05-08,Midwest,Window Treatments,Rep E,Website,3,823.7,2471.1,2025-05
509459,2025-10-09,West,Smart Blinds,Rep B,Website,2,962.6,1925.2,2025-10
509460,2024-08-30,East,Smart Blinds,Rep A,Website,1,457.26,457.26,2024-08
509461,2025-07-18,East,Window Treatments,Rep A,Referral,4,372.72,1490.88,2025-07
509462,2025-08-22,West,Window Treatments,Rep A,Canvassing,2,213.51,427.02,2025-08
509463,2024-01-10,West,Smart Blinds,Rep E,Partner,4,1054.98,4219.92,2024-01
509464,2025-05-19,South,Outdoor Shades,Rep C,Inbound Call,4,832.93,3331.72,2025-05
509465,2024-12-11,Midwest,Outdoor Shades,Rep A,Inbound Call,3,403.17,1209.51,2024-12
509466,2024-10-17,South,Smart Blinds,Rep C,Inbound Call,2,673.7,1347.4,2024-10
509467,2025-07-12,East,Smart Blinds,Rep C,Website,1,241.23,241.23,2025-07
509468,2024-01-07,Midwest,Smart Blinds,Rep B,Partner,4,241.46,965.84,2024-01
509469,2025-10-21,Midwest,Outdoor Shades,Rep E,Referral,4,585.64,2342.56,2025-10
509470,2025-03-13,West,Window Treatments,Rep B,Referral,1,932.83,932.83,2025-03
509471,2024-01-22,Midwest,Window Treatments,Rep B,Referral,1,125.16,125.16,2024-01
509472,2025-12-01,West,Outdoor Shades,Rep C,Inbound Call,4,1072.03,4288.12,2025-12
509473,2024-05-17,Midwest,Accessories,Rep D,Partner,4,496.82,1987.28,2024-05
509474,2024-03-05,East,Window Treatments,Rep B,Referral,2,428.66,857.32,2024-03
509475,2025-06-21,East,Window Treatments,Rep A,Partner,5,622.01,3110.05,2025-06
509476,2025-06-01,Midwest,Window Treatments,Rep B,Canvassing,2,573.75,1147.5,2025-06
509477,2024-10-15,Midwest,Outdoor Shades,Rep D,Inbound Call,4,1002.64,4010.56,2024-10
509478,2024-04-28,South,Window Treatments,Rep E,Canvassing,2,372.37,744.74,2024-04
509479,2024-02-22,West,Window Treatments,Rep D,Canvassing,3,805.44,2416.32,2024-02
509480,2025-06-23,South,Window Treatments,Rep B,Inbound Call,2,228.16,456.32,2025-06
509481,2025-02-24,South,Smart Blinds,Rep E,Referral,5,256.7,1283.5,2025-02
509482,2025-02-16,Midwest,Accessories,Rep E,Canvassing,3,614.36,1843.08,2025-02
509483,2024-12-05,South,Smart Blinds,Rep A,Canvassing,5,542.32,2711.6,2024-12
509484,2024-10-12,South,Window Treatments,Rep B,Referral,3,789.76,2369.28,2024-10
509485,2024-06-09,South,Window Treatments,Rep B,Partner,2,647.96,1295.92,2024-06
509486,2024-01-12,South,Window Treatments,Rep B,Canvassing,4,569.37,2277.48,2024-01
509487,2025-04-06,Midwest,Window Treatments,Rep B,Referral,3,526.75,1580.25,2025-04
509488,2025-09-23,East,Outdoor Shades,Rep E,Inbound Call,3,438.54,1315.62,2025-09
509489,2024-09-20,Midwest,Smart Blinds,Rep E,Website,3,161.69,485.07,2024-09
509490,2024-05-28,South,Outdoor Shades,Rep C,Inbound Call,4,233.46,933.84,2024-05
509491,2025-11-05,Midwest,Outdoor Shades,Rep D,Inbound Call,2,391.14,782.28,2025-11
509492,2024-09-20,Midwest,Window Treatments,Rep E,Partner,3,297.5,892.5,2024-09
509493,2025-12-20,East,Outdoor Shades,Rep B,Website,2,1012.16,2024.32,2025-12
509494,2024-10-08,West,Window Treatments,Rep C,Canvassing,5,558.67,2793.35,2024-10
509495,2025-01-23,West,Outdoor Shades,Rep B,Referral,5,701.62,3508.1,2025-01
509496,2025-10-21,East,Smart Blinds,Rep E,Canvassing,3,180.26,540.78,2025-10
509497,2024-07-05,Midwest,Smart Blinds,Rep E,Canvassing,1,974.84,974.84,2024-07
509498,2024-11-20,East,Outdoor Shades,Rep E,Website,5,695.1,3475.5,2024-11
509499,2025-08-15,West,Window Treatments,Rep C,Website,1,169.14,169.14,2025-08
509500,2024-06-29,West,Window Treatments,Rep E,Partner,1,1047.71,1047.71,2024-06
509501,2024-11-15,East,Outdoor Shades,Rep A,Partner,1,642.38,642.38,2024-11
509502,2024-05-20,South,Accessories,Rep B,Canvassing,2,876.16,1752.32,2024-05
509503,2024-01-10,Midwest,Window Treatments,Rep B,Partner,5,1040.18,5200.9,2024-01
509504,2025-12-09,South,Smart Blinds,Rep C,Website,5,671.27,3356.35,2025-12
509505,2024-08-24,East,Window Treatments,Rep E,Partner,2,1016.75,2033.5,2024-08
509506,2024-06-19,East,Window Treatments,Rep C,Referral,2,573.7,1147.4,2024-06
509507,2024-08-20,South,Smart Blinds,Rep E,Website,1,528.19,528.19,2024-08
509508,2025-12-05,East,Window Treatments,Rep B,Canvassing,3,971.09,2913.27,2025-12
509509,2025-06-05,South,Window Treatments,Rep D,Canvassing,3,506.68,1520.04,2025-06
509510,2024-03-09,West,Window Treatments,Rep B,Inbound Call,2,604.08,1208.16,2024-03
509511,2024-09-23,Midwest,Window Treatments,Rep E,Partner,4,720.41,2881.64,2024-09
509512,2024-08-21,West,Smart Blinds,Rep B,Inbound Call,2,745.01,1490.02,2024-08
509513,2024-03-09,West,Window Treatments,Rep E,Partner,1,331.22,331.22,2024-03
509514,2025-01-17,West,Smart Blinds,Rep A,Partner,4,664.43,2657.72,2025-01
509515,2024-11-05,East,Window Treatments,Rep A,Referral,5,277.32,1386.6,2024-11
509516,2024-09-07,East,Accessories,Rep E,Inbound Call,4,159.11,636.44,2024-09
509517,2024-02-06,Midwest,Window Treatments,Rep C,Partner,1,671.54,671.54,2024-02
509518,2024-06-17,South,Outdoor Shades,Rep D,Inbound Call,1,260.24,260.24,2024-06
509519,2024-02-17,South,Outdoor Shades,Rep B,Canvassing,3,372.98,1118.94,2024-02
509520,2024-02-06,West,Smart Blinds,Rep D,Inbound Call,2,753.57,1507.14,2024-02
509521,2025-09-26,South,Outdoor Shades,Rep C,Referral,3,794.44,2383.32,2025-09
509522,2025-11-05,East,Accessories,Rep B,Referral,5,531.93,2659.65,2025-11
509523,2025-01-07,West,Window Treatments,Rep E,Canvassing,5,903.29,4516.45,2025-01
509524,2024-01-29,East,Outdoor Shades,Rep A,Referral,5,855.62,4278.1,2024-01
509525,2024-06-26,Midwest,Outdoor Shades,Rep E,Canvassing,1,200.18,200.18,2024-06
509526,2025-03-25,West,Window Treatments,Rep C,Website,1,450.58,450.58,2025-03
509527,2025-11-18,Midwest,Window Treatments,Rep B,Referral,2,573.61,1147.22,2025-11
509528,2025-12-07,Midwest,Accessories,Rep C,Inbound Call,5,880.73,4403.65,2025-12
509529,2024-04-20,West,Window Treatments,Rep A,Website,5,835.69,4178.45,2024-04
509530,2025-11-21,Midwest,Window Treatments,Rep C,Website,4,278.34,1113.36,2025-11
509531,2024-03-13,East,Window Treatments,Rep A,Website,5,181.01,905.05,2024-03
509532,2025-07-18,West,Outdoor Shades,Rep E,Partner,1,854.65,854.65,2025-07
509533,2025-05-19,East,Smart Blinds,Rep C,Canvassing,4,1016.46,4065.84,2025-05
509534,2025-04-12,South,Window Treatments,Rep C,Inbound Call,2,579.32,1158.64,2025-04
509535,2025-11-08,Midwest,Window Treatments,Rep A,Canvassing,1,376.07,376.07,2025-11
509536,2025-08-19,South,Smart Blinds,Rep A,Website,5,219.38,1096.9,2025-08
509537,2025-11-09,East,Accessories,Rep E,Inbound Call,5,452.82,2264.1,2025-11
509538,2025-11-02,South,Window Treatments,Rep B,Canvassing,2,626.52,1253.04,2025-11
509539,2024-06-26,East,Window Treatments,Rep A,Referral,4,835.3,3341.2,2024-06
509540,2024-09-22,West,Smart Blinds,Rep A,Partner,2,261.73,523.46,2024-09
509541,2025-06-26,East,Accessories,Rep C,Website,5,426.08,2130.4,2025-06
509542,2024-02-18,South,Accessories,Rep B,Website,3,451.89,1355.67,2024-02
509543,2025-05-16,Midwest,Outdoor Shades,Rep B,Website,3,602.45,1807.35,2025-05
509544,2024-11-14,Midwest,Outdoor Shades,Rep A,Partner,2,137.87,275.74,2024-11
509545,2025-02-20,South,Smart Blinds,Rep A,Inbound Call,3,359.69,1079.07,2025-02
509546,2025-11-12,South,Accessories,Rep D,Inbound Call,2,407.54,815.08,2025-11
509547,2024-10-02,South,Window Treatments,Rep C,Referral,3,881.38,2644.14,2024-10
509548,2025-06-19,South,Window Treatments,Rep D,Partner,3,776.23,2328.69,2025-06
509549,2024-11-26,South,Smart Blinds,Rep B,Canvassing,3,709.51,2128.53,2024-11
509550,2024-01-03,West,Outdoor Shades,Rep C,Partner,3,575.92,1727.76,2024-01
509551,2025-04-01,Midwest,Window Treatments,Rep E,Partner,3,444.95,1334.85,2025-04
509552,2025-05-27,South,Window Treatments,Rep B,Referral,1,886.02,886.02,2025-05
509553,2025-02-18,South,Smart Blinds,Rep B,Partner,2,296.59,593.18,2025-02
509554,2025-08-14,East,Smart Blinds,Rep B,Website,3,546.93,1640.79,2025-08
509555,2025-07-04,West,Smart Blinds,Rep B,Inbound Call,1,592.64,592.64,2025-07
509556,2025-04-28,East,Window Treatments,Rep C,Inbound Call,1,396.12,396.12,2025-04
509557,2024-09-06,West,Accessories,Rep E,Canvassing,4,412.63,1650.52,2024-09
509558,2024-03-29,Midwest,Window Treatments,Rep E,Website,4,904.0,3616.0,2024-03
509559,2025-04-20,South,Outdoor Shades,Rep D,Inbound Call,3,731.66,2194.98,2025-04
509560,2025-02-27,South,Outdoor Shades,Rep C,Inbound Call,1,876.38,876.38,2025-02
509561,2024-07-28,Midwest,Window Treatments,Rep D,Canvassing,3,333.56,1000.68,2024-07
509562,2024-12-12,East,Window Treatments,Rep A,Partner,4,221.68,886.72,2024-12
509563,2025-10-20,Midwest,Window Treatments,Rep E,Partner,1,727.58,727.58,2025-10
509564,2024-05-22,West,Outdoor Shades,Rep E,Referral,2,337.13,674.26,2024-05
509565,2024-03-16,South,Accessories,Rep B,Website,5,323.88,1619.4,2024-03
509566,2025-11-25,East,Accessories,Rep C,Referral,5,179.27,896.35,2025-11
509567,2025-04-23,South,Accessories,Rep C,Partner,4,1009.95,4039.8,2025-04
509568,2025-12-18,Midwest,Window Treatments,Rep B,Referral,3,718.68,2156.04,2025-12
509569,2025-02-12,East,Outdoor Shades,Rep A,Website,1,524.18,524.18,2025-02
509570,2025-06-21,West,Window Treatments,Rep A,Website,1,214.71,214.71,2025-06
509571,2024-12-08,Midwest,Window Treatments,Rep C,Canvassing,2,857.94,1715.88,2024-12
509572,2024-01-07,East,Window Treatments,Rep D,Inbound Call,4,310.8,1243.2,2024-01
509573,2025-10-19,East,Window Treatments,Rep B,Referral,5,157.7,788.5,2025-10
509574,2025-01-22,Midwest,Smart Blinds,Rep B,Inbound Call,2,620.18,1240.36,2025-01
509575,2025-04-26,East,Outdoor Shades,Rep E,Website,3,207.67,623.01,2025-04
509576,2025-01-07,East,Smart Blinds,Rep D,Referral,1,483.54,483.54,2025-01
509577,2024-10-02,South,Window Treatments,Rep B,Canvassing,2,274.8,549.6,2024-10
509578,2025-10-27,East,Outdoor Shades,Rep B,Referral,5,287.36,1436.8,2025-10
509579,2024-07-08,South,Smart Blinds,Rep A,Referral,3,764.72,2294.16,2024-07
509580,2024-05-09,South,Window Treatments,Rep D,Inbound Call,3,544.07,1632.21,2024-05
509581,2024-05-28,Midwest,Window Treatments,Rep B,Inbound Call,4,835.77,3343.08,2024-05
509582,2024-10-27,Midwest,Window Treatments,Rep C,Canvassing,2,751.04,1502.08,2024-10
509583,2025-12-24,Midwest,Smart Blinds,Rep D,Inbound Call,3,319.19,957.57,2025-12
509584,2025-11-16,Midwest,Window Treatments,Rep E,Referral,5,906.62,4533.1,2025-11
509585,2025-01-21,South,Window Treatments,Rep C,Partner,5,269.58,1347.9,2025-01
509586,2025-11-02,East,Outdoor Shades,Rep E,Referral,2,125.8,251.6,2025-11
509587,2024-11-05,Midwest,Outdoor Shades,Rep C,Partner,5,749.73,3748.65,2024-11
509588,2025-11-27,Midwest,Smart Blinds,Rep C,Referral,2,216.29,432.58,2025-11
509589,2025-07-31,West,Window Treatments,Rep C,Canvassing,5,133.19,665.95,2025-07
509590,2025-07-20,South,Smart Blinds,Rep B,Referral,5,355.83,1779.15,2025-07
509591,2025-11-29,Midwest,Outdoor Shades,Rep C,Referral,1,550.19,550.19,2025-11
509592,2024-01-07,East,Window Treatments,Rep C,Referral,1,1043.78,1043.78,2024-01
509593,2024-08-15,East,Outdoor Shades,Rep D,Referral,3,933.3,2799.9,2024-08
509594,2025-08-10,West,Smart Blinds,Rep B,Referral,3,666.99,2000.97,2025-08
509595,2024-08-11,Midwest,Smart Blinds,Rep E,Canvassing,2,824.26,1648.52,2024-08
509596,2024-06-20,West,Smart Blinds,Rep E,Inbound Call,3,753.79,2261.37,2024-06
509597,2024-08-24,East,Window Treatments,Rep C,Inbound Call,4,807.04,3228.16,2024-08
509598,2024-04-01,West,Smart Blinds,Rep D,Partner,5,677.01,3385.05,2024-04
509599,2024-11-01,East,Outdoor Shades,Rep E,Partner,3,592.75,1778.25,2024-11
509600,2024-12-15,South,Outdoor Shades,Rep A,Inbound Call,4,237.69,950.76,2024-12
509601,2025-07-04,South,Smart Blinds,Rep C,Partner,5,120.17,600.85,2025-07
509602,2025-08-04,Midwest,Smart Blinds,Rep E,Canvassing,2,459.21,918.42,2025-08
509603,2025-04-18,South,Outdoor Shades,Rep A,Referral,1,212.82,212.82,2025-04
509604,2024-01-01,East,Window Treatments,Rep B,Referral,4,1094.81,4379.24,2024-01
509605,2025-05-31,East,Smart Blinds,Rep A,Website,1,421.83,421.83,2025-05
509606,2024-03-25,West,Smart Blinds,Rep E,Canvassing,1,1037.38,1037.38,2024-03
509607,2025-02-24,Midwest,Accessories,Rep C,Inbound Call,2,480.99,961.98,2025-02
509608,2025-05-12,West,Window Treatments,Rep D,Referral,4,686.24,2744.96,2025-05
509609,2024-08-08,South,Window Treatments,Rep A,Partner,3,209.63,628.89,2024-08
509610,2025-02-19,South,Window Treatments,Rep C,Partner,1,837.69,837.69,2025-02
509611,2025-06-26,West,Smart Blinds,Rep A,Canvassing,4,1067.88,4271.52,2025-06
509612,2025-10-20,West,Window Treatments,Rep C,Inbound Call,4,725.24,2900.96,2025-10
509613,2024-08-17,Midwest,Window Treatments,Rep B,Inbound Call,3,484.25,1452.75,2024-08
509614,2025-08-30,West,Window Treatments,Rep D,Referral,3,718.78,2156.34,2025-08
509615,2025-09-29,East,Window Treatments,Rep B,Inbound Call,1,742.4,742.4,2025-09
509616,2024-05-14,East,Accessories,Rep E,Partner,5,281.72,1408.6,2024-05
509617,2025-01-05,West,Window Treatments,Rep D,Referral,3,896.58,2689.74,2025-01
509618,2024-08-18,Midwest,Outdoor Shades,Rep E,Referral,3,282.08,846.24,2024-08
509619,2024-07-25,Midwest,Outdoor Shades,Rep C,Referral,5,954.34,4771.7,2024-07
509620,2024-11-20,South,Smart Blinds,Rep D,Partner,2,219.39,438.78,2024-11
509621,2024-06-04,Midwest,Window Treatments,Rep A,Website,1,1039.38,1039.38,2024-06
509622,2025-11-15,East,Window Treatments,Rep E,Canvassing,2,405.63,811.26,2025-11
509623,2024-02-05,South,Accessories,Rep D,Inbound Call,1,497.22,497.22,2024-02
509624,2025-09-17,Midwest,Smart Blinds,Rep E,Referral,4,745.67,2982.68,2025-09
509625,2025-01-10,South,Smart Blinds,Rep E,Website,1,213.85,213.85,2025-01
509626,2025-08-20,South,Window Treatments,Rep B,Referral,5,128.7,643.5,2025-08
509627,2025-01-01,East,Accessories,Rep E,Partner,3,334.21,1002.63,2025-01
509628,2024-11-05,Midwest,Accessories,Rep A,Referral,1,340.1,340.1,2024-11
509629,2025-04-25,Midwest,Window Treatments,Rep D,Inbound Call,2,342.81,685.62,2025-04
509630,2025-07-23,South,Window Treatments,Rep E,Partner,2,734.67,1469.34,2025-07
509631,2025-11-25,West,Window Treatments,Rep B,Website,1,644.54,644.54,2025-11
509632,2025-10-11,East,Accessories,Rep D,Inbound Call,3,296.65,889.95,2025-10
509633,2025-11-12,Midwest,Window Treatments,Rep D,Referral,3,896.7,2690.1,2025-11
509634,2024-12-02,East,Outdoor Shades,Rep B,Partner,2,408.17,816.34,2024-12
509635,2024-05-19,West,Window Treatments,Rep C,Partner,2,811.81,1623.62,2024-05
509636,2024-04-06,South,Outdoor Shades,Rep B,Referral,4,526.25,2105.0,2024-04
509637,2024-05-09,Midwest,Accessories,Rep A,Canvassing,3,477.44,1432.32,2024-05
509638,2024-03-10,South,Outdoor Shades,Rep A,Website,1,398.39,398.39,2024-03
509639,2025-10-05,East,Outdoor Shades,Rep A,Partner,3,1043.91,3131.73,2025-10
509640,2025-04-29,East,Smart Blinds,Rep C,Website,4,723.58,2894.32,2025-04
509641,2024-02-07,West,Window Treatments,Rep D,Partner,5,758.69,3793.45,2024-02
509642,2025-01-05,West,Window Treatments,Rep B,Inbound Call,3,753.64,2260.92,2025-01
509643,2024-08-09,Midwest,Window Treatments,Rep A,Referral,3,575.16,1725.48,2024-08
509644,2024-02-04,West,Window Treatments,Rep D,Website,2,445.89,891.78,2024-02
509645,2024-07-11,Midwest,Outdoor Shades,Rep A,Canvassing,4,965.79,3863.16,2024-07
509646,2025-05-20,Midwest,Accessories,Rep C,Canvassing,1,139.92,139.92,2025-05
509647,2024-05-02,South,Window Treatments,Rep A,Inbound Call,2,620.39,1240.78,2024-05
509648,2024-09-23,East,Window Treatments,Rep E,Canvassing,5,420.8,2104.0,2024-09
509649,2024-09-14,West,Outdoor Shades,Rep B,Inbound Call,4,627.48,2509.92,2024-09
509650,2024-09-27,East,Window Treatments,Rep D,Inbound Call,5,525.29,2626.45,2024-09
509651,2025-05-21,East,Accessories,Rep E,Partner,3,462.87,1388.61,2025-05
509652,2024-08-28,Midwest,Window Treatments,Rep B,Referral,1,791.02,791.02,2024-08
509653,2024-12-26,East,Smart Blinds,Rep D,Referral,2,706.32,1412.64,2024-12
509654,2024-10-13,West,Window Treatments,Rep E,Referral,4,918.73,3674.92,2024-10
509655,2024-04-23,East,Window Treatments,Rep B,Partner,4,148.5,594.0,2024-04
509656,2024-06-05,West,Accessories,Rep A,Referral,4,746.81,2987.24,2024-06
509657,2024-12-24,South,Outdoor Shades,Rep A,Canvassing,1,429.71,429.71,2024-12
509658,2025-12-12,East,Accessories,Rep D,Referral,2,642.69,1285.38,2025-12
509659,2025-04-30,South,Window Treatments,Rep A,Inbound Call,4,886.45,3545.8,2025-04
509660,2025-08-23,East,Outdoor Shades,Rep A,Referral,1,706.93,706.93,2025-08
509661,2025-10-01,East,Window Treatments,Rep C,Website,1,322.43,322.43,2025-10
509662,2025-07-06,East,Window Treatments,Rep A,Referral,2,169.48,338.96,2025-07
509663,2024-06-05,South,Smart Blinds,Rep C,Partner,3,610.74,1832.22,2024-06
509664,2024-02-09,Midwest,Accessories,Rep B,Website,3,789.76,2369.28,2024-02
509665,2024-06-01,East,Window Treatments,Rep A,Canvassing,3,831.13,2493.39,2024-06
509666,2024-03-08,East,Accessories,Rep D,Canvassing,1,502.54,502.54,2024-03
509667,2024-08-12,West,Outdoor Shades,Rep E,Website,4,262.25,1049.0,2024-08
509668,2024-07-05,East,Window Treatments,Rep C,Inbound Call,3,369.69,1109.07,2024-07
509669,2025-03-05,Midwest,Window Treatments,Rep D,Website,4,1036.7,4146.8,2025-03
509670,2025-10-17,West,Window Treatments,Rep A,Referral,4,169.87,679.48,2025-10
509671,2025-04-13,South,Window Treatments,Rep D,Canvassing,2,201.28,402.56,2025-04
509672,2024-01-21,Midwest,Window Treatments,Rep A,Website,2,705.34,1410.68,2024-01
509673,2024-09-12,West,Smart Blinds,Rep D,Partner,3,1060.76,3182.28,2024-09
509674,2024-12-05,East,Outdoor Shades,Rep B,Referral,2,738.89,1477.78,2024-12
509675,2024-09-26,South,Outdoor Shades,Rep D,Partner,1,1057.41,1057.41,2024-09
509676,2025-06-28,West,Window Treatments,Rep E,Canvassing,1,139.94,139.94,2025-06
509677,2024-07-26,South,Window Treatments,Rep B,Partner,1,655.26,655.26,2024-07
509678,2025-02-15,East,Outdoor Shades,Rep E,Referral,2,240.26,480.52,2025-02
509679,2024-04-07,East,Outdoor Shades,Rep D,Inbound Call,2,744.05,1488.1,2024-04
509680,2025-04-08,East,Window Treatments,Rep E,Canvassing,4,472.75,1891.0,2025-04
509681,2025-08-12,West,Outdoor Shades,Rep E,Inbound Call,2,488.12,976.24,2025-08
509682,2025-04-29,Midwest,Window Treatments,Rep D,Website,5,393.06,1965.3,2025-04
509683,2025-01-13,Midwest,Outdoor Shades,Rep A,Canvassing,5,467.34,2336.7,2025-01
509684,2024-10-18,West,Window Treatments,Rep B,Inbound Call,2,980.53,1961.06,2024-10
509685,2025-07-09,East,Outdoor Shades,Rep E,Referral,2,622.3,1244.6,2025-07
509686,2025-09-29,Midwest,Window Treatments,Rep E,Canvassing,4,532.96,2131.84,2025-09
509687,2024-10-21,West,Smart Blinds,Rep A,Website,4,607.69,2430.76,2024-10
509688,2024-01-26,East,Window Treatments,Rep A,Canvassing,1,1071.34,1071.34,2024-01
509689,2025-01-08,East,Outdoor Shades,Rep A,Inbound Call,5,982.21,4911.05,2025-01
509690,2025-02-25,Midwest,Window Treatments,Rep D,Inbound Call,5,333.7,1668.5,2025-02
509691,2025-08-14,East,Smart Blinds,Rep C,Website,2,813.21,1626.42,2025-08
509692,2024-01-28,South,Outdoor Shades,Rep C,Inbound Call,5,421.55,2107.75,2024-01
509693,2025-11-15,West,Window Treatments,Rep E,Partner,2,651.13,1302.26,2025-11
509694,2024-12-28,East,Smart Blinds,Rep B,Website,4,364.78,1459.12,2024-12
509695,2024-12-21,East,Accessories,Rep C,Partner,3,336.61,1009.83,2024-12
509696,2024-01-04,South,Outdoor Shades,Rep B,Partner,2,125.07,250.14,2024-01
509697,2024-04-02,West,Accessories,Rep E,Referral,3,770.93,2312.79,2024-04
509698,2024-10-04,West,Outdoor Shades,Rep C,Referral,2,195.65,391.3,2024-10
509699,2024-12-19,East,Window Treatments,Rep C,Canvassing,2,661.57,1323.14,2024-12
509700,2025-09-25,Midwest,Window Treatments,Rep B,Inbound Call,5,1022.48,5112.4,2025-09
509701,2025-12-31,South,Outdoor Shades,Rep D,Canvassing,5,220.4,1102.0,2025-12
509702,2024-03-12,South,Window Treatments,Rep B,Canvassing,1,492.76,492.76,2024-03
509703,2024-01-14,South,Outdoor Shades,Rep C,Website,2,855.59,1711.18,2024-01
509704,2025-04-02,East,Accessories,Rep D,Partner,1,890.66,890.66,2025-04
509705,2024-07-29,West,Accessories,Rep D,Inbound Call,4,754.63,3018.52,2024-07
509706,2024-10-29,Midwest,Window Treatments,Rep C,Referral,5,673.08,3365.4,2024-10
509707,2024-05-23,East,Accessories,Rep E,Canvassing,5,895.77,4478.85,2024-05
509708,2024-12-05,Midwest,Window Treatments,Rep C,Inbound Call,2,394.47,788.94,2024-12
509709,2025-04-02,Midwest,Accessories,Rep A,Website,2,919.82,1839.64,2025-04
509710,2025-05-20,East,Window Treatments,Rep E,Canvassing,2,355.96,711.92,2025-05
509711,2025-07-28,South,Smart Blinds,Rep A,Partner,2,388.13,776.26,2025-07
509712,2024-02-22,West,Window Treatments,Rep D,Referral,4,122.78,491.12,2024-02
509713,2025-02-06,West,Window Treatments,Rep B,Partner,3,349.4,1048.2,2025-02
509714,2024-07-18,South,Outdoor Shades,Rep C,Canvassing,3,1045.37,3136.11,2024-07
509715,2025-06-30,Midwest,Window Treatments,Rep B,Referral,2,271.8,543.6,2025-06
509716,2024-11-29,West,Outdoor Shades,Rep A,Website,3,399.25,1197.75,2024-11
509717,2024-08-11,Midwest,Outdoor Shades,Rep D,Canvassing,4,292.76,1171.04,2024-08
509718,2024-06-04,Midwest,Window Treatments,Rep A,Website,5,901.94,4509.7,2024-06
509719,2024-07-04,West,Outdoor Shades,Rep A,Partner,1,557.91,557.91,2024-07
509720,2025-10-26,South,Outdoor Shades,Rep B,Partner,3,839.68,2519.04,2025-10
509721,2025-08-21,South,Smart Blinds,Rep E,Inbound Call,3,674.25,2022.75,2025-08
509722,2025-10-14,Midwest,Outdoor Shades,Rep D,Inbound Call,2,377.77,755.54,2025-10
509723,2024-08-08,East,Accessories,Rep B,Inbound Call,2,376.05,752.1,2024-08
509724,2024-01-23,West,Window Treatments,Rep C,Partner,3,221.72,665.16,2024-01
509725,2025-04-29,East,Window Treatments,Rep B,Referral,3,353.58,1060.74,2025-04
509726,2025-07-18,West,Window Treatments,Rep B,Partner,1,680.22,680.22,2025-07
509727,2025-02-03,West,Window Treatments,Rep E,Referral,5,877.22,4386.1,2025-02
509728,2025-04-23,Midwest,Accessories,Rep B,Website,1,1073.16,1073.16,2025-04
509729,2024-10-07,Midwest,Accessories,Rep E,Referral,4,319.87,1279.48,2024-10
509730,2025-01-14,West,Outdoor Shades,Rep D,Referral,3,405.94,1217.82,2025-01
509731,2024-01-25,South,Window Treatments,Rep C,Referral,5,317.38,1586.9,2024-01
509732,2024-03-19,South,Outdoor Shades,Rep A,Inbound Call,3,273.61,820.83,2024-03
509733,2024-12-21,West,Window Treatments,Rep C,Partner,4,846.86,3387.44,2024-12
509734,2025-01-13,Midwest,Window Treatments,Rep D,Referral,3,925.91,2777.73,2025-01
509735,2024-10-16,South,Smart Blinds,Rep D,Referral,2,433.03,866.06,2024-10
509736,2025-12-26,East,Smart Blinds,Rep E,Referral,1,1041.93,1041.93,2025-12
509737,2024-04-26,South,Window Treatments,Rep A,Canvassing,2,1085.04,2170.08,2024-04
509738,2024-07-14,East,Smart Blinds,Rep E,Website,3,513.91,1541.73,2024-07
509739,2025-05-13,South,Outdoor Shades,Rep B,Website,1,708.98,708.98,2025-05
509740,2024-01-16,East,Outdoor Shades,Rep C,Canvassing,1,758.24,758.24,2024-01
509741,2024-08-14,West,Outdoor Shades,Rep D,Inbound Call,2,1094.62,2189.24,2024-08
509742,2024-05-14,Midwest,Outdoor Shades,Rep C,Inbound Call,1,347.14,347.14,2024-05
509743,2025-08-23,Midwest,Smart Blinds,Rep C,Website,5,1037.34,5186.7,2025-08
509744,2025-02-19,South,Window Treatments,Rep D,Inbound Call,5,1062.85,5314.25,2025-02
509745,2025-01-30,West,Smart Blinds,Rep A,Website,2,454.24,908.48,2025-01
509746,2024-01-18,South,Window Treatments,Rep C,Referral,4,463.56,1854.24,2024-01
509747,2024-11-04,East,Outdoor Shades,Rep D,Website,4,482.16,1928.64,2024-11
509748,2025-09-07,West,Accessories,Rep B,Inbound Call,2,1015.69,2031.38,2025-09
509749,2024-04-03,East,Window Treatments,Rep E,Referral,3,1044.88,3134.64,2024-04
509750,2025-09-22,South,Accessories,Rep D,Referral,5,1063.37,5316.85,2025-09
509751,2024-02-17,South,Window Treatments,Rep A,Canvassing,1,338.71,338.71,2024-02
509752,2024-11-26,South,Window Treatments,Rep C,Canvassing,4,916.07,3664.28,2024-11
509753,2024-03-28,East,Smart Blinds,Rep D,Inbound Call,4,147.2,588.8,2024-03
509754,2025-12-10,West,Window Treatments,Rep E,Inbound Call,3,545.41,1636.23,2025-12
509755,2025-07-03,East,Accessories,Rep B,Inbound Call,1,258.41,258.41,2025-07
509756,2024-07-26,South,Window Treatments,Rep C,Referral,3,870.22,2610.66,2024-07
509757,2024-08-10,West,Smart Blinds,Rep A,Website,3,1047.23,3141.69,2024-08
509758,2024-02-15,East,Smart Blinds,Rep A,Inbound Call,1,763.66,763.66,2024-02
509759,2025-02-13,East,Accessories,Rep D,Referral,1,130.29,130.29,2025-02
509760,2025-12-22,East,Window Treatments,Rep E,Inbound Call,3,289.63,868.89,2025-12
509761,2025-11-05,Midwest,Window Treatments,Rep C,Inbound Call,1,691.65,691.65,2025-11
509762,2024-08-24,Midwest,Window Treatments,Rep C,Referral,1,456.1,456.1,2024-08
509763,2025-08-17,Midwest,Smart Blinds,Rep D,Canvassing,2,672.58,1345.16,2025-08
509764,2025-05-17,West,Accessories,Rep A,Canvassing,5,296.62,1483.1,2025-05
509765,2024-07-09,South,Smart Blinds,Rep C,Inbound Call,2,1028.79,2057.58,2024-07
509766,2025-05-01,Midwest,Smart Blinds,Rep E,Inbound Call,2,444.46,888.92,2025-05
509767,2025-08-16,West,Accessories,Rep A,Referral,1,985.22,985.22,2025-08
509768,2024-06-26,West,Window Treatments,Rep C,Website,3,422.0,1266.0,2024-06
509769,2025-04-14,South,Window Treatments,Rep A,Canvassing,1,739.88,739.88,2025-04
509770,2024-06-17,Midwest,Window Treatments,Rep C,Inbound Call,4,910.24,3640.96,2024-06
509771,2024-05-09,Midwest,Window Treatments,Rep D,Inbound Call,2,760.79,1521.58,2024-05
509772,2024-05-25,East,Outdoor Shades,Rep B,Website,1,854.52,854.52,2024-05
509773,2025-12-24,South,Smart Blinds,Rep D,Inbound Call,5,868.77,4343.85,2025-12
509774,2024-07-21,South,Outdoor Shades,Rep B,Canvassing,2,779.1,1558.2,2024-07
509775,2024-02-15,East,Smart Blinds,Rep C,Website,4,499.61,1998.44,2024-02
509776,2024-04-25,West,Window Treatments,Rep A,Partner,5,263.71,1318.55,2024-04
509777,2025-06-26,South,Accessories,Rep B,Inbound Call,5,716.64,3583.2,2025-06
509778,2025-06-19,Midwest,Window Treatments,Rep C,Partner,3,274.66,823.98,2025-06
509779,2025-08-10,South,Outdoor Shades,Rep B,Website,3,496.25,1488.75,2025-08
509780,2025-07-04,Midwest,Smart Blinds,Rep C,Website,4,860.76,3443.04,2025-07
509781,2024-04-29,West,Window Treatments,Rep B,Canvassing,3,275.15,825.45,2024-04
509782,2025-10-05,East,Smart Blinds,Rep B,Partner,3,1035.48,3106.44,2025-10
509783,2024-09-20,East,Outdoor Shades,Rep A,Canvassing,2,746.78,1493.56,2024-09
509784,2025-04-26,West,Smart Blinds,Rep C,Inbound Call,5,1061.04,5305.2,2025-04
509785,2024-07-05,East,Outdoor Shades,Rep B,Canvassing,2,550.58,1101.16,2024-07
509786,2024-09-03,Midwest,Window Treatments,Rep A,Referral,1,351.27,351.27,2024-09
509787,2025-07-12,East,Outdoor Shades,Rep B,Inbound Call,1,1075.9,1075.9,2025-07
509788,2024-05-17,West,Smart Blinds,Rep B,Website,4,826.45,3305.8,2024-05
509789,2025-10-13,West,Window Treatments,Rep A,Website,5,693.48,3467.4,2025-10
509790,2025-01-07,South,Window Treatments,Rep E,Partner,2,979.5,1959.0,2025-01
509791,2024-07-24,West,Smart Blinds,Rep B,Partner,3,412.92,1238.76,2024-07
509792,2024-02-14,Midwest,Smart Blinds,Rep A,Website,5,227.2,1136.0,2024-02
509793,2024-08-19,Midwest,Smart Blinds,Rep A,Canvassing,4,500.25,2001.0,2024-08
509794,2025-02-06,Midwest,Smart Blinds,Rep E,Partner,3,344.36,1033.08,2025-02
509795,2024-10-07,Midwest,Window Treatments,Rep A,Canvassing,2,133.37,266.74,2024-10
509796,2024-04-01,Midwest,Outdoor Shades,Rep A,Canvassing,4,1085.82,4343.28,2024-04
509797,2024-11-21,South,Outdoor Shades,Rep E,Partner,4,487.97,1951.88,2024-11
509798,2024-03-21,East,Smart Blinds,Rep D,Partner,4,903.9,3615.6,2024-03
509799,2025-12-25,West,Window Treatments,Rep B,Inbound Call,4,637.15,2548.6,2025-12
509800,2024-03-01,West,Window Treatments,Rep E,Partner,2,520.25,1040.5,2024-03
509801,2024-12-20,Midwest,Window Treatments,Rep A,Canvassing,1,977.88,977.88,2024-12
509802,2024-09-07,West,Window Treatments,Rep E,Referral,4,857.02,3428.08,2024-09
509803,2024-12-14,West,Window Treatments,Rep C,Inbound Call,4,221.72,886.88,2024-12
509804,2024-11-19,West,Accessories,Rep D,Website,5,227.05,1135.25,2024-11
509805,2025-06-15,South,Window Treatments,Rep E,Partner,4,714.49,2857.96,2025-06
509806,2025-10-22,Midwest,Smart Blinds,Rep D,Inbound Call,1,290.74,290.74,2025-10
509807,2024-01-18,West,Window Treatments,Rep E,Canvassing,3,760.62,2281.86,2024-01
509808,2025-04-08,Midwest,Accessories,Rep D,Referral,4,228.04,912.16,2025-04
509809,2025-05-19,South,Window Treatments,Rep E,Website,5,861.09,4305.45,2025-05
509810,2025-05-01,West,Outdoor Shades,Rep B,Referral,1,640.5,640.5,2025-05
509811,2024-04-27,South,Outdoor Shades,Rep B,Referral,1,955.1,955.1,2024-04
509812,2025-09-24,West,Accessories,Rep E,Referral,4,599.53,2398.12,2025-09
509813,2024-06-30,South,Outdoor Shades,Rep E,Partner,5,415.1,2075.5,2024-06
509814,2024-05-28,South,Outdoor Shades,Rep E,Partner,5,462.05,2310.25,2024-05
509815,2024-10-20,East,Window Treatments,Rep B,Website,5,666.19,3330.95,2024-10
509816,2025-07-31,East,Window Treatments,Rep A,Canvassing,3,1002.48,3007.44,2025-07
509817,2024-04-29,Midwest,Window Treatments,Rep A,Referral,5,308.32,1541.6,2024-04
509818,2025-08-20,East,Accessories,Rep E,Partner,1,538.91,538.91,2025-08
509819,2025-10-17,East,Window Treatments,Rep D,Partner,5,1049.04,5245.2,2025-10
509820,2025-05-01,West,Outdoor Shades,Rep B,Referral,5,506.52,2532.6,2025-05
509821,2024-12-06,West,Window Treatments,Rep A,Referral,1,531.67,531.67,2024-12
509822,2025-11-21,South,Window Treatments,Rep E,Website,4,268.58,1074.32,2025-11
509823,2024-03-09,Midwest,Outdoor Shades,Rep E,Partner,5,469.46,2347.3,2024-03
509824,2025-02-23,East,Accessories,Rep A,Inbound Call,3,803.13,2409.39,2025-02
509825,2024-10-31,South,Smart Blinds,Rep B,Partner,4,947.86,3791.44,2024-10
509826,2024-11-25,East,Smart Blinds,Rep E,Referral,3,431.36,1294.08,2024-11
509827,2024-03-01,South,Smart Blinds,Rep A,Referral,5,133.79,668.95,2024-03
509828,2024-06-18,East,Outdoor Shades,Rep E,Partner,2,848.99,1697.98,2024-06
509829,2025-12-24,West,Window Treatments,Rep B,Partner,2,896.95,1793.9,2025-12
509830,2025-09-23,East,Smart Blinds,Rep C,Inbound Call,5,660.28,3301.4,2025-09
509831,2025-08-13,East,Accessories,Rep D,Website,5,388.66,1943.3,2025-08
509832,2024-03-17,East,Outdoor Shades,Rep A,Referral,3,792.66,2377.98,2024-03
509833,2025-08-17,West,Smart Blinds,Rep B,Referral,2,510.31,1020.62,2025-08
509834,2025-11-23,East,Accessories,Rep C,Canvassing,2,433.84,867.68,2025-11
509835,2024-05-28,West,Accessories,Rep D,Website,1,654.94,654.94,2024-05
509836,2024-07-05,South,Outdoor Shades,Rep E,Referral,1,969.3,969.3,2024-07
509837,2025-02-11,Midwest,Smart Blinds,Rep D,Canvassing,1,248.93,248.93,2025-02
509838,2024-10-23,South,Outdoor Shades,Rep E,Canvassing,4,813.29,3253.16,2024-10
509839,2025-11-11,South,Accessories,Rep C,Referral,1,867.22,867.22,2025-11
509840,2025-07-15,South,Accessories,Rep D,Website,3,680.89,2042.67,2025-07
509841,2024-10-27,West,Outdoor Shades,Rep A,Partner,2,1046.83,2093.66,2024-10
509842,2025-11-19,West,Outdoor Shades,Rep C,Partner,2,528.41,1056.82,2025-11
509843,2024-04-28,West,Window Treatments,Rep E,Referral,3,316.59,949.77,2024-04
509844,2024-08-12,Midwest,Window Treatments,Rep E,Canvassing,5,794.82,3974.1,2024-08
509845,2025-07-09,East,Window Treatments,Rep E,Partner,5,850.48,4252.4,2025-07
509846,2025-08-16,Midwest,Smart Blinds,Rep C,Inbound Call,4,232.17,928.68,2025-08
509847,2025-06-29,East,Window Treatments,Rep C,Website,2,814.67,1629.34,2025-06
509848,2024-04-02,South,Window Treatments,Rep A,Canvassing,3,735.01,2205.03,2024-04
509849,2024-01-03,South,Window Treatments,Rep C,Partner,4,761.17,3044.68,2024-01
509850,2025-05-09,East,Smart Blinds,Rep D,Partner,4,143.63,574.52,2025-05
509851,2025-03-24,West,Window Treatments,Rep D,Canvassing,1,798.05,798.05,2025-03
509852,2024-07-06,Midwest,Window Treatments,Rep D,Canvassing,3,542.8,1628.4,2024-07
509853,2025-07-25,South,Accessories,Rep C,Referral,1,149.47,149.47,2025-07
509854,2024-09-04,West,Accessories,Rep C,Inbound Call,4,576.01,2304.04,2024-09
509855,2024-12-29,West,Window Treatments,Rep D,Canvassing,5,831.58,4157.9,2024-12
509856,2024-01-26,Midwest,Smart Blinds,Rep B,Website,4,193.92,775.68,2024-01
509857,2025-05-25,Midwest,Window Treatments,Rep D,Website,2,741.91,1483.82,2025-05
509858,2024-11-09,West,Outdoor Shades,Rep B,Referral,2,934.1,1868.2,2024-11
509859,2024-12-29,West,Smart Blinds,Rep E,Canvassing,1,688.27,688.27,2024-12
509860,2024-10-21,East,Window Treatments,Rep A,Inbound Call,1,518.71,518.71,2024-10
509861,2024-10-17,South,Window Treatments,Rep B,Partner,5,619.14,3095.7,2024-10
509862,2025-06-04,West,Smart Blinds,Rep C,Canvassing,1,220.95,220.95,2025-06
509863,2024-03-28,East,Window Treatments,Rep C,Inbound Call,5,487.81,2439.05,2024-03
509864,2024-02-21,Midwest,Smart Blinds,Rep C,Website,3,708.71,2126.13,2024-02
509865,2025-06-07,East,Outdoor Shades,Rep A,Referral,1,1040.22,1040.22,2025-06
509866,2024-06-25,East,Window Treatments,Rep A,Canvassing,4,894.31,3577.24,2024-06
509867,2024-04-25,South,Window Treatments,Rep A,Partner,2,1053.28,2106.56,2024-04
509868,2025-05-14,Midwest,Smart Blinds,Rep C,Partner,5,824.13,4120.65,2025-05
509869,2024-02-17,South,Outdoor Shades,Rep B,Canvassing,5,442.75,2213.75,2024-02
509870,2024-05-08,West,Smart Blinds,Rep C,Inbound Call,3,532.39,1597.17,2024-05
509871,2024-03-13,West,Smart Blinds,Rep B,Referral,5,681.64,3408.2,2024-03
509872,2024-08-24,Midwest,Outdoor Shades,Rep E,Partner,3,223.91,671.73,2024-08
509873,2025-03-25,West,Outdoor Shades,Rep E,Inbound Call,3,729.53,2188.59,2025-03
509874,2024-12-09,Midwest,Outdoor Shades,Rep D,Website,5,637.88,3189.4,2024-12
509875,2024-07-22,East,Window Treatments,Rep A,Website,5,950.64,4753.2,2024-07
509876,2024-09-16,East,Outdoor Shades,Rep D,Inbound Call,4,425.97,1703.88,2024-09
509877,2024-05-24,South,Window Treatments,Rep E,Inbound Call,4,320.89,1283.56,2024-05
509878,2025-01-17,Midwest,Accessories,Rep A,Website,4,498.76,1995.04,2025-01
509879,2025-10-03,East,Window Treatments,Rep D,Website,1,800.76,800.76,2025-10
509880,2025-04-18,Midwest,Accessories,Rep A,Referral,5,984.68,4923.4,2025-04
509881,2024-09-07,West,Window Treatments,Rep C,Inbound Call,1,1067.59,1067.59,2024-09
509882,2024-01-03,East,Window Treatments,Rep E,Referral,4,284.23,1136.92,2024-01
509883,2024-12-29,South,Window Treatments,Rep B,Inbound Call,4,882.14,3528.56,2024-12
509884,2025-04-29,Midwest,Outdoor Shades,Rep A,Partner,3,170.32,510.96,2025-04
509885,2025-03-23,West,Outdoor Shades,Rep A,Referral,4,683.36,2733.44,2025-03
509886,2025-10-12,East,Window Treatments,Rep A,Canvassing,3,587.03,1761.09,2025-10
509887,2024-04-11,Midwest,Window Treatments,Rep E,Referral,1,860.11,860.11,2024-04
509888,2024-02-22,South,Smart Blinds,Rep E,Partner,3,1038.87,3116.61,2024-02
509889,2025-02-24,West,Outdoor Shades,Rep C,Inbound Call,3,476.96,1430.88,2025-02
509890,2025-05-02,Midwest,Window Treatments,Rep C,Partner,2,902.35,1804.7,2025-05
509891,2025-10-02,West,Outdoor Shades,Rep B,Canvassing,1,362.63,362.63,2025-10
509892,2025-05-28,South,Outdoor Shades,Rep A,Inbound Call,2,418.39,836.78,2025-05
509893,2025-10-13,West,Smart Blinds,Rep A,Partner,5,892.01,4460.05,2025-10
509894,2025-11-16,East,Accessories,Rep B,Inbound Call,4,370.12,1480.48,2025-11
509895,2024-07-23,South,Window Treatments,Rep A,Website,2,896.43,1792.86,2024-07
509896,2025-04-30,Midwest,Window Treatments,Rep A,Referral,2,590.22,1180.44,2025-04
509897,2025-05-09,South,Outdoor Shades,Rep C,Inbound Call,1,525.88,525.88,2025-05
509898,2024-04-28,South,Window Treatments,Rep D,Partner,2,467.28,934.56,2024-04
509899,2024-10-02,West,Window Treatments,Rep B,Inbound Call,1,326.19,326.19,2024-10
509900,2024-05-13,Midwest,Window Treatments,Rep E,Partner,5,767.37,3836.85,2024-05
509901,2024-03-27,Midwest,Smart Blinds,Rep C,Inbound Call,2,886.61,1773.22,2024-03
509902,2025-10-24,South,Window Treatments,Rep C,Website,3,433.38,1300.14,2025-10
509903,2024-05-24,East,Window Treatments,Rep D,Inbound Call,3,299.32,897.96,2024-05
509904,2024-07-20,Midwest,Smart Blinds,Rep C,Referral,4,128.28,513.12,2024-07
509905,2024-07-29,West,Accessories,Rep A,Inbound Call,1,545.97,545.97,2024-07
509906,2025-05-21,West,Window Treatments,Rep C,Website,1,521.86,521.86,2025-05
509907,2025-03-23,East,Smart Blinds,Rep C,Canvassing,5,228.46,1142.3,2025-03
509908,2025-01-21,East,Outdoor Shades,Rep D,Partner,2,835.19,1670.38,2025-01
509909,2025-10-05,East,Accessories,Rep B,Canvassing,5,178.84,894.2,2025-10
509910,2025-09-02,West,Window Treatments,Rep E,Referral,4,1008.57,4034.28,2025-09
509911,2024-12-02,West,Smart Blinds,Rep B,Website,3,975.14,2925.42,2024-12
509912,2024-09-04,South,Window Treatments,Rep A,Canvassing,5,530.58,2652.9,2024-09
509913,2024-06-21,Midwest,Outdoor Shades,Rep B,Partner,4,1000.62,4002.48,2024-06
509914,2025-04-10,Midwest,Smart Blinds,Rep A,Website,5,717.86,3589.3,2025-04
509915,2024-03-11,Midwest,Window Treatments,Rep B,Partner,1,384.44,384.44,2024-03
509916,2024-05-23,East,Outdoor Shades,Rep D,Partner,2,370.62,741.24,2024-05
509917,2024-04-04,Midwest,Outdoor Shades,Rep D,Partner,3,387.85,1163.55,2024-04
509918,2025-07-01,Midwest,Accessories,Rep B,Canvassing,4,652.12,2608.48,2025-07
509919,2025-01-26,South,Outdoor Shades,Rep B,Referral,2,815.33,1630.66,2025-01
509920,2024-04-03,West,Window Treatments,Rep C,Canvassing,3,452.16,1356.48,2024-04
509921,2025-08-09,East,Window Treatments,Rep A,Partner,5,1030.72,5153.6,2025-08
509922,2024-05-31,South,Smart Blinds,Rep C,Partner,2,634.63,1269.26,2024-05
509923,2024-03-18,East,Outdoor Shades,Rep E,Referral,3,509.1,1527.3,2024-03
509924,2024-04-05,South,Smart Blinds,Rep A,Referral,4,1034.48,4137.92,2024-04
509925,2024-03-18,East,Smart Blinds,Rep A,Referral,4,613.57,2454.28,2024-03
509926,2025-04-14,Midwest,Window Treatments,Rep A,Referral,2,1054.6,2109.2,2025-04
509927,2025-07-08,East,Window Treatments,Rep B,Website,5,505.55,2527.75,2025-07
509928,2024-08-06,South,Window Treatments,Rep B,Partner,4,912.99,3651.96,2024-08
509929,2025-04-12,East,Outdoor Shades,Rep E,Partner,4,1082.08,4328.32,2025-04
509930,2025-12-15,East,Accessories,Rep A,Inbound Call,4,870.14,3480.56,2025-12
509931,2025-03-12,Midwest,Window Treatments,Rep C,Inbound Call,2,946.38,1892.76,2025-03
509932,2024-02-14,West,Outdoor Shades,Rep C,Website,1,288.31,288.31,2024-02
509933,2024-05-01,South,Outdoor Shades,Rep B,Referral,2,611.38,1222.76,2024-05
509934,2024-08-11,East,Accessories,Rep B,Referral,1,519.0,519.0,2024-08
509935,2025-04-01,West,Window Treatments,Rep C,Website,3,183.04,549.12,2025-04
509936,2025-07-20,East,Window Treatments,Rep A,Partner,4,137.15,548.6,2025-07
509937,2025-09-15,South,Outdoor Shades,Rep E,Website,1,560.79,560.79,2025-09
509938,2025-01-29,Midwest,Window Treatments,Rep E,Referral,5,800.38,4001.9,2025-01
509939,2025-01-25,East,Window Treatments,Rep D,Referral,2,166.75,333.5,2025-01
509940,2024-02-27,South,Smart Blinds,Rep E,Referral,1,731.75,731.75,2024-02
509941,2024-11-30,West,Smart Blinds,Rep A,Website,4,708.96,2835.84,2024-11
509942,2024-04-12,South,Smart Blinds,Rep B,Website,3,950.2,2850.6,2024-04
509943,2024-10-21,South,Accessories,Rep B,Inbound Call,2,149.44,298.88,2024-10
509944,2024-02-14,South,Window Treatments,Rep A,Referral,4,174.58,698.32,2024-02
509945,2025-10-03,East,Outdoor Shades,Rep E,Partner,1,717.79,717.79,2025-10
509946,2024-06-14,South,Smart Blinds,Rep B,Website,2,705.81,1411.62,2024-06
509947,2025-02-13,East,Outdoor Shades,Rep B,Inbound Call,1,911.98,911.98,2025-02
509948,2025-05-29,East,Outdoor Shades,Rep D,Partner,5,803.19,4015.95,2025-05
509949,2024-11-11,East,Smart Blinds,Rep A,Website,2,1072.57,2145.14,2024-11
509950,2024-11-14,South,Outdoor Shades,Rep D,Canvassing,5,658.27,3291.35,2024-11
509951,2025-10-09,Midwest,Smart Blinds,Rep B,Referral,1,678.08,678.08,2025-10
509952,2025-08-07,South,Outdoor Shades,Rep B,Inbound Call,4,632.78,2531.12,2025-08
509953,2025-02-15,Midwest,Window Treatments,Rep B,Partner,3,910.9,2732.7,2025-02
509954,2024-01-12,West,Smart Blinds,Rep D,Inbound Call,4,462.0,1848.0,2024-01
509955,2025-06-16,West,Smart Blinds,Rep A,Referral,4,369.73,1478.92,2025-06
509956,2024-09-15,South,Window Treatments,Rep C,Canvassing,5,912.75,4563.75,2024-09
509957,2024-05-23,West,Accessories,Rep D,Partner,4,354.78,1419.12,2024-05
509958,2025-11-29,West,Window Treatments,Rep E,Inbound Call,1,949.46,949.46,2025-11
509959,2025-12-23,West,Window Treatments,Rep E,Referral,5,171.77,858.85,2025-12
509960,2024-05-24,West,Smart Blinds,Rep D,Partner,2,983.03,1966.06,2024-05
509961,2025-10-22,South,Window Treatments,Rep B,Inbound Call,2,764.73,1529.46,2025-10
509962,2025-12-26,East,Smart Blinds,Rep B,Website,2,776.77,1553.54,2025-12
509963,2025-12-02,Midwest,Window Treatments,Rep E,Partner,5,409.75,2048.75,2025-12
509964,2024-01-19,Midwest,Window Treatments,Rep C,Referral,2,629.5,1259.0,2024-01
509965,2024-09-22,South,Outdoor Shades,Rep A,Canvassing,4,946.07,3784.28,2024-09
509966,2024-07-07,West,Accessories,Rep E,Inbound Call,1,576.44,576.44,2024-07
509967,2025-07-19,East,Outdoor Shades,Rep E,Referral,1,306.72,306.72,2025-07
509968,2025-01-06,Midwest,Window Treatments,Rep C,Inbound Call,2,1072.78,2145.56,2025-01
509969,2024-03-16,South,Window Treatments,Rep E,Partner,1,828.97,828.97,2024-03
509970,2024-05-12,South,Window Treatments,Rep C,Referral,2,308.79,617.58,2024-05
509971,2024-03-07,Midwest,Outdoor Shades,Rep C,Website,4,901.82,3607.28,2024-03
509972,2024-03-02,South,Accessories,Rep A,Referral,4,675.69,2702.76,2024-03
509973,2025-01-20,South,Smart Blinds,Rep D,Website,5,938.68,4693.4,2025-01
509974,2025-06-20,East,Accessories,Rep A,Canvassing,1,543.97,543.97,2025-06
509975,2025-09-25,East,Window Treatments,Rep C,Partner,4,326.87,1307.48,2025-09
509976,2024-04-05,West,Window Treatments,Rep D,Inbound Call,3,229.37,688.11,2024-04
509977,2024-03-18,West,Window Treatments,Rep C,Referral,5,850.35,4251.75,2024-03
509978,2024-10-30,East,Smart Blinds,Rep A,Referral,4,216.71,866.84,2024-10
509979,2024-08-14,East,Smart Blinds,Rep D,Partner,4,655.61,2622.44,2024-08
509980,2024-09-14,Midwest,Window Treatments,Rep B,Referral,2,911.05,1822.1,2024-09
509981,2024-11-04,South,Outdoor Shades,Rep B,Referral,4,408.38,1633.52,2024-11
509982,2024-08-25,South,Window Treatments,Rep E,Canvassing,2,975.55,1951.1,2024-08
509983,2025-07-27,South,Outdoor Shades,Rep B,Referral,2,486.07,972.14,2025-07
509984,2024-06-27,West,Smart Blinds,Rep E,Website,5,314.96,1574.8,2024-06
509985,2025-06-28,South,Smart Blinds,Rep C,Inbound Call,3,790.64,2371.92,2025-06
509986,2025-01-14,Midwest,Window Treatments,Rep C,Inbound Call,1,870.05,870.05,2025-01
509987,2025-11-17,East,Window Treatments,Rep B,Partner,1,510.81,510.81,2025-11
509988,2024-10-14,West,Smart Blinds,Rep B,Inbound Call,2,761.64,1523.28,2024-10
509989,2024-11-30,Midwest,Outdoor Shades,Rep B,Canvassing,5,219.22,1096.1,2024-11
509990,2024-08-28,Midwest,Outdoor Shades,Rep C,Referral,5,483.43,2417.15,2024-08
509991,2025-04-29,West,Window Treatments,Rep D,Canvassing,5,553.35,2766.75,2025-04
509992,2024-05-05,East,Window Treatments,Rep B,Website,4,597.38,2389.52,2024-05
509993,2025-04-06,Midwest,Smart Blinds,Rep E,Website,1,932.67,932.67,2025-04
509994,2025-11-13,South,Window Treatments,Rep E,Inbound Call,5,708.06,3540.3,2025-11
509995,2025-11-10,East,Outdoor Shades,Rep C,Partner,4,302.89,1211.56,2025-11
509996,2025-01-26,South,Window Treatments,Rep E,Canvassing,5,686.58,3432.9,2025-01
509997,2025-10-13,West,Window Treatments,Rep D,Referral,3,1023.48,3070.44,2025-10
509998,2024-10-29,West,Window Treatments,Rep A,Referral,2,764.67,1529.34,2024-10
509999,2025-11-21,East,Accessories,Rep C,Canvassing,1,513.34,513.34,2025-11
510000,2024-06-19,South,Smart Blinds,Rep D,Partner,1,521.39,521.39,2024-06
510001,2025-09-11,East,Outdoor Shades,Rep D,Canvassing,3,728.54,2185.62,2025-09
510002,2025-06-28,West,Outdoor Shades,Rep D,Inbound Call,3,486.37,1459.11,2025-06
510003,2025-08-19,East,Window Treatments,Rep B,Referral,1,909.1,909.1,2025-08
510004,2025-12-04,West,Accessories,Rep A,Partner,5,405.74,2028.7,2025-12
510005,2024-03-12,East,Smart Blinds,Rep A,Referral,2,498.09,996.18,2024-03
510006,2025-03-16,West,Outdoor Shades,Rep C,Referral,1,338.24,338.24,2025-03
510007,2024-11-29,West,Smart Blinds,Rep D,Canvassing,3,663.36,1990.08,2024-11
510008,2024-04-19,West,Smart Blinds,Rep A,Referral,4,1072.13,4288.52,2024-04
510009,2024-02-24,South,Smart Blinds,Rep E,Website,5,476.55,2382.75,2024-02
510010,2024-01-12,South,Outdoor Shades,Rep D,Inbound Call,3,1054.67,3164.01,2024-01
510011,2025-04-17,South,Accessories,Rep C,Referral,3,160.34,481.02,2025-04
510012,2024-04-18,Midwest,Outdoor Shades,Rep B,Inbound Call,1,511.83,511.83,2024-04
510013,2024-01-03,East,Outdoor Shades,Rep A,Partner,3,348.72,1046.16,2024-01
510014,2024-01-15,East,Smart Blinds,Rep E,Inbound Call,3,457.19,1371.57,2024-01
510015,2025-11-14,Midwest,Window Treatments,Rep C,Referral,3,330.04,990.12,2025-11
510016,2024-06-28,Midwest,Outdoor Shades,Rep B,Inbound Call,5,326.99,1634.95,2024-06
510017,2024-08-07,South,Accessories,Rep D,Inbound Call,5,811.66,4058.3,2024-08
510018,2025-04-08,West,Smart Blinds,Rep C,Inbound Call,2,601.18,1202.36,2025-04
510019,2025-07-10,South,Outdoor Shades,Rep A,Inbound Call,5,501.7,2508.5,2025-07
510020,2024-05-11,East,Accessories,Rep B,Website,1,281.23,281.23,2024-05
510021,2024-09-18,South,Smart Blinds,Rep A,Referral,3,527.37,1582.11,2024-09
510022,2024-02-12,East,Accessories,Rep D,Canvassing,3,277.9,833.7,2024-02
510023,2025-08-13,West,Outdoor Shades,Rep C,Canvassing,1,399.95,399.95,2025-08
510024,2024-12-12,West,Smart Blinds,Rep E,Canvassing,2,787.06,1574.12,2024-12
510025,2025-10-11,East,Window Treatments,Rep C,Referral,1,236.76,236.76,2025-10
510026,2025-03-04,Midwest,Accessories,Rep C,Partner,3,805.31,2415.93,2025-03
510027,2024-08-29,Midwest,Window Treatments,Rep E,Website,5,927.79,4638.95,2024-08
510028,2025-10-08,East,Outdoor Shades,Rep D,Inbound Call,4,981.03,3924.12,2025-10
510029,2025-11-14,West,Outdoor Shades,Rep B,Inbound Call,1,598.59,598.59,2025-11
510030,2024-02-07,Midwest,Accessories,Rep C,Canvassing,4,417.02,1668.08,2024-02
510031,2025-04-01,South,Outdoor Shades,Rep D,Website,1,899.76,899.76,2025-04
510032,2024-10-08,East,Window Treatments,Rep E,Canvassing,4,620.94,2483.76,2024-10
510033,2025-10-17,Midwest,Window Treatments,Rep D,Referral,2,1051.7,2103.4,2025-10
510034,2025-01-11,West,Outdoor Shades,Rep C,Referral,4,858.82,3435.28,2025-01
510035,2025-01-31,Midwest,Smart Blinds,Rep B,Partner,3,583.26,1749.78,2025-01
510036,2024-02-16,Midwest,Smart Blinds,Rep C,Canvassing,1,669.6,669.6,2024-02
510037,2024-04-30,East,Smart Blinds,Rep E,Website,1,790.23,790.23,2024-04
510038,2025-07-04,Midwest,Window Treatments,Rep C,Referral,2,1012.78,2025.56,2025-07
510039,2024-03-01,East,Smart Blinds,Rep E,Referral,3,990.25,2970.75,2024-03
510040,2024-08-05,Midwest,Window Treatments,Rep B,Website,4,314.21,1256.84,2024-08
510041,2024-11-11,West,Outdoor Shades,Rep C,Referral,2,1097.91,2195.82,2024-11
510042,2024-06-06,Midwest,Window Treatments,Rep D,Partner,5,139.68,698.4,2024-06
510043,2025-03-09,South,Accessories,Rep A,Website,5,384.99,1924.95,2025-03
510044,2024-09-27,South,Window Treatments,Rep B,Website,1,1046.48,1046.48,2024-09
510045,2025-08-05,West,Outdoor Shades,Rep C,Partner,2,639.2,1278.4,2025-08
510046,2024-03-12,East,Accessories,Rep B,Inbound Call,1,875.29,875.29,2024-03
510047,2025-04-29,East,Outdoor Shades,Rep E,Website,2,1041.26,2082.52,2025-04
510048,2024-04-30,East,Window Treatments,Rep D,Website,5,1095.57,5477.85,2024-04
510049,2025-12-23,West,Smart Blinds,Rep A,Partner,2,840.04,1680.08,2025-12
510050,2024-07-22,West,Smart Blinds,Rep E,Website,1,287.76,287.76,2024-07
510051,2025-12-03,South,Smart Blinds,Rep B,Canvassing,4,435.43,1741.72,2025-12
510052,2024-06-15,West,Accessories,Rep A,Inbound Call,1,301.03,301.03,2024-06
510053,2025-01-12,West,Outdoor Shades,Rep C,Referral,5,311.91,1559.55,2025-01
510054,2024-10-18,West,Outdoor Shades,Rep B,Referral,2,998.95,1997.9,2024-10
510055,2024-04-25,East,Smart Blinds,Rep A,Inbound Call,1,537.07,537.07,2024-04
510056,2024-01-14,Midwest,Window Treatments,Rep C,Partner,1,896.94,896.94,2024-01
510057,2025-12-04,West,Accessories,Rep D,Canvassing,4,492.47,1969.88,2025-12
510058,2024-04-17,West,Outdoor Shades,Rep E,Partner,5,236.71,1183.55,2024-04
510059,2024-03-16,West,Window Treatments,Rep D,Referral,1,132.87,132.87,2024-03
510060,2024-01-24,West,Smart Blinds,Rep A,Referral,4,622.1,2488.4,2024-01
510061,2024-11-09,South,Outdoor Shades,Rep B,Referral,1,207.2,207.2,2024-11
510062,2024-05-11,Midwest,Window Treatments,Rep D,Canvassing,4,634.97,2539.88,2024-05
510063,2025-11-04,South,Smart Blinds,Rep D,Inbound Call,1,235.32,235.32,2025-11
510064,2025-09-04,East,Window Treatments,Rep A,Inbound Call,1,309.73,309.73,2025-09
510065,2025-02-23,West,Smart Blinds,Rep B,Canvassing,2,833.25,1666.5,2025-02
510066,2025-10-07,South,Outdoor Shades,Rep A,Referral,3,660.12,1980.36,2025-10
510067,2025-09-01,Midwest,Smart Blinds,Rep B,Partner,4,169.3,677.2,2025-09
510068,2025-12-10,Midwest,Outdoor Shades,Rep B,Website,2,475.19,950.38,2025-12
510069,2024-07-09,Midwest,Accessories,Rep E,Partner,3,535.71,1607.13,2024-07
510070,2024-12-02,West,Accessories,Rep C,Partner,4,984.78,3939.12,2024-12
510071,2025-08-24,East,Outdoor Shades,Rep B,Canvassing,4,875.37,3501.48,2025-08
510072,2025-07-20,West,Accessories,Rep A,Inbound Call,1,885.94,885.94,2025-07
510073,2024-03-18,South,Smart Blinds,Rep C,Website,1,1038.3,1038.3,2024-03
510074,2024-12-21,East,Window Treatments,Rep D,Website,3,998.92,2996.76,2024-12
510075,2024-04-30,Midwest,Smart Blinds,Rep A,Canvassing,3,654.43,1963.29,2024-04
510076,2024-10-14,West,Window Treatments,Rep D,Inbound Call,5,896.14,4480.7,2024-10
510077,2025-10-10,East,Accessories,Rep E,Website,1,871.9,871.9,2025-10
510078,2024-07-31,East,Outdoor Shades,Rep A,Inbound Call,2,541.98,1083.96,2024-07
510079,2025-10-04,South,Smart Blinds,Rep D,Inbound Call,4,594.17,2376.68,2025-10
510080,2024-12-02,Midwest,Window Treatments,Rep A,Referral,5,741.61,3708.05,2024-12
510081,2025-05-10,South,Smart Blinds,Rep D,Website,3,853.05,2559.15,2025-05
510082,2025-10-25,East,Outdoor Shades,Rep D,Inbound Call,1,145.16,145.16,2025-10
510083,2025-11-09,South,Outdoor Shades,Rep D,Referral,3,883.93,2651.79,2025-11
510084,2024-01-23,Midwest,Window Treatments,Rep A,Website,4,452.45,1809.8,2024-01
510085,2024-06-23,East,Window Treatments,Rep C,Partner,3,244.13,732.39,2024-06
510086,2024-02-11,Midwest,Outdoor Shades,Rep D,Partner,4,675.22,2700.88,2024-02
510087,2025-10-09,Midwest,Outdoor Shades,Rep A,Partner,4,625.33,2501.32,2025-10
510088,2025-11-03,Midwest,Smart Blinds,Rep A,Referral,3,343.78,1031.34,2025-11
510089,2024-01-27,South,Outdoor Shades,Rep E,Referral,1,487.49,487.49,2024-01
510090,2025-09-14,West,Outdoor Shades,Rep E,Partner,4,444.41,1777.64,2025-09
510091,2024-10-24,West,Window Treatments,Rep D,Website,5,679.27,3396.35,2024-10
510092,2025-01-28,West,Outdoor Shades,Rep A,Inbound Call,2,323.79,647.58,2025-01
510093,2025-06-04,South,Outdoor Shades,Rep D,Referral,4,912.96,3651.84,2025-06
510094,2025-11-01,East,Smart Blinds,Rep E,Inbound Call,4,341.99,1367.96,2025-11
510095,2024-09-03,Midwest,Window Treatments,Rep B,Inbound Call,5,479.41,2397.05,2024-09
510096,2025-01-24,Midwest,Outdoor Shades,Rep C,Referral,2,1026.89,2053.78,2025-01
510097,2025-12-16,West,Window Treatments,Rep C,Referral,3,1022.93,3068.79,2025-12
510098,2025-12-09,South,Window Treatments,Rep C,Website,5,1023.94,5119.7,2025-12
510099,2025-04-28,Midwest,Outdoor Shades,Rep E,Partner,3,355.28,1065.84,2025-04
510100,2025-06-27,Midwest,Window Treatments,Rep A,Inbound Call,3,508.84,1526.52,2025-06
510101,2025-12-14,South,Window Treatments,Rep D,Referral,1,567.09,567.09,2025-12
510102,2025-02-03,South,Smart Blinds,Rep C,Canvassing,1,918.01,918.01,2025-02
510103,2025-07-15,Midwest,Accessories,Rep D,Canvassing,3,891.95,2675.85,2025-07
510104,2024-05-30,West,Window Treatments,Rep E,Referral,4,768.71,3074.84,2024-05
510105,2025-01-28,Midwest,Accessories,Rep D,Referral,2,196.54,393.08,2025-01
510106,2025-07-05,West,Smart Blinds,Rep A,Website,3,162.84,488.52,2025-07
510107,2025-03-18,South,Smart Blinds,Rep A,Partner,2,251.69,503.38,2025-03
510108,2025-03-26,South,Window Treatments,Rep C,Inbound Call,5,1083.59,5417.95,2025-03
510109,2025-08-28,East,Window Treatments,Rep E,Inbound Call,3,261.36,784.08,2025-08
510110,2025-06-07,South,Accessories,Rep C,Website,5,1060.37,5301.85,2025-06
510111,2024-05-27,East,Window Treatments,Rep D,Partner,1,346.36,346.36,2024-05
510112,2025-06-27,South,Outdoor Shades,Rep B,Canvassing,3,247.94,743.82,2025-06
510113,2024-07-17,Midwest,Smart Blinds,Rep C,Inbound Call,2,140.87,281.74,2024-07
510114,2025-11-06,East,Smart Blinds,Rep B,Canvassing,1,776.17,776.17,2025-11
510115,2025-04-23,East,Accessories,Rep C,Partner,1,481.9,481.9,2025-04
510116,2025-06-07,East,Outdoor Shades,Rep E,Canvassing,5,921.83,4609.15,2025-06
510117,2025-11-02,Midwest,Outdoor Shades,Rep B,Partner,2,1092.39,2184.78,2025-11
510118,2024-09-18,West,Accessories,Rep E,Inbound Call,1,714.01,714.01,2024-09
510119,2024-01-31,West,Outdoor Shades,Rep E,Canvassing,2,757.53,1515.06,2024-01
510120,2025-08-26,South,Window Treatments,Rep A,Referral,2,151.75,303.5,2025-08
510121,2025-10-16,South,Outdoor Shades,Rep D,Referral,5,1013.48,5067.4,2025-10
510122,2024-08-14,West,Smart Blinds,Rep C,Referral,2,683.89,1367.78,2024-08
510123,2025-12-19,East,Outdoor Shades,Rep A,Referral,1,193.62,193.62,2025-12
510124,2024-03-21,East,Outdoor Shades,Rep A,Inbound Call,3,420.68,1262.04,2024-03
510125,2025-03-06,West,Window Treatments,Rep C,Website,1,594.02,594.02,2025-03
510126,2025-01-18,East,Window Treatments,Rep C,Referral,3,988.09,2964.27,2025-01
510127,2024-02-02,East,Window Treatments,Rep B,Website,4,1065.09,4260.36,2024-02
510128,2025-09-05,Midwest,Accessories,Rep B,Inbound Call,2,924.14,1848.28,2025-09
510129,2025-04-18,East,Window Treatments,Rep C,Canvassing,1,1075.06,1075.06,2025-04
510130,2024-12-26,West,Accessories,Rep A,Partner,5,1052.09,5260.45,2024-12
510131,2024-06-17,East,Window Treatments,Rep C,Inbound Call,4,781.76,3127.04,2024-06
510132,2024-05-17,South,Window Treatments,Rep D,Referral,3,223.73,671.19,2024-05
510133,2025-12-01,South,Smart Blinds,Rep E,Canvassing,3,978.36,2935.08,2025-12
510134,2024-09-10,West,Window Treatments,Rep E,Inbound Call,3,523.29,1569.87,2024-09
510135,2025-02-01,Midwest,Smart Blinds,Rep D,Canvassing,4,723.98,2895.92,2025-02
510136,2024-12-19,East,Window Treatments,Rep E,Inbound Call,4,1040.15,4160.6,2024-12
510137,2025-04-20,Midwest,Window Treatments,Rep C,Canvassing,3,320.5,961.5,2025-04
510138,2024-08-29,South,Accessories,Rep D,Partner,2,944.23,1888.46,2024-08
510139,2024-05-31,South,Accessories,Rep A,Partner,2,323.17,646.34,2024-05
510140,2024-12-18,South,Outdoor Shades,Rep A,Referral,4,700.98,2803.92,2024-12
510141,2025-08-03,West,Outdoor Shades,Rep A,Website,2,465.26,930.52,2025-08
510142,2024-09-02,East,Outdoor Shades,Rep E,Referral,1,361.83,361.83,2024-09
510143,2024-12-18,West,Accessories,Rep E,Partner,3,1072.67,3218.01,2024-12
510144,2025-10-05,South,Window Treatments,Rep B,Canvassing,3,183.67,551.01,2025-10
510145,2024-09-23,East,Window Treatments,Rep A,Referral,4,242.5,970.0,2024-09
510146,2025-11-16,Midwest,Accessories,Rep C,Partner,3,227.96,683.88,2025-11
510147,2025-08-15,West,Window Treatments,Rep A,Website,2,791.7,1583.4,2025-08
510148,2024-01-24,Midwest,Smart Blinds,Rep D,Inbound Call,5,258.62,1293.1,2024-01
510149,2024-02-01,East,Outdoor Shades,Rep E,Website,5,695.71,3478.55,2024-02
510150,2024-08-20,East,Window Treatments,Rep C,Website,1,517.07,517.07,2024-08
510151,2025-10-21,East,Outdoor Shades,Rep C,Inbound Call,2,293.73,587.46,2025-10
510152,2024-06-12,South,Window Treatments,Rep B,Inbound Call,4,1084.77,4339.08,2024-06
510153,2025-08-17,West,Window Treatments,Rep D,Partner,5,247.73,1238.65,2025-08
510154,2024-11-29,Midwest,Smart Blinds,Rep B,Partner,2,899.24,1798.48,2024-11
510155,2025-07-23,West,Window Treatments,Rep E,Canvassing,2,512.51,1025.02,2025-07
510156,2025-02-24,East,Window Treatments,Rep B,Inbound Call,5,456.26,2281.3,2025-02
510157,2024-02-29,South,Outdoor Shades,Rep E,Website,3,496.78,1490.34,2024-02
510158,2025-10-11,South,Window Treatments,Rep B,Website,2,1012.55,2025.1,2025-10
510159,2024-11-04,East,Accessories,Rep D,Partner,5,321.52,1607.6,2024-11
510160,2024-10-27,West,Window Treatments,Rep E,Canvassing,5,252.95,1264.75,2024-10
510161,2024-03-13,West,Window Treatments,Rep C,Inbound Call,4,508.64,2034.56,2024-03
510162,2024-04-11,East,Accessories,Rep A,Inbound Call,3,1061.0,3183.0,2024-04
510163,2025-09-25,West,Outdoor Shades,Rep C,Inbound Call,5,740.17,3700.85,2025-09
510164,2025-01-25,East,Smart Blinds,Rep E,Canvassing,4,962.58,3850.32,2025-01
510165,2024-11-14,West,Outdoor Shades,Rep C,Inbound Call,1,793.46,793.46,2024-11
510166,2025-08-10,East,Smart Blinds,Rep E,Referral,5,872.49,4362.45,2025-08
510167,2024-03-06,South,Window Treatments,Rep A,Inbound Call,2,783.82,1567.64,2024-03
510168,2024-01-06,South,Window Treatments,Rep B,Canvassing,1,224.4,224.4,2024-01
510169,2025-10-28,West,Accessories,Rep A,Partner,3,904.58,2713.74,2025-10
510170,2025-10-07,South,Outdoor Shades,Rep B,Partner,4,128.95,515.8,2025-10
510171,2024-08-01,West,Accessories,Rep A,Referral,2,427.85,855.7,2024-08
510172,2025-09-10,South,Window Treatments,Rep D,Referral,5,1004.18,5020.9,2025-09
510173,2025-07-16,East,Accessories,Rep C,Partner,5,709.44,3547.2,2025-07
510174,2025-05-10,South,Accessories,Rep E,Referral,3,421.08,1263.24,2025-05
510175,2025-09-18,Midwest,Window Treatments,Rep A,Inbound Call,2,1010.27,2020.54,2025-09
510176,2025-03-18,West,Accessories,Rep E,Website,4,395.08,1580.32,2025-03
510177,2025-05-21,Midwest,Window Treatments,Rep E,Inbound Call,4,241.13,964.52,2025-05
510178,2025-07-12,West,Accessories,Rep A,Website,5,784.19,3920.95,2025-07
510179,2025-05-21,West,Window Treatments,Rep B,Inbound Call,2,1026.52,2053.04,2025-05
510180,2024-03-08,Midwest,Accessories,Rep D,Website,3,833.77,2501.31,2024-03
510181,2025-11-08,South,Window Treatments,Rep A,Inbound Call,4,199.13,796.52,2025-11
510182,2025-05-22,West,Window Treatments,Rep C,Canvassing,2,396.64,793.28,2025-05
510183,2025-07-25,Midwest,Smart Blinds,Rep B,Partner,2,192.92,385.84,2025-07
510184,2025-01-29,East,Window Treatments,Rep E,Partner,1,431.33,431.33,2025-01
510185,2025-01-31,East,Smart Blinds,Rep E,Inbound Call,3,500.77,1502.31,2025-01
510186,2025-12-27,West,Window Treatments,Rep C,Website,4,941.53,3766.12,2025-12
510187,2024-12-08,West,Outdoor Shades,Rep C,Partner,1,924.92,924.92,2024-12
510188,2024-06-01,South,Smart Blinds,Rep B,Partner,4,139.36,557.44,2024-06
510189,2024-06-26,East,Outdoor Shades,Rep E,Website,2,973.5,1947.0,2024-06
510190,2025-07-02,Midwest,Window Treatments,Rep C,Referral,2,574.03,1148.06,2025-07
510191,2025-06-06,East,Accessories,Rep B,Website,1,902.12,902.12,2025-06
510192,2025-02-15,East,Smart Blinds,Rep E,Inbound Call,5,679.68,3398.4,2025-02
510193,2024-10-06,South,Smart Blinds,Rep C,Referral,2,805.1,1610.2,2024-10
510194,2025-11-26,Midwest,Outdoor Shades,Rep A,Website,3,571.91,1715.73,2025-11
510195,2024-11-24,West,Window Treatments,Rep E,Inbound Call,4,846.78,3387.12,2024-11
510196,2024-08-08,South,Smart Blinds,Rep C,Referral,5,124.87,624.35,2024-08
510197,2025-06-07,East,Smart Blinds,Rep B,Inbound Call,1,667.0,667.0,2025-06
510198,2025-05-22,East,Smart Blinds,Rep E,Inbound Call,3,420.36,1261.08,2025-05
510199,2024-07-04,South,Smart Blinds,Rep E,Referral,3,423.16,1269.48,2024-07
510200,2024-08-10,West,Outdoor Shades,Rep B,Canvassing,5,632.97,3164.85,2024-08
510201,2025-07-21,West,Window Treatments,Rep D,Canvassing,4,347.25,1389.0,2025-07
510202,2024-08-14,South,Outdoor Shades,Rep E,Inbound Call,5,321.76,1608.8,2024-08
510203,2024-07-25,East,Smart Blinds,Rep A,Partner,5,825.41,4127.05,2024-07
510204,2024-05-24,South,Outdoor Shades,Rep C,Inbound Call,4,1079.24,4316.96,2024-05
510205,2024-02-29,Midwest,Outdoor Shades,Rep B,Inbound Call,3,589.69,1769.07,2024-02
510206,2025-07-04,South,Smart Blinds,Rep A,Referral,3,1085.04,3255.12,2025-07
510207,2025-02-14,West,Outdoor Shades,Rep C,Referral,1,685.57,685.57,2025-02
510208,2025-10-10,Midwest,Accessories,Rep E,Website,2,355.06,710.12,2025-10
510209,2024-09-29,East,Outdoor Shades,Rep E,Inbound Call,5,1093.28,5466.4,2024-09
510210,2024-10-18,South,Window Treatments,Rep B,Partner,1,582.19,582.19,2024-10
510211,2025-10-28,South,Smart Blinds,Rep E,Canvassing,2,446.09,892.18,2025-10
510212,2025-03-02,Midwest,Outdoor Shades,Rep C,Inbound Call,1,291.69,291.69,2025-03
510213,2024-03-14,East,Window Treatments,Rep C,Inbound Call,2,717.39,1434.78,2024-03
510214,2024-01-26,West,Outdoor Shades,Rep A,Partner,1,589.33,589.33,2024-01
510215,2024-03-11,South,Window Treatments,Rep E,Canvassing,2,519.44,1038.88,2024-03
510216,2024-08-22,South,Accessories,Rep D,Partner,2,219.22,438.44,2024-08
510217,2025-05-23,East,Accessories,Rep B,Partner,2,702.77,1405.54,2025-05
510218,2024-07-29,Midwest,Outdoor Shades,Rep D,Canvassing,3,399.25,1197.75,2024-07
510219,2024-02-04,East,Outdoor Shades,Rep A,Canvassing,2,807.48,1614.96,2024-02
510220,2024-01-02,East,Smart Blinds,Rep B,Canvassing,5,163.15,815.75,2024-01
510221,2025-01-06,East,Smart Blinds,Rep B,Partner,3,233.26,699.78,2025-01
510222,2024-02-15,Midwest,Smart Blinds,Rep D,Canvassing,5,986.8,4934.0,2024-02
510223,2024-03-02,South,Smart Blinds,Rep B,Inbound Call,4,1011.89,4047.56,2024-03
510224,2024-09-10,West,Outdoor Shades,Rep C,Website,1,264.47,264.47,2024-09
510225,2025-06-10,Midwest,Window Treatments,Rep D,Inbound Call,4,1095.24,4380.96,2025-06
510226,2024-09-14,South,Window Treatments,Rep C,Partner,3,661.71,1985.13,2024-09
510227,2025-12-08,Midwest,Outdoor Shades,Rep E,Partner,5,456.18,2280.9,2025-12
510228,2024-09-09,East,Accessories,Rep C,Website,3,455.52,1366.56,2024-09
510229,2025-07-28,West,Outdoor Shades,Rep A,Canvassing,1,232.02,232.02,2025-07
510230,2025-11-12,West,Window Treatments,Rep B,Referral,2,694.04,1388.08,2025-11
510231,2025-11-27,West,Window Treatments,Rep A,Canvassing,5,552.35,2761.75,2025-11
510232,2025-07-11,East,Window Treatments,Rep D,Website,2,946.51,1893.02,2025-07
510233,2024-10-19,West,Window Treatments,Rep E,Website,4,857.9,3431.6,2024-10
510234,2025-01-05,West,Window Treatments,Rep B,Inbound Call,5,900.98,4504.9,2025-01
510235,2025-10-31,Midwest,Outdoor Shades,Rep C,Canvassing,5,124.0,620.0,2025-10
510236,2024-05-08,South,Window Treatments,Rep B,Referral,4,665.71,2662.84,2024-05
510237,2024-11-02,South,Smart Blinds,Rep A,Inbound Call,5,527.61,2638.05,2024-11
510238,2025-03-06,South,Outdoor Shades,Rep C,Canvassing,5,828.02,4140.1,2025-03
510239,2024-11-26,South,Smart Blinds,Rep B,Partner,1,721.45,721.45,2024-11
510240,2025-09-27,West,Outdoor Shades,Rep C,Partner,5,968.87,4844.35,2025-09
510241,2024-11-01,West,Smart Blinds,Rep E,Inbound Call,4,1065.42,4261.68,2024-11
510242,2025-06-19,Midwest,Outdoor Shades,Rep D,Partner,4,414.03,1656.12,2025-06
510243,2025-01-05,West,Smart Blinds,Rep D,Inbound Call,2,1019.24,2038.48,2025-01
510244,2024-10-30,Midwest,Window Treatments,Rep D,Inbound Call,3,415.76,1247.28,2024-10
510245,2025-11-26,Midwest,Smart Blinds,Rep C,Website,2,463.41,926.82,2025-11
510246,2024-12-22,West,Window Treatments,Rep A,Partner,5,838.97,4194.85,2024-12
510247,2025-04-21,Midwest,Accessories,Rep D,Website,1,357.93,357.93,2025-04
510248,2025-03-09,South,Window Treatments,Rep D,Website,4,841.15,3364.6,2025-03
510249,2025-04-07,Midwest,Outdoor Shades,Rep C,Canvassing,2,623.95,1247.9,2025-04
510250,2024-03-14,East,Accessories,Rep A,Referral,1,635.1,635.1,2024-03
510251,2024-12-02,South,Window Treatments,Rep E,Partner,4,380.04,1520.16,2024-12
510252,2024-04-14,Midwest,Accessories,Rep D,Canvassing,4,1060.67,4242.68,2024-04
510253,2024-04-22,South,Outdoor Shades,Rep D,Referral,4,193.11,772.44,2024-04
510254,2025-12-03,South,Accessories,Rep B,Inbound Call,5,431.09,2155.45,2025-12
510255,2024-05-04,South,Accessories,Rep E,Inbound Call,1,496.04,496.04,2024-05
510256,2024-02-18,West,Smart Blinds,Rep C,Inbound Call,5,928.15,4640.75,2024-02
510257,2024-02-24,West,Smart Blinds,Rep D,Canvassing,5,205.4,1027.0,2024-02
510258,2025-05-10,West,Smart Blinds,Rep B,Website,1,602.86,602.86,2025-05
510259,2024-05-17,South,Outdoor Shades,Rep D,Website,5,890.78,4453.9,2024-05
510260,2024-02-15,Midwest,Window Treatments,Rep B,Inbound Call,1,433.91,433.91,2024-02
510261,2024-05-24,South,Smart Blinds,Rep A,Referral,1,230.19,230.19,2024-05
510262,2024-04-24,South,Window Treatments,Rep A,Inbound Call,2,408.83,817.66,2024-04
510263,2025-12-26,South,Outdoor Shades,Rep B,Partner,1,1012.88,1012.88,2025-12
510264,2024-11-02,West,Outdoor Shades,Rep C,Referral,1,435.34,435.34,2024-11
510265,2025-03-28,Midwest,Accessories,Rep A,Canvassing,2,217.63,435.26,2025-03
510266,2025-02-08,Midwest,Smart Blinds,Rep C,Referral,4,859.83,3439.32,2025-02
510267,2025-08-31,East,Smart Blinds,Rep C,Inbound Call,4,910.25,3641.0,2025-08
510268,2025-03-25,South,Window Treatments,Rep B,Inbound Call,2,145.04,290.08,2025-03
510269,2024-04-16,Midwest,Accessories,Rep E,Canvassing,1,370.41,370.41,2024-04
510270,2025-10-15,West,Smart Blinds,Rep D,Website,1,865.98,865.98,2025-10
510271,2025-04-23,South,Window Treatments,Rep D,Canvassing,4,1060.85,4243.4,2025-04
510272,2025-08-25,South,Smart Blinds,Rep E,Partner,1,503.47,503.47,2025-08
510273,2025-10-07,West,Smart Blinds,Rep E,Canvassing,5,947.07,4735.35,2025-10
510274,2024-11-03,East,Window Treatments,Rep A,Partner,5,390.42,1952.1,2024-11
510275,2024-09-13,East,Window Treatments,Rep D,Website,2,319.93,639.86,2024-09
510276,2024-01-29,East,Window Treatments,Rep B,Inbound Call,3,785.94,2357.82,2024-01
510277,2024-07-23,East,Outdoor Shades,Rep E,Partner,4,943.18,3772.72,2024-07
510278,2025-10-01,South,Window Treatments,Rep D,Canvassing,1,304.88,304.88,2025-10
510279,2025-11-12,Midwest,Window Treatments,Rep D,Partner,1,943.61,943.61,2025-11
510280,2024-01-16,Midwest,Outdoor Shades,Rep C,Website,1,201.99,201.99,2024-01
510281,2024-07-22,Midwest,Accessories,Rep D,Canvassing,2,889.99,1779.98,2024-07
510282,2025-11-10,East,Smart Blinds,Rep D,Canvassing,3,528.99,1586.97,2025-11
510283,2025-02-17,South,Outdoor Shades,Rep E,Referral,1,907.58,907.58,2025-02
510284,2025-06-27,Midwest,Window Treatments,Rep A,Website,3,661.43,1984.29,2025-06
510285,2024-04-27,West,Outdoor Shades,Rep D,Referral,2,558.96,1117.92,2024-04
510286,2024-08-18,East,Accessories,Rep B,Canvassing,5,845.58,4227.9,2024-08
510287,2024-10-18,Midwest,Smart Blinds,Rep D,Canvassing,1,957.89,957.89,2024-10
510288,2024-11-23,East,Window Treatments,Rep D,Website,1,344.96,344.96,2024-11
510289,2024-01-01,South,Smart Blinds,Rep D,Website,5,523.05,2615.25,2024-01
510290,2024-08-09,South,Smart Blinds,Rep E,Canvassing,2,632.47,1264.94,2024-08
510291,2025-10-13,East,Smart Blinds,Rep C,Website,3,869.35,2608.05,2025-10
510292,2025-10-12,South,Window Treatments,Rep E,Canvassing,2,853.69,1707.38,2025-10
510293,2024-07-21,Midwest,Window Treatments,Rep C,Referral,2,519.43,1038.86,2024-07
510294,2025-03-11,East,Smart Blinds,Rep D,Canvassing,2,871.2,1742.4,2025-03
510295,2025-04-23,East,Outdoor Shades,Rep C,Referral,4,1002.16,4008.64,2025-04
510296,2024-03-04,South,Accessories,Rep A,Referral,2,754.47,1508.94,2024-03
510297,2025-09-28,Midwest,Window Treatments,Rep E,Inbound Call,3,590.57,1771.71,2025-09
510298,2024-11-29,Midwest,Window Treatments,Rep D,Partner,2,368.53,737.06,2024-11
510299,2024-11-18,Midwest,Accessories,Rep C,Canvassing,3,370.35,1111.05,2024-11
510300,2024-12-02,East,Window Treatments,Rep A,Website,5,378.71,1893.55,2024-12
510301,2024-09-05,Midwest,Outdoor Shades,Rep B,Website,5,891.07,4455.35,2024-09
510302,2025-04-20,West,Outdoor Shades,Rep D,Referral,5,459.33,2296.65,2025-04
510303,2024-04-22,West,Smart Blinds,Rep E,Partner,3,167.16,501.48,2024-04
510304,2024-10-24,East,Outdoor Shades,Rep B,Website,1,207.42,207.42,2024-10
510305,2025-12-05,Midwest,Outdoor Shades,Rep A,Canvassing,3,303.91,911.73,2025-12
510306,2024-04-03,South,Window Treatments,Rep E,Referral,1,959.59,959.59,2024-04
510307,2025-02-22,South,Window Treatments,Rep D,Referral,1,529.64,529.64,2025-02
510308,2024-11-26,West,Outdoor Shades,Rep A,Canvassing,4,906.45,3625.8,2024-11
510309,2024-03-22,West,Smart Blinds,Rep A,Partner,3,520.48,1561.44,2024-03
510310,2024-03-23,West,Smart Blinds,Rep B,Partner,5,391.69,1958.45,2024-03
510311,2024-11-23,West,Smart Blinds,Rep E,Website,3,713.66,2140.98,2024-11
510312,2024-07-15,Midwest,Outdoor Shades,Rep E,Website,4,853.68,3414.72,2024-07
510313,2025-04-24,Midwest,Window Treatments,Rep C,Referral,3,189.74,569.22,2025-04
510314,2024-07-25,West,Window Treatments,Rep C,Canvassing,1,267.15,267.15,2024-07
510315,2024-02-03,South,Smart Blinds,Rep D,Inbound Call,4,687.63,2750.52,2024-02
510316,2025-10-13,South,Outdoor Shades,Rep A,Canvassing,3,889.35,2668.05,2025-10
510317,2024-01-08,South,Smart Blinds,Rep A,Partner,2,462.41,924.82,2024-01
510318,2024-10-09,West,Smart Blinds,Rep A,Partner,5,197.15,985.75,2024-10
510319,2025-07-23,Midwest,Smart Blinds,Rep E,Website,4,842.58,3370.32,2025-07
510320,2025-04-28,South,Window Treatments,Rep C,Canvassing,3,413.15,1239.45,2025-04
510321,2024-02-18,West,Smart Blinds,Rep E,Canvassing,5,120.21,601.05,2024-02
510322,2024-07-02,South,Window Treatments,Rep D,Website,4,435.28,1741.12,2024-07
510323,2024-06-19,East,Window Treatments,Rep A,Inbound Call,2,222.33,444.66,2024-06
510324,2025-06-12,East,Accessories,Rep D,Website,3,989.2,2967.6,2025-06
510325,2025-01-19,East,Accessories,Rep A,Website,5,611.45,3057.25,2025-01
510326,2025-09-02,South,Smart Blinds,Rep E,Partner,2,568.52,1137.04,2025-09
510327,2025-05-15,West,Outdoor Shades,Rep C,Partner,4,1068.28,4273.12,2025-05
510328,2024-12-01,West,Smart Blinds,Rep A,Partner,2,229.21,458.42,2024-12
510329,2025-10-26,Midwest,Window Treatments,Rep C,Canvassing,1,828.21,828.21,2025-10
510330,2025-07-21,South,Window Treatments,Rep E,Canvassing,2,1053.91,2107.82,2025-07
510331,2025-02-27,Midwest,Window Treatments,Rep A,Referral,4,955.86,3823.44,2025-02
510332,2025-09-10,West,Window Treatments,Rep E,Canvassing,3,842.19,2526.57,2025-09
510333,2024-04-15,West,Window Treatments,Rep C,Canvassing,4,942.54,3770.16,2024-04
510334,2024-02-11,Midwest,Window Treatments,Rep C,Partner,2,832.0,1664.0,2024-02
510335,2024-12-13,South,Smart Blinds,Rep D,Referral,5,285.47,1427.35,2024-12
510336,2024-07-22,West,Outdoor Shades,Rep E,Referral,4,797.34,3189.36,2024-07
510337,2025-07-20,West,Window Treatments,Rep C,Referral,3,1042.44,3127.32,2025-07
510338,2025-02-02,West,Outdoor Shades,Rep E,Referral,2,607.4,1214.8,2025-02
510339,2025-10-03,East,Window Treatments,Rep A,Canvassing,5,1003.04,5015.2,2025-10
510340,2025-05-13,South,Smart Blinds,Rep A,Website,1,367.95,367.95,2025-05
510341,2025-10-31,West,Window Treatments,Rep A,Website,5,914.36,4571.8,2025-10
510342,2024-07-27,South,Outdoor Shades,Rep A,Inbound Call,1,255.49,255.49,2024-07
510343,2024-11-30,South,Window Treatments,Rep B,Website,1,216.54,216.54,2024-11
510344,2025-10-05,West,Outdoor Shades,Rep C,Partner,3,684.5,2053.5,2025-10
510345,2024-06-28,West,Outdoor Shades,Rep B,Canvassing,4,792.0,3168.0,2024-06
510346,2025-06-16,Midwest,Window Treatments,Rep D,Canvassing,5,646.14,3230.7,2025-06
510347,2025-04-22,West,Window Treatments,Rep D,Referral,3,721.57,2164.71,2025-04
510348,2025-04-08,East,Accessories,Rep B,Partner,3,732.53,2197.59,2025-04
510349,2025-05-12,South,Accessories,Rep B,Inbound Call,1,712.34,712.34,2025-05
510350,2025-06-22,West,Window Treatments,Rep C,Website,4,906.33,3625.32,2025-06
510351,2025-02-20,East,Accessories,Rep C,Canvassing,1,512.89,512.89,2025-02
510352,2025-03-03,East,Window Treatments,Rep B,Canvassing,2,757.74,1515.48,2025-03
510353,2024-05-27,Midwest,Outdoor Shades,Rep B,Inbound Call,1,931.75,931.75,2024-05
510354,2025-03-04,Midwest,Outdoor Shades,Rep B,Inbound Call,3,292.29,876.87,2025-03
510355,2025-02-21,South,Outdoor Shades,Rep C,Canvassing,5,1040.17,5200.85,2025-02
510356,2025-09-24,South,Window Treatments,Rep B,Website,3,801.82,2405.46,2025-09
510357,2025-02-05,Midwest,Smart Blinds,Rep D,Referral,3,561.59,1684.77,2025-02
510358,2025-03-06,South,Window Treatments,Rep D,Referral,5,991.97,4959.85,2025-03
510359,2025-07-14,South,Window Treatments,Rep A,Partner,1,462.63,462.63,2025-07
510360,2025-12-13,South,Smart Blinds,Rep B,Referral,4,766.37,3065.48,2025-12
510361,2024-09-01,Midwest,Accessories,Rep D,Partner,3,298.72,896.16,2024-09
510362,2024-01-19,Midwest,Smart Blinds,Rep B,Referral,2,790.08,1580.16,2024-01
510363,2024-08-01,West,Outdoor Shades,Rep D,Canvassing,5,178.19,890.95,2024-08
510364,2024-07-18,South,Outdoor Shades,Rep D,Website,4,338.82,1355.28,2024-07
510365,2024-06-28,South,Accessories,Rep B,Partner,1,435.69,435.69,2024-06
510366,2024-10-03,South,Window Treatments,Rep D,Partner,4,734.56,2938.24,2024-10
510367,2025-09-18,Midwest,Outdoor Shades,Rep D,Inbound Call,4,424.42,1697.68,2025-09
510368,2024-01-27,South,Window Treatments,Rep E,Website,1,982.97,982.97,2024-01
510369,2024-05-09,Midwest,Smart Blinds,Rep B,Inbound Call,1,974.22,974.22,2024-05
510370,2024-12-08,Midwest,Window Treatments,Rep A,Canvassing,2,1023.69,2047.38,2024-12
510371,2024-10-17,South,Smart Blinds,Rep E,Inbound Call,5,492.55,2462.75,2024-10
510372,2025-10-23,Midwest,Window Treatments,Rep C,Referral,2,456.28,912.56,2025-10
510373,2025-02-07,West,Smart Blinds,Rep A,Referral,4,478.46,1913.84,2025-02
510374,2024-04-06,East,Accessories,Rep B,Website,2,800.69,1601.38,2024-04
510375,2024-11-20,Midwest,Outdoor Shades,Rep C,Inbound Call,3,989.79,2969.37,2024-11
510376,2025-01-31,West,Accessories,Rep E,Referral,2,417.63,835.26,2025-01
510377,2024-09-27,Midwest,Window Treatments,Rep E,Website,4,696.79,2787.16,2024-09
510378,2025-05-11,West,Accessories,Rep D,Referral,5,593.6,2968.0,2025-05
510379,2025-08-29,Midwest,Window Treatments,Rep E,Referral,1,1086.77,1086.77,2025-08
510380,2024-03-20,East,Window Treatments,Rep D,Referral,3,965.79,2897.37,2024-03
510381,2025-09-19,South,Outdoor Shades,Rep D,Referral,3,919.75,2759.25,2025-09
510382,2024-11-17,West,Outdoor Shades,Rep E,Website,1,847.7,847.7,2024-11
510383,2025-07-21,South,Window Treatments,Rep E,Referral,3,478.79,1436.37,2025-07
510384,2025-10-13,East,Window Treatments,Rep B,Website,5,846.22,4231.1,2025-10
510385,2025-07-22,Midwest,Smart Blinds,Rep A,Website,3,458.91,1376.73,2025-07
510386,2025-02-23,Midwest,Outdoor Shades,Rep D,Canvassing,3,371.9,1115.7,2025-02
510387,2024-04-19,Midwest,Smart Blinds,Rep B,Partner,1,469.19,469.19,2024-04
510388,2025-02-12,West,Outdoor Shades,Rep A,Inbound Call,1,907.73,907.73,2025-02
510389,2025-10-15,East,Outdoor Shades,Rep A,Inbound Call,5,454.07,2270.35,2025-10
510390,2024-10-25,West,Window Treatments,Rep E,Partner,1,404.35,404.35,2024-10
510391,2024-02-12,East,Window Treatments,Rep E,Inbound Call,5,242.35,1211.75,2024-02
510392,2024-09-04,East,Window Treatments,Rep C,Canvassing,5,1059.86,5299.3,2024-09
510393,2024-03-20,South,Accessories,Rep E,Referral,3,245.63,736.89,2024-03
510394,2025-03-12,Midwest,Accessories,Rep B,Canvassing,1,376.2,376.2,2025-03
510395,2025-07-07,West,Window Treatments,Rep C,Website,4,796.33,3185.32,2025-07
510396,2025-03-24,West,Smart Blinds,Rep B,Website,5,375.1,1875.5,2025-03
510397,2024-09-03,Midwest,Window Treatments,Rep A,Canvassing,5,471.62,2358.1,2024-09
510398,2024-06-28,Midwest,Window Treatments,Rep D,Referral,5,470.92,2354.6,2024-06
510399,2025-03-01,West,Smart Blinds,Rep D,Referral,5,1026.57,5132.85,2025-03
510400,2024-09-17,South,Smart Blinds,Rep B,Website,3,926.05,2778.15,2024-09
510401,2025-01-03,South,Smart Blinds,Rep D,Website,5,357.74,1788.7,2025-01
510402,2024-06-24,South,Accessories,Rep E,Canvassing,5,807.29,4036.45,2024-06
510403,2025-08-19,East,Window Treatments,Rep B,Referral,3,1099.05,3297.15,2025-08
510404,2024-02-09,South,Accessories,Rep D,Website,1,899.31,899.31,2024-02
510405,2025-11-21,Midwest,Window Treatments,Rep B,Canvassing,1,151.53,151.53,2025-11
510406,2025-05-31,East,Window Treatments,Rep E,Inbound Call,5,788.85,3944.25,2025-05
510407,2024-09-21,South,Window Treatments,Rep B,Canvassing,5,280.48,1402.4,2024-09
510408,2024-07-17,Midwest,Window Treatments,Rep E,Partner,5,342.58,1712.9,2024-07
510409,2025-08-14,East,Window Treatments,Rep E,Partner,2,483.16,966.32,2025-08
510410,2024-08-29,East,Smart Blinds,Rep A,Referral,1,799.74,799.74,2024-08
510411,2024-12-23,South,Window Treatments,Rep E,Canvassing,4,976.9,3907.6,2024-12
510412,2024-05-09,South,Window Treatments,Rep A,Referral,2,768.98,1537.96,2024-05
510413,2024-09-08,West,Outdoor Shades,Rep A,Inbound Call,1,560.88,560.88,2024-09
510414,2025-05-14,West,Smart Blinds,Rep D,Canvassing,3,848.55,2545.65,2025-05
510415,2025-10-19,South,Window Treatments,Rep D,Partner,5,338.09,1690.45,2025-10
510416,2025-12-27,West,Window Treatments,Rep A,Website,4,406.18,1624.72,2025-12
510417,2024-02-05,East,Smart Blinds,Rep B,Referral,1,400.89,400.89,2024-02
510418,2024-05-02,South,Outdoor Shades,Rep E,Website,5,213.04,1065.2,2024-05
510419,2025-08-12,West,Window Treatments,Rep D,Partner,1,345.71,345.71,2025-08
510420,2025-11-27,East,Smart Blinds,Rep B,Inbound Call,3,820.59,2461.77,2025-11
510421,2024-11-11,East,Accessories,Rep B,Canvassing,3,412.65,1237.95,2024-11
510422,2025-06-22,West,Window Treatments,Rep C,Canvassing,2,934.19,1868.38,2025-06
510423,2024-09-27,Midwest,Outdoor Shades,Rep E,Referral,5,708.71,3543.55,2024-09
510424,2024-02-16,Midwest,Window Treatments,Rep C,Canvassing,3,136.38,409.14,2024-02
510425,2024-01-22,Midwest,Outdoor Shades,Rep C,Partner,4,541.53,2166.12,2024-01
510426,2024-04-22,South,Window Treatments,Rep A,Inbound Call,2,476.4,952.8,2024-04
510427,2025-02-15,East,Window Treatments,Rep A,Website,1,245.91,245.91,2025-02
510428,2025-01-01,West,Outdoor Shades,Rep A,Referral,4,707.4,2829.6,2025-01
510429,2024-09-10,Midwest,Accessories,Rep E,Referral,5,762.68,3813.4,2024-09
510430,2025-10-29,South,Outdoor Shades,Rep D,Canvassing,2,574.28,1148.56,2025-10
510431,2025-12-23,Midwest,Outdoor Shades,Rep C,Referral,1,525.27,525.27,2025-12
510432,2025-12-04,West,Window Treatments,Rep C,Referral,3,343.27,1029.81,2025-12
510433,2024-05-17,Midwest,Window Treatments,Rep D,Referral,4,203.89,815.56,2024-05
510434,2025-11-04,East,Window Treatments,Rep D,Canvassing,4,834.57,3338.28,2025-11
510435,2024-08-25,East,Window Treatments,Rep D,Canvassing,5,1054.08,5270.4,2024-08
510436,2024-01-30,West,Window Treatments,Rep C,Website,4,122.01,488.04,2024-01
510437,2025-12-30,West,Accessories,Rep E,Partner,5,377.96,1889.8,2025-12
510438,2024-08-02,West,Outdoor Shades,Rep E,Canvassing,3,241.79,725.37,2024-08
510439,2024-01-31,East,Window Treatments,Rep E,Website,2,417.69,835.38,2024-01
510440,2024-05-14,West,Window Treatments,Rep C,Website,3,257.45,772.35,2024-05
510441,2025-10-30,Midwest,Window Treatments,Rep B,Canvassing,2,825.54,1651.08,2025-10
510442,2024-03-08,East,Window Treatments,Rep D,Referral,5,945.31,4726.55,2024-03
510443,2025-02-16,East,Outdoor Shades,Rep B,Website,4,830.1,3320.4,2025-02
510444,2025-12-09,West,Accessories,Rep C,Partner,1,250.45,250.45,2025-12
510445,2025-03-06,South,Window Treatments,Rep D,Inbound Call,3,320.76,962.28,2025-03
510446,2024-06-11,Midwest,Accessories,Rep B,Website,2,277.17,554.34,2024-06
510447,2025-02-19,East,Smart Blinds,Rep D,Website,2,558.05,1116.1,2025-02
510448,2024-09-21,West,Smart Blinds,Rep D,Inbound Call,2,400.86,801.72,2024-09
510449,2024-02-14,Midwest,Window Treatments,Rep B,Referral,3,485.01,1455.03,2024-02
510450,2025-06-01,East,Outdoor Shades,Rep A,Canvassing,3,734.01,2202.03,2025-06
510451,2024-10-19,West,Window Treatments,Rep D,Referral,2,404.49,808.98,2024-10
510452,2025-05-15,Midwest,Accessories,Rep B,Website,5,536.39,2681.95,2025-05
510453,2024-05-19,East,Accessories,Rep C,Referral,1,929.01,929.01,2024-05
510454,2024-08-30,East,Accessories,Rep D,Canvassing,1,178.48,178.48,2024-08
510455,2025-04-19,East,Smart Blinds,Rep E,Referral,5,855.39,4276.95,2025-04
510456,2025-09-22,South,Window Treatments,Rep E,Canvassing,2,930.75,1861.5,2025-09
510457,2024-10-27,West,Outdoor Shades,Rep D,Canvassing,2,492.59,985.18,2024-10
510458,2025-07-04,South,Accessories,Rep E,Partner,5,1021.18,5105.9,2025-07
510459,2024-06-25,Midwest,Accessories,Rep A,Referral,5,854.37,4271.85,2024-06
510460,2025-01-10,West,Window Treatments,Rep E,Referral,3,576.33,1728.99,2025-01
510461,2024-12-06,South,Outdoor Shades,Rep E,Canvassing,5,560.93,2804.65,2024-12
510462,2024-03-16,South,Accessories,Rep A,Partner,4,586.33,2345.32,2024-03
510463,2025-09-05,East,Accessories,Rep D,Website,5,564.03,2820.15,2025-09
510464,2024-02-17,East,Smart Blinds,Rep D,Referral,3,425.77,1277.31,2024-02
510465,2024-07-17,West,Outdoor Shades,Rep C,Partner,1,319.3,319.3,2024-07
510466,2024-08-28,West,Accessories,Rep C,Inbound Call,3,740.03,2220.09,2024-08
510467,2025-09-11,South,Smart Blinds,Rep D,Partner,1,483.41,483.41,2025-09
510468,2024-12-02,Midwest,Smart Blinds,Rep C,Inbound Call,5,263.16,1315.8,2024-12
510469,2024-05-23,South,Outdoor Shades,Rep D,Canvassing,3,645.98,1937.94,2024-05
510470,2025-03-08,South,Outdoor Shades,Rep C,Inbound Call,2,1034.91,2069.82,2025-03
510471,2025-11-02,South,Outdoor Shades,Rep D,Inbound Call,5,790.71,3953.55,2025-11
510472,2025-12-08,West,Window Treatments,Rep B,Inbound Call,1,1041.54,1041.54,2025-12
510473,2025-10-06,South,Smart Blinds,Rep E,Inbound Call,2,838.03,1676.06,2025-10
510474,2024-07-11,Midwest,Outdoor Shades,Rep D,Referral,5,815.03,4075.15,2024-07
510475,2025-07-12,Midwest,Window Treatments,Rep B,Canvassing,1,830.09,830.09,2025-07
510476,2025-08-22,West,Window Treatments,Rep A,Inbound Call,2,1007.35,2014.7,2025-08
510477,2024-06-19,Midwest,Smart Blinds,Rep D,Website,4,477.46,1909.84,2024-06
510478,2025-07-08,East,Accessories,Rep E,Website,2,944.76,1889.52,2025-07
510479,2024-06-12,West,Outdoor Shades,Rep B,Website,4,507.98,2031.92,2024-06
510480,2024-07-05,South,Window Treatments,Rep A,Inbound Call,1,207.68,207.68,2024-07
510481,2024-11-03,West,Window Treatments,Rep E,Referral,3,1000.23,3000.69,2024-11
510482,2025-08-11,South,Window Treatments,Rep B,Inbound Call,2,289.08,578.16,2025-08
510483,2024-04-22,West,Accessories,Rep B,Partner,1,259.32,259.32,2024-04
510484,2024-06-01,East,Window Treatments,Rep D,Referral,2,951.95,1903.9,2024-06
510485,2025-04-14,West,Smart Blinds,Rep E,Canvassing,1,811.23,811.23,2025-04
510486,2025-01-09,South,Outdoor Shades,Rep D,Inbound Call,2,727.45,1454.9,2025-01
510487,2025-02-13,Midwest,Window Treatments,Rep D,Partner,4,906.04,3624.16,2025-02
510488,2025-02-26,Midwest,Window Treatments,Rep B,Website,2,498.06,996.12,2025-02
510489,2024-01-15,East,Window Treatments,Rep A,Referral,4,848.56,3394.24,2024-01
510490,2024-01-15,East,Outdoor Shades,Rep D,Inbound Call,1,377.33,377.33,2024-01
510491,2025-06-08,Midwest,Window Treatments,Rep A,Website,3,712.32,2136.96,2025-06
510492,2024-12-29,South,Outdoor Shades,Rep E,Referral,5,470.3,2351.5,2024-12
510493,2024-01-29,South,Window Treatments,Rep E,Canvassing,4,557.22,2228.88,2024-01
510494,2025-04-08,Midwest,Smart Blinds,Rep A,Partner,4,854.13,3416.52,2025-04
510495,2024-08-31,Midwest,Window Treatments,Rep E,Inbound Call,5,796.26,3981.3,2024-08
510496,2025-05-04,South,Accessories,Rep B,Referral,3,1044.15,3132.45,2025-05
510497,2025-12-15,West,Window Treatments,Rep A,Website,2,365.82,731.64,2025-12
510498,2024-04-09,West,Accessories,Rep E,Inbound Call,4,711.37,2845.48,2024-04
510499,2024-05-10,South,Window Treatments,Rep C,Inbound Call,1,146.87,146.87,2024-05
510500,2024-05-28,East,Smart Blinds,Rep C,Partner,1,266.54,266.54,2024-05
510501,2024-07-11,South,Window Treatments,Rep D,Inbound Call,2,1045.75,2091.5,2024-07
510502,2024-02-10,Midwest,Window Treatments,Rep B,Website,3,1044.15,3132.45,2024-02
510503,2025-02-06,Midwest,Window Treatments,Rep D,Inbound Call,1,420.67,420.67,2025-02
510504,2024-04-21,West,Accessories,Rep C,Partner,5,828.69,4143.45,2024-04
510505,2024-03-16,West,Outdoor Shades,Rep D,Inbound Call,4,636.61,2546.44,2024-03
510506,2024-12-03,West,Outdoor Shades,Rep D,Canvassing,2,976.38,1952.76,2024-12
510507,2024-03-04,East,Smart Blinds,Rep A,Referral,2,1015.76,2031.52,2024-03
510508,2025-03-14,East,Window Treatments,Rep C,Partner,2,749.59,1499.18,2025-03
510509,2024-08-22,Midwest,Window Treatments,Rep E,Canvassing,2,657.9,1315.8,2024-08
510510,2024-02-15,East,Outdoor Shades,Rep C,Partner,4,846.17,3384.68,2024-02
510511,2024-05-31,East,Window Treatments,Rep E,Partner,4,967.71,3870.84,2024-05
510512,2025-11-10,East,Accessories,Rep B,Partner,3,959.66,2878.98,2025-11
510513,2024-07-21,West,Smart Blinds,Rep A,Canvassing,5,1053.0,5265.0,2024-07
510514,2025-02-11,West,Window Treatments,Rep B,Canvassing,4,170.08,680.32,2025-02
510515,2025-02-07,East,Window Treatments,Rep E,Partner,4,679.86,2719.44,2025-02
510516,2024-04-16,West,Outdoor Shades,Rep E,Partner,4,1088.12,4352.48,2024-04
510517,2025-05-28,West,Window Treatments,Rep C,Referral,4,848.33,3393.32,2025-05
510518,2024-03-26,South,Window Treatments,Rep A,Inbound Call,5,744.82,3724.1,2024-03
510519,2025-01-03,East,Smart Blinds,Rep B,Inbound Call,2,729.12,1458.24,2025-01
510520,2025-09-18,East,Accessories,Rep A,Canvassing,1,1025.85,1025.85,2025-09
510521,2024-05-06,West,Outdoor Shades,Rep E,Canvassing,1,190.73,190.73,2024-05
510522,2024-10-06,West,Window Treatments,Rep D,Referral,3,672.25,2016.75,2024-10
510523,2025-03-12,Midwest,Accessories,Rep A,Website,5,455.03,2275.15,2025-03
510524,2025-08-04,South,Outdoor Shades,Rep D,Canvassing,2,292.89,585.78,2025-08
510525,2025-12-05,Midwest,Accessories,Rep C,Canvassing,3,369.97,1109.91,2025-12
510526,2025-03-04,South,Window Treatments,Rep B,Referral,2,539.41,1078.82,2025-03
510527,2024-11-21,East,Window Treatments,Rep B,Website,5,937.21,4686.05,2024-11
510528,2025-04-26,Midwest,Window Treatments,Rep A,Canvassing,5,948.77,4743.85,2025-04
510529,2025-12-08,Midwest,Outdoor Shades,Rep A,Canvassing,1,623.63,623.63,2025-12
510530,2025-05-03,South,Window Treatments,Rep D,Inbound Call,4,368.54,1474.16,2025-05
510531,2024-11-11,East,Accessories,Rep A,Partner,1,1024.69,1024.69,2024-11
510532,2024-05-19,West,Window Treatments,Rep D,Partner,2,661.66,1323.32,2024-05
510533,2025-05-21,East,Outdoor Shades,Rep B,Inbound Call,4,123.14,492.56,2025-05
510534,2025-11-01,Midwest,Accessories,Rep E,Canvassing,1,752.02,752.02,2025-11
510535,2024-06-03,West,Accessories,Rep A,Canvassing,4,132.39,529.56,2024-06
510536,2025-11-27,East,Outdoor Shades,Rep D,Website,1,1014.02,1014.02,2025-11
510537,2025-10-18,West,Outdoor Shades,Rep E,Canvassing,1,1074.66,1074.66,2025-10
510538,2025-04-07,East,Smart Blinds,Rep D,Partner,4,337.49,1349.96,2025-04
510539,2024-07-04,West,Outdoor Shades,Rep D,Website,2,1066.35,2132.7,2024-07
510540,2024-04-26,West,Outdoor Shades,Rep B,Inbound Call,4,826.39,3305.56,2024-04
510541,2024-09-11,Midwest,Window Treatments,Rep E,Inbound Call,3,310.85,932.55,2024-09
510542,2025-05-20,West,Smart Blinds,Rep D,Partner,5,452.34,2261.7,2025-05
510543,2024-08-28,Midwest,Smart Blinds,Rep E,Inbound Call,3,992.4,2977.2,2024-08
510544,2025-08-06,South,Window Treatments,Rep E,Canvassing,5,1066.47,5332.35,2025-08
510545,2024-07-15,East,Window Treatments,Rep E,Inbound Call,4,524.69,2098.76,2024-07
510546,2025-09-21,Midwest,Smart Blinds,Rep B,Partner,1,135.04,135.04,2025-09
510547,2024-10-29,West,Outdoor Shades,Rep E,Referral,3,634.36,1903.08,2024-10
510548,2025-02-12,Midwest,Window Treatments,Rep C,Referral,1,743.56,743.56,2025-02
510549,2024-07-05,South,Outdoor Shades,Rep B,Partner,5,414.25,2071.25,2024-07
510550,2024-07-09,West,Outdoor Shades,Rep E,Partner,4,461.67,1846.68,2024-07
510551,2025-01-17,West,Smart Blinds,Rep A,Website,2,624.45,1248.9,2025-01
510552,2025-09-14,South,Window Treatments,Rep D,Canvassing,5,422.91,2114.55,2025-09
510553,2025-01-31,South,Outdoor Shades,Rep B,Partner,4,965.98,3863.92,2025-01
510554,2025-08-31,West,Outdoor Shades,Rep C,Inbound Call,4,760.25,3041.0,2025-08
510555,2025-05-15,East,Accessories,Rep A,Inbound Call,4,460.04,1840.16,2025-05
510556,2024-05-09,Midwest,Accessories,Rep A,Referral,5,463.1,2315.5,2024-05
510557,2024-05-15,Midwest,Outdoor Shades,Rep D,Partner,5,832.5,4162.5,2024-05
510558,2024-01-13,East,Window Treatments,Rep E,Inbound Call,4,617.86,2471.44,2024-01
510559,2025-05-30,Midwest,Window Treatments,Rep D,Inbound Call,3,717.22,2151.66,2025-05
510560,2024-11-05,South,Outdoor Shades,Rep E,Partner,2,545.26,1090.52,2024-11
510561,2024-05-03,West,Smart Blinds,Rep C,Website,5,460.38,2301.9,2024-05
510562,2025-08-30,East,Outdoor Shades,Rep C,Referral,2,286.03,572.06,2025-08
510563,2025-01-19,Midwest,Accessories,Rep E,Website,2,166.98,333.96,2025-01
510564,2024-01-03,West,Accessories,Rep B,Canvassing,2,511.68,1023.36,2024-01
510565,2025-02-22,Midwest,Accessories,Rep C,Referral,4,369.33,1477.32,2025-02
510566,2025-06-10,East,Window Treatments,Rep A,Inbound Call,5,272.28,1361.4,2025-06
510567,2025-07-27,South,Accessories,Rep E,Website,4,490.5,1962.0,2025-07
510568,2025-01-03,Midwest,Smart Blinds,Rep B,Canvassing,1,931.49,931.49,2025-01
510569,2025-02-07,East,Outdoor Shades,Rep A,Canvassing,3,791.64,2374.92,2025-02
510570,2025-04-02,West,Smart Blinds,Rep A,Canvassing,3,1024.38,3073.14,2025-04
510571,2024-04-23,East,Outdoor Shades,Rep C,Partner,1,132.11,132.11,2024-04
510572,2024-04-18,West,Accessories,Rep D,Canvassing,2,603.18,1206.36,2024-04
510573,2025-12-20,South,Window Treatments,Rep E,Website,1,348.09,348.09,2025-12
510574,2025-03-24,East,Window Treatments,Rep D,Inbound Call,5,932.99,4664.95,2025-03
510575,2024-02-06,West,Window Treatments,Rep D,Inbound Call,1,173.45,173.45,2024-02
510576,2024-12-26,East,Window Treatments,Rep C,Partner,5,587.34,2936.7,2024-12
510577,2024-11-25,West,Outdoor Shades,Rep B,Canvassing,1,907.71,907.71,2024-11
510578,2024-01-06,South,Outdoor Shades,Rep B,Referral,5,973.04,4865.2,2024-01
510579,2024-04-20,Midwest,Outdoor Shades,Rep A,Canvassing,4,803.1,3212.4,2024-04
510580,2024-08-20,East,Accessories,Rep E,Referral,4,575.98,2303.92,2024-08
510581,2025-02-16,West,Outdoor Shades,Rep B,Canvassing,2,634.22,1268.44,2025-02
510582,2024-12-29,West,Window Treatments,Rep D,Referral,1,368.35,368.35,2024-12
510583,2025-01-28,South,Smart Blinds,Rep A,Canvassing,2,567.94,1135.88,2025-01
510584,2025-02-06,East,Window Treatments,Rep D,Partner,1,835.72,835.72,2025-02
510585,2025-12-20,East,Outdoor Shades,Rep A,Partner,3,974.19,2922.57,2025-12
510586,2024-06-29,West,Window Treatments,Rep E,Website,3,1027.36,3082.08,2024-06
510587,2024-05-02,East,Accessories,Rep D,Referral,3,788.91,2366.73,2024-05
510588,2024-12-29,South,Window Treatments,Rep E,Referral,3,807.14,2421.42,2024-12
510589,2024-11-10,Midwest,Window Treatments,Rep D,Canvassing,5,214.68,1073.4,2024-11
510590,2025-10-24,West,Smart Blinds,Rep B,Inbound Call,1,205.57,205.57,2025-10
510591,2024-05-27,Midwest,Window Treatments,Rep C,Inbound Call,3,919.36,2758.08,2024-05
510592,2024-08-31,West,Window Treatments,Rep C,Website,1,263.19,263.19,2024-08
510593,2025-06-15,Midwest,Outdoor Shades,Rep D,Referral,1,660.47,660.47,2025-06
510594,2024-09-29,East,Window Treatments,Rep C,Inbound Call,4,779.1,3116.4,2024-09
510595,2024-11-22,East,Window Treatments,Rep D,Inbound Call,2,907.0,1814.0,2024-11
510596,2024-07-27,East,Window Treatments,Rep B,Inbound Call,4,673.96,2695.84,2024-07
510597,2024-06-26,East,Accessories,Rep A,Canvassing,3,505.16,1515.48,2024-06
510598,2025-07-02,South,Window Treatments,Rep D,Website,1,921.11,921.11,2025-07
510599,2024-04-19,West,Smart Blinds,Rep B,Website,2,275.1,550.2,2024-04
510600,2025-12-15,West,Window Treatments,Rep B,Canvassing,4,773.59,3094.36,2025-12
510601,2024-11-13,East,Outdoor Shades,Rep A,Partner,3,687.02,2061.06,2024-11
510602,2025-06-16,South,Window Treatments,Rep A,Website,4,359.81,1439.24,2025-06
510603,2024-10-31,Midwest,Smart Blinds,Rep D,Website,1,283.54,283.54,2024-10
510604,2024-02-28,West,Outdoor Shades,Rep D,Referral,4,743.69,2974.76,2024-02
510605,2024-02-03,West,Smart Blinds,Rep C,Inbound Call,1,585.49,585.49,2024-02
510606,2025-08-28,East,Accessories,Rep D,Website,2,178.59,357.18,2025-08
510607,2024-10-23,South,Outdoor Shades,Rep A,Referral,2,185.47,370.94,2024-10
510608,2024-11-22,Midwest,Outdoor Shades,Rep E,Inbound Call,3,159.91,479.73,2024-11
510609,2025-12-10,East,Window Treatments,Rep B,Referral,2,1074.96,2149.92,2025-12
510610,2025-08-28,West,Accessories,Rep C,Partner,3,270.13,810.39,2025-08
510611,2024-06-20,East,Smart Blinds,Rep D,Inbound Call,5,890.13,4450.65,2024-06
510612,2024-05-13,South,Window Treatments,Rep A,Canvassing,4,1004.71,4018.84,2024-05
510613,2024-01-19,South,Smart Blinds,Rep E,Partner,1,769.6,769.6,2024-01
510614,2025-07-02,East,Smart Blinds,Rep E,Referral,3,279.49,838.47,2025-07
510615,2025-01-31,East,Outdoor Shades,Rep C,Canvassing,5,748.02,3740.1,2025-01
510616,2025-07-04,South,Smart Blinds,Rep D,Canvassing,3,207.71,623.13,2025-07
510617,2024-04-07,West,Window Treatments,Rep A,Website,5,172.27,861.35,2024-04
510618,2024-05-06,East,Accessories,Rep E,Partner,5,582.34,2911.7,2024-05
510619,2024-01-30,South,Smart Blinds,Rep B,Website,2,380.88,761.76,2024-01
510620,2024-04-16,West,Smart Blinds,Rep B,Referral,3,940.85,2822.55,2024-04
510621,2025-03-11,East,Outdoor Shades,Rep E,Partner,2,206.49,412.98,2025-03
510622,2025-06-21,East,Smart Blinds,Rep D,Canvassing,3,231.15,693.45,2025-06
510623,2025-02-12,East,Window Treatments,Rep A,Inbound Call,2,409.51,819.02,2025-02
510624,2025-01-13,South,Window Treatments,Rep C,Canvassing,4,392.82,1571.28,2025-01
510625,2025-12-14,Midwest,Smart Blinds,Rep D,Inbound Call,1,503.07,503.07,2025-12
510626,2024-08-15,West,Outdoor Shades,Rep C,Referral,2,429.23,858.46,2024-08
510627,2025-10-10,East,Outdoor Shades,Rep D,Canvassing,1,779.66,779.66,2025-10
510628,2024-03-09,Midwest,Window Treatments,Rep A,Referral,4,1087.62,4350.48,2024-03
510629,2025-01-16,South,Accessories,Rep E,Referral,1,462.79,462.79,2025-01
510630,2025-10-16,South,Smart Blinds,Rep B,Website,2,991.74,1983.48,2025-10
510631,2024-04-01,West,Window Treatments,Rep C,Website,4,478.48,1913.92,2024-04
510632,2025-08-23,West,Outdoor Shades,Rep C,Referral,5,854.33,4271.65,2025-08
510633,2024-01-08,Midwest,Window Treatments,Rep A,Referral,2,497.94,995.88,2024-01
510634,2024-09-06,West,Window Treatments,Rep C,Website,5,1018.66,5093.3,2024-09
510635,2025-03-09,West,Outdoor Shades,Rep D,Referral,1,848.59,848.59,2025-03
510636,2025-11-02,West,Smart Blinds,Rep B,Referral,4,511.82,2047.28,2025-11
510637,2025-01-02,East,Smart Blinds,Rep E,Referral,2,343.51,687.02,2025-01
510638,2024-09-29,West,Outdoor Shades,Rep B,Referral,5,804.56,4022.8,2024-09
510639,2025-05-28,West,Outdoor Shades,Rep C,Inbound Call,4,759.04,3036.16,2025-05
510640,2024-10-03,Midwest,Accessories,Rep A,Canvassing,4,140.98,563.92,2024-10
510641,2024-03-04,West,Window Treatments,Rep E,Partner,4,419.72,1678.88,2024-03
510642,2025-06-04,West,Outdoor Shades,Rep B,Canvassing,1,569.31,569.31,2025-06
510643,2024-11-14,Midwest,Smart Blinds,Rep C,Inbound Call,5,701.11,3505.55,2024-11
510644,2025-02-04,Midwest,Smart Blinds,Rep C,Canvassing,5,453.48,2267.4,2025-02
510645,2025-03-10,West,Outdoor Shades,Rep C,Referral,2,207.58,415.16,2025-03
510646,2025-08-31,West,Smart Blinds,Rep B,Referral,5,616.36,3081.8,2025-08
510647,2024-09-15,West,Smart Blinds,Rep A,Canvassing,1,156.45,156.45,2024-09
510648,2024-01-28,Midwest,Window Treatments,Rep A,Referral,3,477.4,1432.2,2024-01
510649,2024-03-20,Midwest,Accessories,Rep D,Canvassing,5,521.96,2609.8,2024-03
510650,2024-05-18,South,Window Treatments,Rep C,Inbound Call,5,1034.54,5172.7,2024-05
510651,2025-02-10,East,Smart Blinds,Rep B,Referral,2,148.04,296.08,2025-02
510652,2024-09-03,South,Outdoor Shades,Rep E,Canvassing,2,1006.61,2013.22,2024-09
510653,2024-01-09,West,Window Treatments,Rep D,Canvassing,2,926.83,1853.66,2024-01
510654,2024-01-27,Midwest,Window Treatments,Rep D,Website,3,484.56,1453.68,2024-01
510655,2025-09-28,West,Smart Blinds,Rep E,Partner,2,741.12,1482.24,2025-09
510656,2025-01-23,South,Window Treatments,Rep C,Inbound Call,5,785.35,3926.75,2025-01
510657,2025-03-11,Midwest,Outdoor Shades,Rep C,Inbound Call,3,937.85,2813.55,2025-03
510658,2025-06-26,Midwest,Smart Blinds,Rep A,Website,1,885.69,885.69,2025-06
510659,2024-07-08,South,Smart Blinds,Rep D,Website,4,208.15,832.6,2024-07
510660,2024-03-17,South,Accessories,Rep A,Inbound Call,1,916.97,916.97,2024-03
510661,2025-03-22,South,Window Treatments,Rep B,Inbound Call,1,1096.93,1096.93,2025-03
510662,2024-08-01,West,Outdoor Shades,Rep B,Partner,5,1091.0,5455.0,2024-08
510663,2024-06-17,West,Accessories,Rep E,Inbound Call,2,598.13,1196.26,2024-06
510664,2024-01-19,South,Outdoor Shades,Rep E,Inbound Call,2,122.78,245.56,2024-01
510665,2024-01-28,West,Accessories,Rep B,Referral,2,558.88,1117.76,2024-01
510666,2024-09-18,South,Smart Blinds,Rep E,Referral,5,1016.76,5083.8,2024-09
510667,2025-05-26,East,Outdoor Shades,Rep D,Partner,2,592.88,1185.76,2025-05
510668,2024-07-13,East,Outdoor Shades,Rep A,Partner,5,248.21,1241.05,2024-07
510669,2025-02-04,South,Window Treatments,Rep C,Referral,1,752.86,752.86,2025-02
510670,2024-09-25,Midwest,Smart Blinds,Rep B,Website,1,390.25,390.25,2024-09
510671,2025-08-29,East,Accessories,Rep A,Website,1,764.35,764.35,2025-08
510672,2025-07-25,Midwest,Outdoor Shades,Rep C,Referral,2,450.19,900.38,2025-07
510673,2025-10-17,East,Smart Blinds,Rep E,Website,5,432.63,2163.15,2025-10
510674,2024-03-27,Midwest,Outdoor Shades,Rep E,Website,2,1023.71,2047.42,2024-03
510675,2024-08-25,Midwest,Accessories,Rep A,Inbound Call,1,301.02,301.02,2024-08
510676,2025-04-08,West,Accessories,Rep B,Inbound Call,4,718.7,2874.8,2025-04
510677,2024-11-05,West,Window Treatments,Rep B,Canvassing,2,1013.52,2027.04,2024-11
510678,2025-06-27,East,Outdoor Shades,Rep C,Canvassing,3,568.8,1706.4,2025-06
510679,2025-02-16,South,Window Treatments,Rep A,Inbound Call,5,518.18,2590.9,2025-02
510680,2025-02-24,South,Outdoor Shades,Rep A,Partner,3,757.6,2272.8,2025-02
510681,2024-09-07,East,Window Treatments,Rep A,Canvassing,4,817.07,3268.28,2024-09
510682,2025-07-12,South,Smart Blinds,Rep C,Partner,3,459.78,1379.34,2025-07
510683,2025-01-11,South,Outdoor Shades,Rep D,Canvassing,4,440.21,1760.84,2025-01
510684,2024-07-08,South,Smart Blinds,Rep B,Canvassing,2,472.34,944.68,2024-07
510685,2025-04-06,South,Smart Blinds,Rep E,Partner,5,239.73,1198.65,2025-04
510686,2024-03-19,West,Accessories,Rep E,Canvassing,1,566.64,566.64,2024-03
510687,2024-04-21,West,Smart Blinds,Rep E,Referral,4,241.84,967.36,2024-04
510688,2025-11-15,West,Smart Blinds,Rep A,Inbound Call,3,992.1,2976.3,2025-11
510689,2025-01-18,East,Outdoor Shades,Rep C,Partner,5,967.43,4837.15,2025-01
510690,2025-09-10,East,Window Treatments,Rep D,Inbound Call,3,1024.93,3074.79,2025-09
510691,2025-07-05,West,Smart Blinds,Rep C,Website,2,660.33,1320.66,2025-07
510692,2025-08-09,West,Outdoor Shades,Rep C,Website,5,320.16,1600.8,2025-08
510693,2024-08-04,West,Smart Blinds,Rep D,Referral,3,1069.7,3209.1,2024-08
510694,2025-10-02,South,Accessories,Rep C,Referral,5,1026.39,5131.95,2025-10
510695,2024-10-19,East,Outdoor Shades,Rep B,Inbound Call,5,926.89,4634.45,2024-10
510696,2024-07-02,West,Smart Blinds,Rep D,Canvassing,3,355.36,1066.08,2024-07
510697,2024-05-22,West,Smart Blinds,Rep E,Partner,3,884.04,2652.12,2024-05
510698,2025-12-25,West,Smart Blinds,Rep B,Referral,2,363.56,727.12,2025-12
510699,2025-04-21,East,Accessories,Rep E,Partner,3,698.36,2095.08,2025-04
510700,2024-07-30,East,Outdoor Shades,Rep C,Website,2,1051.41,2102.82,2024-07
510701,2024-12-30,Midwest,Window Treatments,Rep E,Canvassing,2,416.22,832.44,2024-12
510702,2024-07-06,East,Smart Blinds,Rep B,Website,2,233.1,466.2,2024-07
510703,2024-03-12,South,Window Treatments,Rep E,Partner,4,370.69,1482.76,2024-03
510704,2024-03-19,West,Accessories,Rep A,Referral,5,817.72,4088.6,2024-03
510705,2024-09-20,West,Accessories,Rep A,Canvassing,4,379.23,1516.92,2024-09
510706,2024-12-27,West,Window Treatments,Rep A,Website,4,472.41,1889.64,2024-12
510707,2024-02-17,East,Outdoor Shades,Rep B,Canvassing,3,906.66,2719.98,2024-02
510708,2025-09-19,Midwest,Window Treatments,Rep C,Canvassing,1,1091.39,1091.39,2025-09
510709,2024-03-16,South,Window Treatments,Rep D,Inbound Call,1,221.05,221.05,2024-03
510710,2024-09-07,West,Outdoor Shades,Rep D,Referral,1,249.28,249.28,2024-09
510711,2025-04-17,West,Window Treatments,Rep B,Partner,5,120.48,602.4,2025-04
510712,2025-08-18,Midwest,Outdoor Shades,Rep D,Partner,3,1051.59,3154.77,2025-08
510713,2025-12-29,West,Smart Blinds,Rep B,Partner,2,424.06,848.12,2025-12
510714,2025-03-05,East,Window Treatments,Rep A,Referral,1,710.85,710.85,2025-03
510715,2025-11-12,East,Smart Blinds,Rep A,Inbound Call,3,189.34,568.02,2025-11
510716,2025-12-05,East,Accessories,Rep A,Canvassing,5,217.0,1085.0,2025-12
510717,2025-08-24,East,Window Treatments,Rep E,Inbound Call,4,1010.39,4041.56,2025-08
510718,2024-07-17,East,Window Treatments,Rep D,Partner,3,571.91,1715.73,2024-07
510719,2024-08-08,Midwest,Window Treatments,Rep B,Website,2,175.91,351.82,2024-08
510720,2024-11-15,East,Accessories,Rep B,Inbound Call,2,410.33,820.66,2024-11
510721,2025-07-15,West,Window Treatments,Rep C,Canvassing,3,275.35,826.05,2025-07
510722,2025-11-25,West,Outdoor Shades,Rep E,Inbound Call,1,848.54,848.54,2025-11
510723,2024-12-30,West,Outdoor Shades,Rep D,Canvassing,4,296.11,1184.44,2024-12
510724,2024-03-28,South,Outdoor Shades,Rep A,Partner,4,878.97,3515.88,2024-03
510725,2024-03-06,West,Window Treatments,Rep D,Partner,5,974.58,4872.9,2024-03
510726,2025-06-24,South,Window Treatments,Rep B,Inbound Call,2,972.58,1945.16,2025-06
510727,2024-09-18,Midwest,Window Treatments,Rep C,Referral,3,150.66,451.98,2024-09
510728,2025-09-22,West,Window Treatments,Rep D,Partner,1,491.24,491.24,2025-09
510729,2025-06-01,East,Smart Blinds,Rep C,Inbound Call,5,1018.91,5094.55,2025-06
510730,2025-03-06,Midwest,Window Treatments,Rep C,Website,4,983.9,3935.6,2025-03
510731,2025-09-03,Midwest,Outdoor Shades,Rep A,Website,3,355.75,1067.25,2025-09
510732,2024-08-28,West,Window Treatments,Rep D,Referral,3,952.12,2856.36,2024-08
510733,2024-04-08,South,Window Treatments,Rep D,Partner,3,338.21,1014.63,2024-04
510734,2024-04-27,West,Smart Blinds,Rep E,Inbound Call,1,775.26,775.26,2024-04
510735,2025-09-01,South,Outdoor Shades,Rep D,Inbound Call,1,579.63,579.63,2025-09
510736,2024-02-26,East,Window Treatments,Rep B,Referral,1,990.28,990.28,2024-02
510737,2025-10-05,South,Window Treatments,Rep A,Referral,2,375.82,751.64,2025-10
510738,2024-12-04,West,Smart Blinds,Rep D,Canvassing,4,197.18,788.72,2024-12
510739,2024-09-10,East,Window Treatments,Rep E,Referral,4,175.31,701.24,2024-09
510740,2024-08-31,South,Window Treatments,Rep B,Inbound Call,4,373.18,1492.72,2024-08
510741,2025-07-21,South,Window Treatments,Rep D,Canvassing,3,269.87,809.61,2025-07
510742,2024-02-15,South,Outdoor Shades,Rep C,Inbound Call,3,357.74,1073.22,2024-02
510743,2024-01-21,South,Smart Blinds,Rep B,Website,5,343.17,1715.85,2024-01
510744,2024-10-28,Midwest,Window Treatments,Rep D,Website,5,405.01,2025.05,2024-10
510745,2024-08-30,South,Accessories,Rep D,Inbound Call,3,1008.36,3025.08,2024-08
510746,2024-06-04,South,Window Treatments,Rep B,Referral,1,1084.46,1084.46,2024-06
510747,2024-10-15,East,Outdoor Shades,Rep E,Inbound Call,2,124.11,248.22,2024-10
510748,2025-07-14,Midwest,Window Treatments,Rep A,Referral,1,865.05,865.05,2025-07
510749,2024-01-08,West,Outdoor Shades,Rep C,Referral,3,196.97,590.91,2024-01
510750,2025-12-08,East,Smart Blinds,Rep B,Referral,3,799.33,2397.99,2025-12
510751,2024-02-19,East,Outdoor Shades,Rep B,Inbound Call,1,854.27,854.27,2024-02
510752,2025-11-05,South,Smart Blinds,Rep C,Partner,5,297.75,1488.75,2025-11
510753,2024-05-23,Midwest,Outdoor Shades,Rep D,Inbound Call,2,1076.97,2153.94,2024-05
510754,2025-05-18,West,Smart Blinds,Rep C,Referral,2,499.69,999.38,2025-05
510755,2025-01-07,West,Window Treatments,Rep A,Website,4,823.94,3295.76,2025-01
510756,2024-02-04,East,Window Treatments,Rep D,Referral,2,337.95,675.9,2024-02
510757,2024-02-13,East,Smart Blinds,Rep A,Canvassing,3,766.22,2298.66,2024-02
510758,2025-10-23,South,Outdoor Shades,Rep E,Inbound Call,3,806.21,2418.63,2025-10
510759,2024-03-20,South,Outdoor Shades,Rep A,Website,4,640.14,2560.56,2024-03
510760,2024-12-27,East,Window Treatments,Rep D,Inbound Call,5,980.12,4900.6,2024-12
510761,2025-09-19,South,Outdoor Shades,Rep E,Inbound Call,3,751.11,2253.33,2025-09
510762,2024-08-21,Midwest,Outdoor Shades,Rep E,Canvassing,4,152.78,611.12,2024-08
510763,2024-02-17,West,Accessories,Rep A,Website,3,270.03,810.09,2024-02
510764,2024-08-13,East,Window Treatments,Rep C,Website,3,489.66,1468.98,2024-08
510765,2024-01-13,South,Smart Blinds,Rep C,Inbound Call,4,1056.35,4225.4,2024-01
510766,2024-12-21,West,Window Treatments,Rep D,Website,5,441.25,2206.25,2024-12
510767,2025-07-08,East,Smart Blinds,Rep A,Partner,2,1076.7,2153.4,2025-07
510768,2024-11-30,West,Window Treatments,Rep C,Website,5,302.75,1513.75,2024-11
510769,2024-10-10,East,Window Treatments,Rep B,Inbound Call,3,1059.64,3178.92,2024-10
510770,2025-03-27,West,Smart Blinds,Rep D,Canvassing,3,877.9,2633.7,2025-03
510771,2025-06-10,Midwest,Window Treatments,Rep D,Inbound Call,5,567.12,2835.6,2025-06
510772,2024-08-14,South,Window Treatments,Rep A,Referral,1,1030.96,1030.96,2024-08
510773,2025-01-23,Midwest,Smart Blinds,Rep C,Referral,4,192.12,768.48,2025-01
510774,2024-06-03,West,Smart Blinds,Rep A,Partner,2,227.95,455.9,2024-06
510775,2025-07-27,South,Window Treatments,Rep C,Inbound Call,5,158.33,791.65,2025-07
510776,2025-05-01,West,Window Treatments,Rep D,Canvassing,5,325.75,1628.75,2025-05
510777,2025-07-28,South,Accessories,Rep E,Referral,4,895.24,3580.96,2025-07
510778,2025-05-25,Midwest,Outdoor Shades,Rep D,Referral,3,911.69,2735.07,2025-05
510779,2024-08-22,East,Window Treatments,Rep E,Inbound Call,5,818.02,4090.1,2024-08
510780,2024-12-06,Midwest,Window Treatments,Rep C,Website,2,329.05,658.1,2024-12
510781,2024-03-06,East,Outdoor Shades,Rep E,Referral,3,820.22,2460.66,2024-03
510782,2025-03-14,East,Window Treatments,Rep C,Canvassing,2,192.71,385.42,2025-03
510783,2024-09-10,South,Window Treatments,Rep B,Referral,3,607.87,1823.61,2024-09
510784,2025-05-09,West,Outdoor Shades,Rep E,Referral,1,647.85,647.85,2025-05
510785,2024-10-13,East,Window Treatments,Rep A,Partner,4,574.51,2298.04,2024-10
510786,2024-02-13,Midwest,Outdoor Shades,Rep A,Inbound Call,1,488.13,488.13,2024-02
510787,2025-01-12,West,Window Treatments,Rep C,Inbound Call,2,373.15,746.3,2025-01
510788,2024-10-30,Midwest,Outdoor Shades,Rep C,Canvassing,4,1014.72,4058.88,2024-10
510789,2024-03-13,East,Outdoor Shades,Rep E,Inbound Call,2,421.84,843.68,2024-03
510790,2025-01-03,Midwest,Accessories,Rep B,Referral,2,292.62,585.24,2025-01
510791,2025-03-17,South,Accessories,Rep B,Referral,5,442.35,2211.75,2025-03
510792,2024-11-22,West,Outdoor Shades,Rep A,Website,3,239.61,718.83,2024-11
510793,2024-08-26,West,Window Treatments,Rep B,Inbound Call,4,1019.38,4077.52,2024-08
510794,2024-08-09,Midwest,Window Treatments,Rep D,Referral,4,484.02,1936.08,2024-08
510795,2024-10-04,South,Window Treatments,Rep C,Inbound Call,4,1031.35,4125.4,2024-10
510796,2025-10-20,Midwest,Outdoor Shades,Rep B,Website,5,444.97,2224.85,2025-10
510797,2025-06-08,East,Outdoor Shades,Rep B,Website,4,268.09,1072.36,2025-06
510798,2025-08-25,Midwest,Accessories,Rep A,Partner,2,320.32,640.64,2025-08
510799,2025-10-20,South,Outdoor Shades,Rep E,Partner,4,504.26,2017.04,2025-10
510800,2024-02-16,East,Outdoor Shades,Rep D,Referral,5,499.01,2495.05,2024-02
510801,2024-01-12,West,Outdoor Shades,Rep C,Referral,3,339.9,1019.7,2024-01
510802,2025-05-23,South,Window Treatments,Rep B,Canvassing,1,166.46,166.46,2025-05
510803,2024-02-24,East,Accessories,Rep A,Inbound Call,1,858.28,858.28,2024-02
510804,2025-10-14,South,Outdoor Shades,Rep D,Website,1,1066.76,1066.76,2025-10
510805,2024-05-23,East,Outdoor Shades,Rep E,Inbound Call,5,994.26,4971.3,2024-05
510806,2024-10-21,South,Outdoor Shades,Rep E,Referral,1,1003.63,1003.63,2024-10
510807,2024-09-19,East,Smart Blinds,Rep D,Inbound Call,4,873.58,3494.32,2024-09
510808,2024-06-04,East,Window Treatments,Rep C,Inbound Call,2,527.57,1055.14,2024-06
510809,2025-01-08,Midwest,Smart Blinds,Rep B,Website,1,688.46,688.46,2025-01
510810,2024-04-25,South,Window Treatments,Rep C,Website,4,322.52,1290.08,2024-04
510811,2025-04-16,East,Window Treatments,Rep B,Inbound Call,5,257.97,1289.85,2025-04
510812,2024-12-05,South,Accessories,Rep A,Canvassing,4,1095.79,4383.16,2024-12
510813,2025-11-17,West,Smart Blinds,Rep E,Canvassing,1,850.52,850.52,2025-11
510814,2024-10-03,West,Outdoor Shades,Rep A,Canvassing,4,338.58,1354.32,2024-10
510815,2025-09-05,West,Outdoor Shades,Rep C,Website,1,179.37,179.37,2025-09
510816,2024-06-19,Midwest,Window Treatments,Rep C,Canvassing,1,398.03,398.03,2024-06
510817,2025-05-07,Midwest,Outdoor Shades,Rep D,Referral,4,978.04,3912.16,2025-05
510818,2025-01-10,East,Smart Blinds,Rep A,Partner,5,1056.38,5281.9,2025-01
510819,2025-04-20,West,Window Treatments,Rep B,Partner,2,192.29,384.58,2025-04
510820,2024-03-22,West,Smart Blinds,Rep E,Canvassing,2,468.52,937.04,2024-03
510821,2024-04-01,East,Accessories,Rep C,Partner,3,138.03,414.09,2024-04
510822,2025-09-13,East,Window Treatments,Rep B,Canvassing,1,388.66,388.66,2025-09
510823,2024-08-09,East,Outdoor Shades,Rep B,Inbound Call,3,493.65,1480.95,2024-08
510824,2024-09-15,Midwest,Window Treatments,Rep E,Inbound Call,4,1048.5,4194.0,2024-09
510825,2024-01-21,East,Accessories,Rep D,Inbound Call,3,407.13,1221.39,2024-01
510826,2025-05-22,West,Outdoor Shades,Rep B,Canvassing,2,311.02,622.04,2025-05
510827,2024-10-29,East,Outdoor Shades,Rep C,Inbound Call,1,300.52,300.52,2024-10
510828,2025-08-23,Midwest,Window Treatments,Rep E,Canvassing,4,616.82,2467.28,2025-08
510829,2024-06-16,Midwest,Outdoor Shades,Rep C,Inbound Call,1,187.98,187.98,2024-06
510830,2025-08-12,South,Outdoor Shades,Rep C,Website,5,1073.18,5365.9,2025-08
510831,2025-05-20,West,Outdoor Shades,Rep D,Website,1,437.24,437.24,2025-05
510832,2025-06-08,East,Window Treatments,Rep A,Website,3,567.89,1703.67,2025-06
510833,2024-08-12,West,Window Treatments,Rep D,Partner,1,239.1,239.1,2024-08
510834,2024-11-13,South,Accessories,Rep C,Inbound Call,2,809.98,1619.96,2024-11
510835,2024-08-11,Midwest,Outdoor Shades,Rep E,Inbound Call,4,770.62,3082.48,2024-08
510836,2024-03-14,West,Smart Blinds,Rep D,Referral,1,169.58,169.58,2024-03
510837,2025-12-09,West,Accessories,Rep E,Partner,1,660.2,660.2,2025-12
510838,2025-08-29,Midwest,Smart Blinds,Rep A,Partner,4,675.6,2702.4,2025-08
510839,2024-03-30,West,Outdoor Shades,Rep B,Canvassing,1,255.21,255.21,2024-03
510840,2024-09-23,South,Outdoor Shades,Rep D,Canvassing,3,261.84,785.52,2024-09
510841,2024-07-13,Midwest,Smart Blinds,Rep C,Partner,1,147.16,147.16,2024-07
510842,2024-01-10,West,Outdoor Shades,Rep B,Inbound Call,2,796.59,1593.18,2024-01
510843,2025-07-13,East,Window Treatments,Rep C,Partner,2,1029.5,2059.0,2025-07
510844,2024-05-02,West,Window Treatments,Rep E,Partner,5,986.92,4934.6,2024-05
510845,2024-04-14,South,Smart Blinds,Rep E,Partner,3,772.59,2317.77,2024-04
510846,2025-12-24,South,Window Treatments,Rep C,Inbound Call,4,819.48,3277.92,2025-12
510847,2024-05-13,East,Smart Blinds,Rep D,Canvassing,2,414.03,828.06,2024-05
510848,2025-07-07,East,Window Treatments,Rep E,Website,2,165.37,330.74,2025-07
510849,2025-04-29,Midwest,Outdoor Shades,Rep B,Website,2,288.13,576.26,2025-04
510850,2024-09-30,East,Window Treatments,Rep E,Referral,5,592.52,2962.6,2024-09
510851,2025-03-17,South,Outdoor Shades,Rep E,Inbound Call,5,978.08,4890.4,2025-03
510852,2025-04-09,East,Smart Blinds,Rep A,Canvassing,2,904.45,1808.9,2025-04
510853,2024-08-24,West,Window Treatments,Rep C,Partner,5,410.77,2053.85,2024-08
510854,2024-05-14,Midwest,Outdoor Shades,Rep E,Partner,3,819.4,2458.2,2024-05
510855,2024-03-11,East,Window Treatments,Rep E,Website,2,816.22,1632.44,2024-03
510856,2025-08-11,West,Window Treatments,Rep A,Referral,4,424.82,1699.28,2025-08
510857,2025-11-08,Midwest,Smart Blinds,Rep C,Website,2,962.85,1925.7,2025-11
510858,2025-06-07,East,Window Treatments,Rep C,Inbound Call,2,249.57,499.14,2025-06
510859,2025-01-08,East,Accessories,Rep B,Inbound Call,2,999.09,1998.18,2025-01
510860,2024-03-01,South,Window Treatments,Rep A,Referral,1,567.51,567.51,2024-03
510861,2025-05-28,East,Outdoor Shades,Rep D,Canvassing,2,496.78,993.56,2025-05
510862,2024-04-26,West,Outdoor Shades,Rep B,Partner,1,725.11,725.11,2024-04
510863,2025-12-21,East,Outdoor Shades,Rep D,Website,1,995.96,995.96,2025-12
510864,2025-05-28,East,Smart Blinds,Rep D,Website,3,576.74,1730.22,2025-05
510865,2024-08-14,South,Smart Blinds,Rep C,Partner,4,469.86,1879.44,2024-08
510866,2025-02-09,West,Outdoor Shades,Rep D,Partner,3,361.27,1083.81,2025-02
510867,2024-06-14,Midwest,Window Treatments,Rep E,Website,1,206.54,206.54,2024-06
510868,2024-01-30,East,Outdoor Shades,Rep A,Website,2,210.4,420.8,2024-01
510869,2025-11-21,Midwest,Outdoor Shades,Rep B,Canvassing,5,572.82,2864.1,2025-11
510870,2025-07-04,West,Smart Blinds,Rep E,Partner,2,291.81,583.62,2025-07
510871,2024-01-11,Midwest,Outdoor Shades,Rep C,Referral,4,733.95,2935.8,2024-01
510872,2024-08-10,South,Window Treatments,Rep C,Inbound Call,5,303.62,1518.1,2024-08
510873,2024-07-20,West,Outdoor Shades,Rep B,Referral,5,1008.37,5041.85,2024-07
510874,2025-10-14,Midwest,Window Treatments,Rep D,Inbound Call,3,373.41,1120.23,2025-10
510875,2025-05-12,West,Smart Blinds,Rep D,Website,5,145.26,726.3,2025-05
510876,2025-06-28,Midwest,Accessories,Rep E,Website,5,1000.95,5004.75,2025-06
510877,2024-09-03,South,Outdoor Shades,Rep D,Website,4,508.93,2035.72,2024-09
510878,2024-09-20,South,Window Treatments,Rep E,Referral,1,238.49,238.49,2024-09
510879,2024-05-02,West,Smart Blinds,Rep C,Website,3,793.44,2380.32,2024-05
510880,2025-01-11,Midwest,Outdoor Shades,Rep A,Referral,3,1078.77,3236.31,2025-01
510881,2025-03-04,Midwest,Smart Blinds,Rep D,Partner,2,587.99,1175.98,2025-03
510882,2024-06-12,West,Outdoor Shades,Rep E,Inbound Call,5,632.54,3162.7,2024-06
510883,2025-04-01,West,Window Treatments,Rep C,Website,5,591.99,2959.95,2025-04
510884,2025-02-24,East,Outdoor Shades,Rep A,Inbound Call,4,407.91,1631.64,2025-02
510885,2025-08-14,Midwest,Window Treatments,Rep D,Partner,5,933.45,4667.25,2025-08
510886,2025-05-03,West,Outdoor Shades,Rep A,Website,5,409.67,2048.35,2025-05
510887,2025-12-15,South,Window Treatments,Rep C,Partner,4,780.44,3121.76,2025-12
510888,2024-07-15,Midwest,Window Treatments,Rep A,Canvassing,5,366.02,1830.1,2024-07
510889,2024-10-07,West,Accessories,Rep C,Website,5,360.3,1801.5,2024-10
510890,2024-03-31,South,Accessories,Rep D,Website,2,890.15,1780.3,2024-03
510891,2025-09-24,Midwest,Window Treatments,Rep D,Partner,4,428.05,1712.2,2025-09
510892,2025-10-15,East,Outdoor Shades,Rep A,Inbound Call,5,133.56,667.8,2025-10
510893,2025-10-04,West,Window Treatments,Rep E,Canvassing,1,579.53,579.53,2025-10
510894,2025-01-09,Midwest,Outdoor Shades,Rep E,Website,5,454.11,2270.55,2025-01
510895,2025-04-25,West,Window Treatments,Rep C,Referral,3,622.58,1867.74,2025-04
510896,2024-12-25,East,Window Treatments,Rep D,Canvassing,2,371.67,743.34,2024-12
510897,2025-01-27,South,Smart Blinds,Rep E,Canvassing,4,853.79,3415.16,2025-01
510898,2025-07-21,South,Outdoor Shades,Rep C,Website,2,177.11,354.22,2025-07
510899,2025-08-23,East,Window Treatments,Rep C,Partner,4,990.75,3963.0,2025-08
510900,2025-07-02,Midwest,Outdoor Shades,Rep A,Canvassing,3,566.09,1698.27,2025-07
510901,2024-04-08,Midwest,Outdoor Shades,Rep B,Website,2,472.74,945.48,2024-04
510902,2024-05-16,West,Outdoor Shades,Rep C,Referral,2,141.43,282.86,2024-05
510903,2025-01-15,West,Outdoor Shades,Rep D,Referral,2,782.97,1565.94,2025-01
510904,2024-11-10,West,Window Treatments,Rep A,Partner,4,782.31,3129.24,2024-11
510905,2025-01-08,South,Smart Blinds,Rep D,Referral,1,423.19,423.19,2025-01
510906,2025-09-13,South,Outdoor Shades,Rep D,Canvassing,4,1058.67,4234.68,2025-09
510907,2025-12-07,South,Window Treatments,Rep E,Partner,3,867.11,2601.33,2025-12
510908,2024-01-25,West,Outdoor Shades,Rep A,Inbound Call,3,333.12,999.36,2024-01
510909,2025-03-07,East,Outdoor Shades,Rep A,Canvassing,4,836.3,3345.2,2025-03
510910,2025-11-06,East,Outdoor Shades,Rep E,Website,1,630.73,630.73,2025-11
510911,2025-12-31,South,Smart Blinds,Rep B,Website,4,1011.93,4047.72,2025-12
510912,2024-11-17,Midwest,Smart Blinds,Rep E,Website,1,838.21,838.21,2024-11
510913,2025-08-05,South,Accessories,Rep D,Inbound Call,5,741.64,3708.2,2025-08
510914,2025-11-20,West,Smart Blinds,Rep B,Partner,3,1097.12,3291.36,2025-11
510915,2024-02-20,East,Window Treatments,Rep A,Website,1,145.5,145.5,2024-02
510916,2025-09-25,South,Window Treatments,Rep D,Partner,5,526.0,2630.0,2025-09
510917,2025-02-16,Midwest,Window Treatments,Rep B,Website,3,738.99,2216.97,2025-02
510918,2025-03-07,Midwest,Outdoor Shades,Rep B,Partner,5,1091.3,5456.5,2025-03
510919,2025-02-01,East,Smart Blinds,Rep B,Partner,4,257.79,1031.16,2025-02
510920,2025-10-20,West,Outdoor Shades,Rep C,Partner,3,801.27,2403.81,2025-10
510921,2024-03-04,West,Outdoor Shades,Rep C,Referral,4,378.25,1513.0,2024-03
510922,2024-12-18,South,Smart Blinds,Rep E,Referral,5,723.79,3618.95,2024-12
510923,2024-10-09,West,Window Treatments,Rep D,Partner,1,433.53,433.53,2024-10
510924,2024-05-10,South,Outdoor Shades,Rep B,Inbound Call,1,253.95,253.95,2024-05
510925,2025-06-02,West,Smart Blinds,Rep C,Canvassing,1,751.65,751.65,2025-06
510926,2025-03-13,Midwest,Window Treatments,Rep E,Canvassing,2,597.15,1194.3,2025-03
510927,2025-05-22,Midwest,Window Treatments,Rep D,Referral,2,564.1,1128.2,2025-05
510928,2025-02-23,West,Window Treatments,Rep A,Inbound Call,4,367.95,1471.8,2025-02
510929,2024-11-08,Midwest,Window Treatments,Rep B,Partner,1,342.73,342.73,2024-11
510930,2024-10-06,East,Outdoor Shades,Rep D,Canvassing,2,476.34,952.68,2024-10
510931,2025-04-10,Midwest,Smart Blinds,Rep B,Website,5,865.08,4325.4,2025-04
510932,2025-10-06,South,Outdoor Shades,Rep D,Partner,5,233.21,1166.05,2025-10
510933,2024-12-04,East,Accessories,Rep E,Canvassing,2,929.61,1859.22,2024-12
510934,2024-02-18,West,Smart Blinds,Rep B,Website,5,745.01,3725.05,2024-02
510935,2025-04-06,South,Accessories,Rep D,Partner,3,1024.27,3072.81,2025-04
510936,2024-12-08,East,Window Treatments,Rep B,Referral,4,855.89,3423.56,2024-12
510937,2025-03-29,West,Outdoor Shades,Rep B,Inbound Call,2,539.72,1079.44,2025-03
510938,2025-07-27,Midwest,Smart Blinds,Rep C,Partner,3,470.9,1412.7,2025-07
510939,2025-05-12,South,Smart Blinds,Rep D,Referral,5,948.52,4742.6,2025-05
510940,2025-08-02,South,Window Treatments,Rep E,Canvassing,4,527.39,2109.56,2025-08
510941,2024-06-16,East,Accessories,Rep D,Referral,2,265.66,531.32,2024-06
510942,2024-07-30,West,Window Treatments,Rep B,Partner,4,675.7,2702.8,2024-07
510943,2025-08-16,Midwest,Smart Blinds,Rep B,Referral,5,1097.96,5489.8,2025-08
510944,2024-07-22,South,Accessories,Rep B,Inbound Call,3,387.69,1163.07,2024-07
510945,2025-09-03,East,Outdoor Shades,Rep A,Referral,5,651.14,3255.7,2025-09
510946,2025-02-14,East,Accessories,Rep B,Inbound Call,3,274.89,824.67,2025-02
510947,2024-09-04,East,Outdoor Shades,Rep C,Canvassing,2,675.8,1351.6,2024-09
510948,2025-01-10,West,Smart Blinds,Rep B,Inbound Call,3,182.31,546.93,2025-01
510949,2025-03-30,West,Outdoor Shades,Rep D,Website,1,511.08,511.08,2025-03
510950,2025-09-30,East,Window Treatments,Rep C,Website,4,610.53,2442.12,2025-09
510951,2024-05-30,East,Outdoor Shades,Rep E,Referral,3,596.4,1789.2,2024-05
510952,2024-02-25,Midwest,Smart Blinds,Rep C,Inbound Call,4,931.33,3725.32,2024-02
510953,2025-11-16,East,Smart Blinds,Rep B,Partner,4,869.34,3477.36,2025-11
510954,2024-07-31,South,Window Treatments,Rep A,Inbound Call,5,805.09,4025.45,2024-07
510955,2024-09-05,West,Window Treatments,Rep B,Canvassing,3,1051.22,3153.66,2024-09
510956,2025-11-09,West,Smart Blinds,Rep C,Website,3,1038.91,3116.73,2025-11
510957,2025-07-27,South,Smart Blinds,Rep A,Referral,5,790.14,3950.7,2025-07
510958,2024-08-07,East,Window Treatments,Rep A,Canvassing,5,909.1,4545.5,2024-08
510959,2024-07-19,South,Window Treatments,Rep B,Inbound Call,4,715.81,2863.24,2024-07
510960,2024-03-14,Midwest,Smart Blinds,Rep C,Website,4,980.46,3921.84,2024-03
510961,2024-09-28,Midwest,Outdoor Shades,Rep D,Inbound Call,5,322.42,1612.1,2024-09
510962,2025-02-11,South,Outdoor Shades,Rep E,Inbound Call,2,1093.52,2187.04,2025-02
510963,2025-01-17,West,Outdoor Shades,Rep A,Canvassing,3,987.92,2963.76,2025-01
510964,2024-11-14,South,Outdoor Shades,Rep E,Canvassing,2,937.24,1874.48,2024-11
510965,2024-08-03,Midwest,Window Treatments,Rep D,Partner,5,746.16,3730.8,2024-08
510966,2025-06-24,West,Smart Blinds,Rep D,Website,1,1042.79,1042.79,2025-06
510967,2025-02-26,Midwest,Smart Blinds,Rep C,Partner,4,622.58,2490.32,2025-02
510968,2024-12-09,South,Outdoor Shades,Rep B,Canvassing,5,262.49,1312.45,2024-12
510969,2024-09-27,Midwest,Window Treatments,Rep E,Partner,1,463.54,463.54,2024-09
510970,2024-03-16,East,Window Treatments,Rep E,Referral,2,555.38,1110.76,2024-03
510971,2025-09-27,South,Outdoor Shades,Rep C,Inbound Call,1,449.18,449.18,2025-09
510972,2025-11-10,East,Outdoor Shades,Rep E,Referral,5,626.52,3132.6,2025-11
510973,2024-07-12,West,Window Treatments,Rep C,Canvassing,3,327.69,983.07,2024-07
510974,2025-12-07,Midwest,Window Treatments,Rep A,Inbound Call,1,520.79,520.79,2025-12
510975,2024-01-26,Midwest,Outdoor Shades,Rep A,Website,4,974.74,3898.96,2024-01
510976,2024-09-21,West,Window Treatments,Rep B,Referral,2,835.53,1671.06,2024-09
510977,2024-03-01,West,Smart Blinds,Rep E,Referral,2,314.44,628.88,2024-03
510978,2025-10-06,West,Outdoor Shades,Rep C,Website,3,249.84,749.52,2025-10
510979,2024-10-06,East,Accessories,Rep B,Referral,3,1040.86,3122.58,2024-10
510980,2024-07-17,West,Outdoor Shades,Rep A,Website,4,924.82,3699.28,2024-07
510981,2024-05-15,South,Window Treatments,Rep D,Inbound Call,1,490.34,490.34,2024-05
510982,2025-11-26,East,Accessories,Rep E,Inbound Call,5,841.91,4209.55,2025-11
510983,2025-06-30,East,Outdoor Shades,Rep D,Partner,1,568.05,568.05,2025-06
510984,2024-09-10,South,Window Treatments,Rep D,Canvassing,3,214.6,643.8,2024-09
510985,2024-11-22,East,Smart Blinds,Rep C,Inbound Call,1,822.29,822.29,2024-11
510986,2025-12-12,South,Window Treatments,Rep B,Inbound Call,5,638.69,3193.45,2025-12
510987,2024-10-08,Midwest,Window Treatments,Rep D,Inbound Call,2,957.93,1915.86,2024-10
510988,2025-03-05,East,Window Treatments,Rep D,Canvassing,1,562.88,562.88,2025-03
510989,2025-12-13,West,Outdoor Shades,Rep E,Partner,4,513.74,2054.96,2025-12
510990,2024-12-13,West,Window Treatments,Rep B,Referral,1,359.84,359.84,2024-12
510991,2025-10-25,East,Window Treatments,Rep C,Website,1,491.38,491.38,2025-10
510992,2024-10-02,South,Window Treatments,Rep A,Referral,1,310.44,310.44,2024-10
510993,2024-04-25,East,Accessories,Rep B,Partner,5,772.28,3861.4,2024-04
510994,2024-07-05,Midwest,Outdoor Shades,Rep B,Partner,1,336.06,336.06,2024-07
510995,2025-03-29,Midwest,Window Treatments,Rep E,Partner,1,909.96,909.96,2025-03
510996,2024-03-24,Midwest,Smart Blinds,Rep C,Inbound Call,1,474.61,474.61,2024-03
510997,2025-05-24,West,Outdoor Shades,Rep D,Partner,3,219.84,659.52,2025-05
510998,2024-01-15,South,Outdoor Shades,Rep B,Canvassing,4,783.36,3133.44,2024-01
510999,2025-05-06,East,Window Treatments,Rep C,Canvassing,5,950.49,4752.45,2025-05
511000,2024-11-02,West,Outdoor Shades,Rep A,Website,1,259.06,259.06,2024-11
511001,2024-06-05,Midwest,Window Treatments,Rep B,Inbound Call,2,272.12,544.24,2024-06
511002,2025-12-14,Midwest,Window Treatments,Rep B,Canvassing,1,992.99,992.99,2025-12
511003,2025-10-08,South,Window Treatments,Rep E,Referral,3,877.74,2633.22,2025-10
511004,2025-10-20,West,Accessories,Rep D,Referral,2,603.89,1207.78,2025-10
511005,2025-03-23,East,Outdoor Shades,Rep E,Canvassing,3,371.44,1114.32,2025-03
511006,2024-03-20,Midwest,Window Treatments,Rep B,Referral,1,1030.69,1030.69,2024-03
511007,2025-08-18,West,Accessories,Rep C,Canvassing,2,766.94,1533.88,2025-08
511008,2025-11-23,Midwest,Smart Blinds,Rep C,Website,4,268.07,1072.28,2025-11
511009,2024-11-08,Midwest,Accessories,Rep C,Inbound Call,2,423.5,847.0,2024-11
511010,2025-05-25,Midwest,Outdoor Shades,Rep C,Referral,4,512.52,2050.08,2025-05
511011,2024-02-19,Midwest,Smart Blinds,Rep A,Referral,3,635.16,1905.48,2024-02
511012,2025-05-17,Midwest,Smart Blinds,Rep A,Canvassing,1,1028.28,1028.28,2025-05
511013,2025-03-07,South,Window Treatments,Rep E,Referral,5,997.78,4988.9,2025-03
511014,2025-09-18,South,Window Treatments,Rep D,Inbound Call,2,433.91,867.82,2025-09
511015,2025-06-30,South,Window Treatments,Rep D,Inbound Call,2,1067.84,2135.68,2025-06
511016,2024-03-23,South,Outdoor Shades,Rep C,Partner,2,347.53,695.06,2024-03
511017,2025-08-23,South,Outdoor Shades,Rep D,Canvassing,4,705.48,2821.92,2025-08
511018,2025-05-25,Midwest,Window Treatments,Rep D,Partner,5,122.46,612.3,2025-05
511019,2024-01-10,South,Window Treatments,Rep C,Referral,4,810.61,3242.44,2024-01
511020,2025-09-20,South,Accessories,Rep C,Website,1,934.15,934.15,2025-09
511021,2024-07-13,Midwest,Window Treatments,Rep C,Website,1,335.31,335.31,2024-07
511022,2024-06-27,South,Window Treatments,Rep B,Referral,2,404.95,809.9,2024-06
511023,2024-12-17,South,Accessories,Rep B,Website,3,261.75,785.25,2024-12
511024,2024-09-30,East,Window Treatments,Rep B,Partner,3,1071.98,3215.94,2024-09
511025,2024-04-10,East,Smart Blinds,Rep D,Website,4,921.08,3684.32,2024-04
511026,2025-06-01,Midwest,Outdoor Shades,Rep B,Website,1,341.26,341.26,2025-06
511027,2024-10-23,East,Smart Blinds,Rep D,Canvassing,2,391.44,782.88,2024-10
511028,2025-09-10,Midwest,Outdoor Shades,Rep C,Referral,4,953.93,3815.72,2025-09
511029,2025-12-19,East,Window Treatments,Rep D,Website,5,440.66,2203.3,2025-12
511030,2024-03-06,East,Outdoor Shades,Rep E,Canvassing,1,905.63,905.63,2024-03
511031,2025-02-04,South,Accessories,Rep A,Canvassing,5,596.03,2980.15,2025-02
511032,2025-11-15,Midwest,Outdoor Shades,Rep D,Website,5,856.5,4282.5,2025-11
511033,2024-06-27,West,Window Treatments,Rep E,Referral,5,966.01,4830.05,2024-06
511034,2025-09-29,Midwest,Window Treatments,Rep A,Canvassing,4,675.05,2700.2,2025-09
511035,2025-10-08,Midwest,Outdoor Shades,Rep B,Referral,2,660.39,1320.78,2025-10
511036,2024-11-30,South,Accessories,Rep C,Referral,3,914.62,2743.86,2024-11
511037,2025-10-30,East,Window Treatments,Rep C,Partner,4,1032.16,4128.64,2025-10
511038,2025-08-26,West,Outdoor Shades,Rep E,Referral,5,431.36,2156.8,2025-08
511039,2025-02-04,South,Accessories,Rep B,Canvassing,2,950.85,1901.7,2025-02
511040,2025-11-15,Midwest,Smart Blinds,Rep A,Website,3,228.1,684.3,2025-11
511041,2025-05-04,West,Outdoor Shades,Rep D,Canvassing,5,701.51,3507.55,2025-05
511042,2024-06-12,South,Window Treatments,Rep D,Inbound Call,2,919.68,1839.36,2024-06
511043,2025-12-06,Midwest,Window Treatments,Rep A,Partner,4,333.16,1332.64,2025-12
511044,2025-05-30,East,Outdoor Shades,Rep C,Referral,3,475.88,1427.64,2025-05
511045,2025-07-20,East,Window Treatments,Rep B,Inbound Call,5,616.22,3081.1,2025-07
511046,2025-03-20,South,Window Treatments,Rep C,Partner,5,456.61,2283.05,2025-03
511047,2025-11-07,Midwest,Outdoor Shades,Rep E,Partner,5,825.39,4126.95,2025-11
511048,2025-03-28,Midwest,Smart Blinds,Rep A,Inbound Call,2,195.62,391.24,2025-03
511049,2025-07-17,West,Smart Blinds,Rep D,Canvassing,5,895.47,4477.35,2025-07
511050,2024-03-29,South,Window Treatments,Rep D,Website,2,234.66,469.32,2024-03
511051,2025-02-04,West,Outdoor Shades,Rep B,Website,5,381.45,1907.25,2025-02
511052,2025-01-09,West,Window Treatments,Rep D,Canvassing,2,654.49,1308.98,2025-01
511053,2024-10-21,South,Accessories,Rep C,Website,1,857.28,857.28,2024-10
511054,2025-12-21,Midwest,Outdoor Shades,Rep D,Inbound Call,4,161.03,644.12,2025-12
511055,2024-08-23,East,Window Treatments,Rep A,Canvassing,4,661.38,2645.52,2024-08
511056,2025-04-11,West,Smart Blinds,Rep E,Inbound Call,2,871.46,1742.92,2025-04
511057,2024-08-30,East,Window Treatments,Rep B,Referral,4,215.29,861.16,2024-08
511058,2025-05-05,Midwest,Accessories,Rep B,Canvassing,4,1073.67,4294.68,2025-05
511059,2024-08-09,East,Accessories,Rep A,Inbound Call,5,259.05,1295.25,2024-08
511060,2024-09-08,West,Outdoor Shades,Rep D,Website,2,818.77,1637.54,2024-09
511061,2025-03-20,East,Outdoor Shades,Rep B,Website,1,222.41,222.41,2025-03
511062,2025-11-03,East,Smart Blinds,Rep A,Website,3,928.44,2785.32,2025-11
511063,2024-12-29,South,Window Treatments,Rep B,Partner,4,871.73,3486.92,2024-12
511064,2024-05-18,South,Accessories,Rep C,Canvassing,5,829.77,4148.85,2024-05
511065,2025-07-11,East,Accessories,Rep E,Inbound Call,5,987.11,4935.55,2025-07
511066,2024-06-10,Midwest,Window Treatments,Rep B,Canvassing,1,492.03,492.03,2024-06
511067,2025-02-14,Midwest,Accessories,Rep C,Referral,2,905.4,1810.8,2025-02
511068,2025-05-21,West,Window Treatments,Rep C,Partner,3,151.98,455.94,2025-05
511069,2025-07-20,East,Outdoor Shades,Rep D,Inbound Call,3,260.44,781.32,2025-07
511070,2024-05-08,East,Window Treatments,Rep B,Inbound Call,5,632.46,3162.3,2024-05
511071,2024-12-12,South,Window Treatments,Rep C,Partner,2,655.01,1310.02,2024-12
511072,2024-01-24,Midwest,Window Treatments,Rep D,Inbound Call,1,666.36,666.36,2024-01
511073,2025-07-21,West,Window Treatments,Rep D,Website,5,756.61,3783.05,2025-07
511074,2025-06-18,South,Accessories,Rep A,Partner,2,921.97,1843.94,2025-06
511075,2024-08-23,South,Window Treatments,Rep E,Website,2,167.04,334.08,2024-08
511076,2025-08-06,West,Window Treatments,Rep E,Website,4,122.77,491.08,2025-08
511077,2025-03-28,West,Outdoor Shades,Rep E,Website,2,441.49,882.98,2025-03
511078,2025-08-13,West,Window Treatments,Rep A,Canvassing,3,290.61,871.83,2025-08
511079,2024-07-04,Midwest,Window Treatments,Rep E,Canvassing,3,795.58,2386.74,2024-07
511080,2024-03-08,South,Outdoor Shades,Rep D,Canvassing,5,428.43,2142.15,2024-03
511081,2025-07-31,South,Outdoor Shades,Rep D,Inbound Call,1,978.49,978.49,2025-07
511082,2025-10-12,West,Accessories,Rep D,Canvassing,1,242.43,242.43,2025-10
511083,2024-12-03,South,Window Treatments,Rep A,Referral,4,796.7,3186.8,2024-12
511084,2025-10-21,East,Outdoor Shades,Rep A,Partner,1,941.62,941.62,2025-10
511085,2025-10-25,South,Outdoor Shades,Rep E,Partner,3,267.4,802.2,2025-10
511086,2024-06-22,South,Window Treatments,Rep C,Partner,3,605.37,1816.11,2024-06
511087,2025-06-07,West,Smart Blinds,Rep B,Website,3,1017.49,3052.47,2025-06
511088,2024-01-15,East,Accessories,Rep E,Referral,5,435.63,2178.15,2024-01
511089,2025-10-07,West,Window Treatments,Rep E,Partner,1,734.72,734.72,2025-10
511090,2025-02-09,South,Outdoor Shades,Rep C,Referral,3,938.24,2814.72,2025-02
511091,2025-04-23,West,Outdoor Shades,Rep D,Canvassing,4,128.12,512.48,2025-04
511092,2025-01-08,West,Accessories,Rep C,Inbound Call,1,580.89,580.89,2025-01
511093,2025-05-18,West,Window Treatments,Rep C,Canvassing,4,677.06,2708.24,2025-05
511094,2024-02-21,South,Accessories,Rep B,Referral,1,442.58,442.58,2024-02
511095,2024-02-28,Midwest,Accessories,Rep A,Website,5,614.33,3071.65,2024-02
511096,2024-10-06,East,Smart Blinds,Rep A,Website,4,192.62,770.48,2024-10
511097,2025-11-24,South,Outdoor Shades,Rep D,Referral,1,449.33,449.33,2025-11
511098,2025-09-17,East,Outdoor Shades,Rep D,Website,2,773.83,1547.66,2025-09
511099,2024-12-06,East,Window Treatments,Rep E,Inbound Call,1,412.03,412.03,2024-12
511100,2025-02-28,East,Outdoor Shades,Rep C,Partner,2,959.17,1918.34,2025-02
511101,2025-05-28,East,Outdoor Shades,Rep D,Website,2,378.17,756.34,2025-05
511102,2025-04-12,South,Outdoor Shades,Rep A,Partner,2,1011.83,2023.66,2025-04
511103,2025-08-10,Midwest,Accessories,Rep A,Canvassing,3,1084.81,3254.43,2025-08
511104,2025-03-30,East,Outdoor Shades,Rep E,Partner,5,719.91,3599.55,2025-03
511105,2024-06-03,South,Accessories,Rep E,Referral,5,595.37,2976.85,2024-06
511106,2025-07-01,Midwest,Outdoor Shades,Rep A,Website,4,193.34,773.36,2025-07
511107,2025-03-13,South,Outdoor Shades,Rep E,Website,5,1091.74,5458.7,2025-03
511108,2024-04-12,East,Window Treatments,Rep D,Website,5,188.61,943.05,2024-04
511109,2024-04-22,Midwest,Outdoor Shades,Rep B,Canvassing,5,782.06,3910.3,2024-04
511110,2024-02-01,South,Outdoor Shades,Rep E,Canvassing,1,867.79,867.79,2024-02
511111,2024-07-12,West,Window Treatments,Rep A,Canvassing,2,187.75,375.5,2024-07
511112,2025-12-05,West,Window Treatments,Rep A,Inbound Call,5,1072.64,5363.2,2025-12
511113,2024-06-03,Midwest,Window Treatments,Rep C,Website,4,411.08,1644.32,2024-06
511114,2025-10-16,South,Smart Blinds,Rep B,Partner,4,537.28,2149.12,2025-10
511115,2024-02-08,Midwest,Smart Blinds,Rep D,Canvassing,2,243.63,487.26,2024-02
511116,2025-02-17,West,Accessories,Rep B,Website,1,809.56,809.56,2025-02
511117,2025-07-23,South,Window Treatments,Rep C,Referral,3,1033.29,3099.87,2025-07
511118,2024-05-13,East,Accessories,Rep E,Inbound Call,1,393.38,393.38,2024-05
511119,2024-04-15,West,Window Treatments,Rep A,Referral,5,257.62,1288.1,2024-04
511120,2024-11-17,Midwest,Smart Blinds,Rep A,Referral,2,1022.65,2045.3,2024-11
511121,2025-12-13,South,Smart Blinds,Rep E,Inbound Call,5,351.95,1759.75,2025-12
511122,2024-04-26,Midwest,Smart Blinds,Rep B,Referral,4,850.96,3403.84,2024-04
511123,2024-10-13,East,Accessories,Rep D,Partner,4,510.05,2040.2,2024-10
511124,2024-07-19,South,Accessories,Rep A,Partner,1,685.35,685.35,2024-07
511125,2024-07-20,South,Outdoor Shades,Rep B,Referral,3,478.69,1436.07,2024-07
511126,2024-08-28,Midwest,Smart Blinds,Rep E,Website,3,567.74,1703.22,2024-08
511127,2024-07-10,South,Outdoor Shades,Rep D,Canvassing,1,959.44,959.44,2024-07
511128,2025-03-10,Midwest,Window Treatments,Rep B,Partner,2,425.88,851.76,2025-03
511129,2024-03-11,Midwest,Accessories,Rep C,Inbound Call,1,146.75,146.75,2024-03
511130,2024-09-12,South,Accessories,Rep B,Inbound Call,1,186.61,186.61,2024-09
511131,2024-08-08,West,Outdoor Shades,Rep C,Website,5,1046.44,5232.2,2024-08
511132,2025-12-28,Midwest,Window Treatments,Rep A,Partner,5,411.2,2056.0,2025-12
511133,2024-11-06,West,Window Treatments,Rep E,Partner,3,295.93,887.79,2024-11
511134,2024-03-17,West,Window Treatments,Rep B,Canvassing,3,390.86,1172.58,2024-03
511135,2024-10-04,West,Accessories,Rep C,Partner,5,531.29,2656.45,2024-10
511136,2025-07-19,East,Outdoor Shades,Rep A,Referral,2,286.27,572.54,2025-07
511137,2024-07-13,East,Accessories,Rep C,Referral,5,732.73,3663.65,2024-07
511138,2024-04-21,East,Window Treatments,Rep C,Referral,4,1098.52,4394.08,2024-04
511139,2025-06-29,West,Smart Blinds,Rep C,Canvassing,2,428.63,857.26,2025-06
511140,2025-04-17,East,Window Treatments,Rep D,Canvassing,1,679.72,679.72,2025-04
511141,2025-03-25,Midwest,Window Treatments,Rep D,Partner,2,1026.84,2053.68,2025-03
511142,2025-04-05,East,Smart Blinds,Rep D,Partner,5,713.7,3568.5,2025-04
511143,2025-05-26,Midwest,Outdoor Shades,Rep C,Partner,4,960.06,3840.24,2025-05
511144,2024-05-24,Midwest,Accessories,Rep A,Canvassing,5,694.63,3473.15,2024-05
511145,2024-08-22,West,Window Treatments,Rep C,Partner,4,750.21,3000.84,2024-08
511146,2024-04-20,East,Window Treatments,Rep D,Referral,4,333.7,1334.8,2024-04
511147,2025-09-22,East,Window Treatments,Rep A,Referral,4,668.68,2674.72,2025-09
511148,2025-01-19,West,Window Treatments,Rep B,Referral,1,400.44,400.44,2025-01
511149,2025-09-15,Midwest,Window Treatments,Rep A,Website,2,767.96,1535.92,2025-09
511150,2024-07-29,Midwest,Window Treatments,Rep D,Partner,1,384.17,384.17,2024-07
511151,2025-10-04,South,Window Treatments,Rep C,Referral,2,549.69,1099.38,2025-10
511152,2024-11-25,Midwest,Smart Blinds,Rep E,Partner,2,766.24,1532.48,2024-11
511153,2024-08-28,South,Window Treatments,Rep C,Partner,2,569.67,1139.34,2024-08
511154,2024-04-30,Midwest,Window Treatments,Rep D,Canvassing,4,645.47,2581.88,2024-04
511155,2025-07-02,Midwest,Outdoor Shades,Rep D,Inbound Call,1,482.56,482.56,2025-07
511156,2025-09-04,East,Smart Blinds,Rep B,Inbound Call,1,730.3,730.3,2025-09
511157,2025-11-11,Midwest,Window Treatments,Rep D,Inbound Call,2,993.56,1987.12,2025-11
511158,2024-10-20,South,Accessories,Rep E,Partner,1,656.87,656.87,2024-10
511159,2024-01-25,West,Outdoor Shades,Rep D,Referral,4,451.46,1805.84,2024-01
511160,2024-10-28,South,Window Treatments,Rep D,Referral,5,368.51,1842.55,2024-10
511161,2024-07-18,West,Window Treatments,Rep A,Referral,2,1056.38,2112.76,2024-07
511162,2024-12-31,East,Window Treatments,Rep B,Inbound Call,4,1050.12,4200.48,2024-12
511163,2025-03-29,East,Window Treatments,Rep D,Inbound Call,2,951.5,1903.0,2025-03
511164,2025-01-25,East,Outdoor Shades,Rep E,Website,1,571.46,571.46,2025-01
511165,2025-10-06,South,Outdoor Shades,Rep E,Referral,1,685.51,685.51,2025-10
511166,2024-07-23,Midwest,Window Treatments,Rep C,Website,2,711.74,1423.48,2024-07
511167,2025-03-23,Midwest,Outdoor Shades,Rep C,Canvassing,2,517.72,1035.44,2025-03
511168,2024-04-04,West,Window Treatments,Rep A,Canvassing,1,470.8,470.8,2024-04
511169,2025-09-11,East,Window Treatments,Rep A,Partner,3,996.71,2990.13,2025-09
511170,2024-09-12,East,Smart Blinds,Rep E,Partner,2,1036.81,2073.62,2024-09
511171,2025-06-17,West,Outdoor Shades,Rep C,Canvassing,3,761.03,2283.09,2025-06
511172,2024-04-15,West,Window Treatments,Rep E,Website,1,801.56,801.56,2024-04
511173,2024-09-04,South,Window Treatments,Rep C,Referral,5,252.17,1260.85,2024-09
511174,2025-01-10,East,Smart Blinds,Rep D,Referral,3,271.17,813.51,2025-01
511175,2025-01-16,Midwest,Accessories,Rep A,Inbound Call,1,147.79,147.79,2025-01
511176,2025-07-18,South,Smart Blinds,Rep A,Partner,2,435.91,871.82,2025-07
511177,2024-12-25,South,Outdoor Shades,Rep C,Partner,5,721.71,3608.55,2024-12
511178,2024-06-28,East,Window Treatments,Rep E,Partner,2,734.45,1468.9,2024-06
511179,2024-05-06,East,Smart Blinds,Rep E,Inbound Call,3,411.64,1234.92,2024-05
511180,2024-01-25,South,Outdoor Shades,Rep C,Canvassing,5,916.07,4580.35,2024-01
511181,2024-11-30,Midwest,Outdoor Shades,Rep A,Canvassing,2,666.58,1333.16,2024-11
511182,2025-10-17,East,Outdoor Shades,Rep B,Website,5,249.36,1246.8,2025-10
511183,2024-10-08,East,Outdoor Shades,Rep E,Canvassing,3,574.56,1723.68,2024-10
511184,2024-06-16,South,Window Treatments,Rep C,Website,2,254.4,508.8,2024-06
511185,2024-02-18,East,Accessories,Rep A,Referral,2,1053.22,2106.44,2024-02
511186,2024-05-30,East,Smart Blinds,Rep B,Referral,5,334.17,1670.85,2024-05
511187,2024-11-07,East,Outdoor Shades,Rep B,Website,1,321.83,321.83,2024-11
511188,2025-12-01,West,Window Treatments,Rep E,Canvassing,5,726.73,3633.65,2025-12
511189,2024-06-16,South,Window Treatments,Rep C,Inbound Call,3,169.55,508.65,2024-06
511190,2024-04-10,East,Outdoor Shades,Rep D,Partner,2,342.76,685.52,2024-04
511191,2025-12-29,East,Outdoor Shades,Rep C,Website,1,1061.09,1061.09,2025-12
511192,2024-12-20,Midwest,Window Treatments,Rep C,Website,5,243.57,1217.85,2024-12
511193,2024-02-27,Midwest,Smart Blinds,Rep E,Partner,4,789.18,3156.72,2024-02
511194,2025-12-30,East,Smart Blinds,Rep D,Inbound Call,5,719.49,3597.45,2025-12
511195,2024-10-04,Midwest,Smart Blinds,Rep B,Referral,1,167.29,167.29,2024-10
511196,2024-05-08,East,Accessories,Rep D,Inbound Call,1,878.34,878.34,2024-05
511197,2025-05-31,West,Window Treatments,Rep C,Inbound Call,3,970.07,2910.21,2025-05
511198,2024-08-14,Midwest,Outdoor Shades,Rep A,Referral,1,841.21,841.21,2024-08
511199,2024-04-29,Midwest,Window Treatments,Rep D,Website,3,356.74,1070.22,2024-04
511200,2024-10-16,Midwest,Window Treatments,Rep B,Canvassing,2,483.59,967.18,2024-10
511201,2024-07-09,South,Window Treatments,Rep C,Inbound Call,5,653.99,3269.95,2024-07
511202,2024-11-22,Midwest,Window Treatments,Rep C,Website,2,955.8,1911.6,2024-11
511203,2025-06-02,West,Smart Blinds,Rep C,Referral,1,189.47,189.47,2025-06
511204,2024-11-02,West,Outdoor Shades,Rep D,Canvassing,3,336.27,1008.81,2024-11
511205,2025-07-21,South,Window Treatments,Rep E,Referral,2,785.39,1570.78,2025-07
511206,2025-01-26,East,Smart Blinds,Rep A,Canvassing,4,425.03,1700.12,2025-01
511207,2025-09-08,East,Smart Blinds,Rep B,Website,1,932.2,932.2,2025-09
511208,2024-09-15,Midwest,Outdoor Shades,Rep E,Partner,3,629.56,1888.68,2024-09
511209,2024-09-20,East,Window Treatments,Rep B,Website,4,848.87,3395.48,2024-09
511210,2024-06-15,East,Window Treatments,Rep C,Website,1,517.94,517.94,2024-06
511211,2024-10-27,West,Window Treatments,Rep A,Referral,5,360.86,1804.3,2024-10
511212,2024-08-20,Midwest,Accessories,Rep E,Website,4,402.49,1609.96,2024-08
511213,2025-04-18,South,Accessories,Rep A,Canvassing,4,279.37,1117.48,2025-04
511214,2025-04-28,Midwest,Outdoor Shades,Rep B,Inbound Call,3,634.87,1904.61,2025-04
511215,2025-08-31,South,Window Treatments,Rep D,Referral,3,540.38,1621.14,2025-08
511216,2025-09-25,South,Outdoor Shades,Rep D,Referral,5,655.69,3278.45,2025-09
511217,2024-07-23,East,Outdoor Shades,Rep C,Inbound Call,1,840.91,840.91,2024-07
511218,2024-05-04,West,Outdoor Shades,Rep B,Partner,1,652.96,652.96,2024-05
511219,2025-11-21,East,Smart Blinds,Rep A,Partner,2,752.89,1505.78,2025-11
511220,2025-11-27,South,Accessories,Rep E,Partner,4,794.8,3179.2,2025-11
511221,2024-08-15,South,Outdoor Shades,Rep B,Canvassing,4,170.09,680.36,2024-08
511222,2024-02-10,Midwest,Window Treatments,Rep B,Canvassing,2,835.57,1671.14,2024-02
511223,2025-07-24,West,Window Treatments,Rep A,Canvassing,2,811.51,1623.02,2025-07
511224,2025-07-12,South,Smart Blinds,Rep C,Website,1,372.21,372.21,2025-07
511225,2024-04-07,West,Outdoor Shades,Rep D,Website,2,189.58,379.16,2024-04
511226,2024-05-22,South,Window Treatments,Rep E,Canvassing,4,959.9,3839.6,2024-05
511227,2024-08-02,East,Window Treatments,Rep A,Partner,5,422.71,2113.55,2024-08
511228,2025-05-07,Midwest,Smart Blinds,Rep D,Referral,3,343.9,1031.7,2025-05
511229,2024-02-23,East,Outdoor Shades,Rep C,Inbound Call,2,221.88,443.76,2024-02
511230,2024-10-02,West,Smart Blinds,Rep C,Inbound Call,1,737.67,737.67,2024-10
511231,2025-05-28,South,Smart Blinds,Rep A,Inbound Call,2,785.2,1570.4,2025-05
511232,2025-08-22,East,Window Treatments,Rep A,Referral,3,474.26,1422.78,2025-08
511233,2024-03-30,Midwest,Outdoor Shades,Rep C,Referral,3,804.5,2413.5,2024-03
511234,2025-01-22,West,Window Treatments,Rep A,Inbound Call,4,484.97,1939.88,2025-01
511235,2024-07-25,South,Window Treatments,Rep C,Partner,3,557.14,1671.42,2024-07
511236,2024-03-14,South,Outdoor Shades,Rep A,Website,3,255.03,765.09,2024-03
511237,2025-06-21,East,Outdoor Shades,Rep E,Website,2,768.94,1537.88,2025-06
511238,2025-01-21,West,Smart Blinds,Rep B,Partner,4,521.85,2087.4,2025-01
511239,2024-08-06,East,Smart Blinds,Rep B,Referral,3,350.29,1050.87,2024-08
511240,2024-07-11,East,Smart Blinds,Rep C,Partner,1,831.96,831.96,2024-07
511241,2025-06-23,East,Window Treatments,Rep A,Canvassing,5,713.44,3567.2,2025-06
511242,2024-10-07,West,Outdoor Shades,Rep E,Website,4,639.18,2556.72,2024-10
511243,2025-12-01,West,Outdoor Shades,Rep E,Partner,5,984.46,4922.3,2025-12
511244,2025-07-28,West,Outdoor Shades,Rep E,Referral,2,398.78,797.56,2025-07
511245,2025-01-21,East,Outdoor Shades,Rep A,Canvassing,3,1098.39,3295.17,2025-01
511246,2025-10-16,South,Window Treatments,Rep E,Partner,2,921.12,1842.24,2025-10
511247,2025-09-17,East,Window Treatments,Rep A,Canvassing,4,432.08,1728.32,2025-09
511248,2025-11-10,Midwest,Outdoor Shades,Rep D,Inbound Call,1,947.94,947.94,2025-11
511249,2024-08-25,West,Window Treatments,Rep B,Canvassing,3,885.14,2655.42,2024-08
511250,2024-12-09,West,Window Treatments,Rep A,Canvassing,4,176.53,706.12,2024-12
511251,2025-08-05,South,Accessories,Rep A,Inbound Call,2,402.16,804.32,2025-08
511252,2025-01-11,South,Outdoor Shades,Rep D,Inbound Call,1,1041.71,1041.71,2025-01
511253,2024-11-06,East,Accessories,Rep E,Inbound Call,2,742.11,1484.22,2024-11
511254,2025-04-22,Midwest,Window Treatments,Rep D,Referral,4,422.4,1689.6,2025-04
511255,2024-05-01,West,Outdoor Shades,Rep A,Referral,5,777.05,3885.25,2024-05
511256,2025-07-03,South,Outdoor Shades,Rep E,Partner,2,866.88,1733.76,2025-07
511257,2025-03-15,West,Smart Blinds,Rep E,Canvassing,5,283.8,1419.0,2025-03
511258,2025-01-28,Midwest,Outdoor Shades,Rep D,Partner,1,707.25,707.25,2025-01
511259,2025-07-06,Midwest,Accessories,Rep D,Partner,1,540.79,540.79,2025-07
511260,2025-01-13,West,Window Treatments,Rep E,Partner,3,1040.14,3120.42,2025-01
511261,2024-11-19,East,Outdoor Shades,Rep B,Canvassing,1,591.74,591.74,2024-11
511262,2025-02-15,East,Smart Blinds,Rep C,Canvassing,1,197.7,197.7,2025-02
511263,2024-10-01,East,Smart Blinds,Rep D,Referral,1,832.34,832.34,2024-10
511264,2024-06-03,Midwest,Outdoor Shades,Rep C,Referral,2,1029.8,2059.6,2024-06
511265,2024-11-07,East,Outdoor Shades,Rep A,Website,5,548.63,2743.15,2024-11
511266,2024-06-01,West,Outdoor Shades,Rep A,Partner,1,585.12,585.12,2024-06
511267,2025-11-24,West,Window Treatments,Rep C,Partner,3,989.59,2968.77,2025-11
511268,2024-11-25,West,Smart Blinds,Rep A,Inbound Call,3,699.17,2097.51,2024-11
511269,2024-10-10,South,Accessories,Rep D,Partner,1,710.79,710.79,2024-10
511270,2025-11-23,Midwest,Smart Blinds,Rep D,Partner,4,504.88,2019.52,2025-11
511271,2024-07-12,Midwest,Outdoor Shades,Rep D,Canvassing,3,931.64,2794.92,2024-07
511272,2025-07-14,South,Accessories,Rep D,Referral,1,216.07,216.07,2025-07
511273,2024-04-13,East,Accessories,Rep D,Referral,2,882.11,1764.22,2024-04
511274,2025-03-08,South,Accessories,Rep E,Referral,5,1037.87,5189.35,2025-03
511275,2025-03-15,East,Window Treatments,Rep C,Canvassing,1,1059.13,1059.13,2025-03
511276,2024-08-09,East,Window Treatments,Rep E,Referral,5,329.69,1648.45,2024-08
511277,2025-07-20,East,Accessories,Rep D,Inbound Call,2,412.81,825.62,2025-07
511278,2024-10-06,Midwest,Window Treatments,Rep B,Referral,2,667.12,1334.24,2024-10
511279,2024-06-30,West,Smart Blinds,Rep E,Partner,2,359.49,718.98,2024-06
511280,2025-01-19,Midwest,Window Treatments,Rep B,Inbound Call,2,750.49,1500.98,2025-01
511281,2024-09-19,West,Window Treatments,Rep A,Website,3,182.92,548.76,2024-09
511282,2024-10-27,Midwest,Smart Blinds,Rep B,Partner,5,538.94,2694.7,2024-10
511283,2025-11-19,South,Smart Blinds,Rep C,Referral,2,1027.23,2054.46,2025-11
511284,2024-04-12,South,Accessories,Rep D,Website,2,615.27,1230.54,2024-04
511285,2024-07-31,Midwest,Window Treatments,Rep A,Partner,4,842.29,3369.16,2024-07
511286,2024-04-27,West,Window Treatments,Rep D,Partner,2,509.09,1018.18,2024-04
511287,2025-07-16,Midwest,Smart Blinds,Rep E,Partner,1,1096.46,1096.46,2025-07
511288,2024-08-06,West,Outdoor Shades,Rep C,Website,3,230.81,692.43,2024-08
511289,2024-07-20,East,Accessories,Rep B,Referral,4,527.71,2110.84,2024-07
511290,2024-11-15,South,Smart Blinds,Rep E,Referral,2,275.88,551.76,2024-11
511291,2025-10-29,West,Window Treatments,Rep A,Canvassing,5,1029.52,5147.6,2025-10
511292,2024-03-27,Midwest,Accessories,Rep C,Referral,4,994.56,3978.24,2024-03
511293,2024-06-15,Midwest,Outdoor Shades,Rep D,Referral,2,671.46,1342.92,2024-06
511294,2024-10-24,West,Window Treatments,Rep C,Canvassing,1,600.9,600.9,2024-10
511295,2024-12-14,West,Window Treatments,Rep E,Referral,4,983.41,3933.64,2024-12
511296,2025-03-19,South,Smart Blinds,Rep D,Referral,5,641.94,3209.7,2025-03
511297,2025-10-11,Midwest,Outdoor Shades,Rep B,Partner,4,738.31,2953.24,2025-10
511298,2025-10-13,East,Outdoor Shades,Rep B,Website,4,669.75,2679.0,2025-10
511299,2024-09-19,South,Accessories,Rep A,Canvassing,3,739.88,2219.64,2024-09
511300,2025-03-10,South,Smart Blinds,Rep D,Partner,2,173.29,346.58,2025-03
511301,2025-06-05,Midwest,Smart Blinds,Rep A,Partner,3,319.09,957.27,2025-06
511302,2024-04-28,South,Smart Blinds,Rep D,Referral,5,532.8,2664.0,2024-04
511303,2024-07-16,West,Smart Blinds,Rep E,Inbound Call,1,538.65,538.65,2024-07
511304,2024-04-21,East,Window Treatments,Rep D,Website,1,141.7,141.7,2024-04
511305,2024-12-31,West,Outdoor Shades,Rep A,Canvassing,5,352.9,1764.5,2024-12
511306,2025-08-01,East,Outdoor Shades,Rep C,Inbound Call,2,724.97,1449.94,2025-08
511307,2024-11-01,West,Window Treatments,Rep A,Inbound Call,4,186.44,745.76,2024-11
511308,2024-03-15,East,Window Treatments,Rep A,Website,1,946.56,946.56,2024-03
511309,2024-02-06,South,Outdoor Shades,Rep A,Partner,5,667.01,3335.05,2024-02
511310,2024-02-29,West,Smart Blinds,Rep B,Canvassing,3,594.13,1782.39,2024-02
511311,2024-07-03,South,Window Treatments,Rep E,Website,3,465.07,1395.21,2024-07
511312,2025-08-28,South,Window Treatments,Rep E,Canvassing,3,1015.09,3045.27,2025-08
511313,2024-10-26,West,Outdoor Shades,Rep A,Partner,2,837.16,1674.32,2024-10
511314,2024-10-05,South,Smart Blinds,Rep E,Website,4,369.48,1477.92,2024-10
511315,2024-05-23,East,Window Treatments,Rep B,Inbound Call,2,870.82,1741.64,2024-05
511316,2024-07-25,South,Smart Blinds,Rep D,Website,5,811.03,4055.15,2024-07
511317,2024-11-29,Midwest,Outdoor Shades,Rep B,Referral,1,238.16,238.16,2024-11
511318,2025-03-16,East,Smart Blinds,Rep A,Partner,2,522.12,1044.24,2025-03
511319,2025-07-28,West,Window Treatments,Rep C,Inbound Call,1,812.56,812.56,2025-07
511320,2025-06-23,East,Outdoor Shades,Rep A,Partner,1,1076.41,1076.41,2025-06
511321,2024-01-24,West,Accessories,Rep B,Website,2,689.72,1379.44,2024-01
511322,2024-07-09,West,Window Treatments,Rep D,Inbound Call,2,880.45,1760.9,2024-07
511323,2025-05-03,West,Window Treatments,Rep E,Canvassing,2,550.82,1101.64,2025-05
511324,2024-08-17,South,Window Treatments,Rep D,Website,4,1029.17,4116.68,2024-08
511325,2024-01-05,East,Smart Blinds,Rep D,Inbound Call,5,930.06,4650.3,2024-01
511326,2024-07-07,East,Window Treatments,Rep C,Inbound Call,5,241.64,1208.2,2024-07
511327,2024-09-05,South,Window Treatments,Rep C,Website,2,1072.28,2144.56,2024-09
511328,2025-01-20,West,Smart Blinds,Rep E,Referral,1,778.45,778.45,2025-01
511329,2024-12-07,South,Smart Blinds,Rep C,Website,1,753.11,753.11,2024-12
511330,2024-02-26,West,Outdoor Shades,Rep A,Canvassing,2,164.73,329.46,2024-02
511331,2024-10-28,South,Accessories,Rep B,Website,4,976.07,3904.28,2024-10
511332,2024-06-18,South,Window Treatments,Rep D,Partner,5,770.43,3852.15,2024-06
511333,2025-10-06,South,Outdoor Shades,Rep E,Partner,5,169.97,849.85,2025-10
511334,2025-06-29,East,Window Treatments,Rep C,Inbound Call,4,1005.83,4023.32,2025-06
511335,2025-11-05,West,Smart Blinds,Rep A,Partner,4,291.95,1167.8,2025-11
511336,2024-03-08,East,Accessories,Rep B,Partner,2,608.0,1216.0,2024-03
511337,2024-08-16,East,Window Treatments,Rep B,Canvassing,1,980.18,980.18,2024-08
511338,2025-11-07,West,Window Treatments,Rep E,Canvassing,1,406.71,406.71,2025-11
511339,2025-01-24,East,Accessories,Rep D,Canvassing,5,587.8,2939.0,2025-01
511340,2024-04-13,East,Window Treatments,Rep C,Referral,4,191.53,766.12,2024-04
511341,2025-02-06,East,Smart Blinds,Rep E,Website,4,974.96,3899.84,2025-02
511342,2025-04-30,South,Smart Blinds,Rep D,Referral,5,764.5,3822.5,2025-04
511343,2025-02-02,South,Window Treatments,Rep B,Referral,5,1009.52,5047.6,2025-02
511344,2024-08-08,East,Outdoor Shades,Rep B,Referral,3,715.5,2146.5,2024-08
511345,2025-03-02,East,Window Treatments,Rep D,Partner,3,558.09,1674.27,2025-03
511346,2025-03-20,West,Window Treatments,Rep B,Referral,4,741.24,2964.96,2025-03
511347,2024-03-17,West,Window Treatments,Rep C,Website,4,125.18,500.72,2024-03
511348,2025-09-25,South,Smart Blinds,Rep C,Partner,1,214.13,214.13,2025-09
511349,2025-09-14,Midwest,Window Treatments,Rep A,Canvassing,4,248.42,993.68,2025-09
511350,2024-09-23,West,Smart Blinds,Rep A,Partner,5,745.14,3725.7,2024-09
511351,2024-07-16,Midwest,Window Treatments,Rep A,Referral,1,332.23,332.23,2024-07
511352,2025-03-03,South,Window Treatments,Rep C,Referral,5,1015.05,5075.25,2025-03
511353,2024-09-10,South,Smart Blinds,Rep C,Inbound Call,5,802.95,4014.75,2024-09
511354,2024-06-27,West,Smart Blinds,Rep A,Referral,5,792.56,3962.8,2024-06
511355,2025-07-18,Midwest,Outdoor Shades,Rep C,Canvassing,4,783.46,3133.84,2025-07
511356,2024-07-01,South,Outdoor Shades,Rep A,Website,3,747.96,2243.88,2024-07
511357,2025-08-03,West,Outdoor Shades,Rep B,Website,3,124.18,372.54,2025-08
511358,2024-06-30,West,Window Treatments,Rep D,Partner,5,1089.99,5449.95,2024-06
511359,2025-05-29,Midwest,Window Treatments,Rep A,Canvassing,2,819.38,1638.76,2025-05
511360,2025-03-24,West,Window Treatments,Rep B,Inbound Call,5,726.12,3630.6,2025-03
511361,2024-10-07,South,Outdoor Shades,Rep E,Inbound Call,4,530.99,2123.96,2024-10
511362,2024-02-06,East,Accessories,Rep B,Partner,4,1019.09,4076.36,2024-02
511363,2025-11-17,East,Accessories,Rep B,Referral,4,670.86,2683.44,2025-11
511364,2024-08-16,East,Outdoor Shades,Rep E,Canvassing,2,773.89,1547.78,2024-08
511365,2024-10-26,Midwest,Smart Blinds,Rep E,Inbound Call,3,363.65,1090.95,2024-10
511366,2024-07-24,East,Accessories,Rep C,Inbound Call,5,829.16,4145.8,2024-07
511367,2025-05-01,South,Window Treatments,Rep A,Inbound Call,1,300.52,300.52,2025-05
511368,2025-04-26,East,Window Treatments,Rep E,Inbound Call,4,394.31,1577.24,2025-04
511369,2025-05-07,Midwest,Outdoor Shades,Rep A,Website,3,430.4,1291.2,2025-05
511370,2025-03-30,South,Outdoor Shades,Rep D,Partner,3,310.51,931.53,2025-03
511371,2025-08-14,East,Smart Blinds,Rep B,Partner,2,216.33,432.66,2025-08
511372,2025-12-09,Midwest,Outdoor Shades,Rep D,Referral,1,741.75,741.75,2025-12
511373,2025-02-07,East,Accessories,Rep E,Website,4,801.9,3207.6,2025-02
511374,2025-06-30,East,Window Treatments,Rep A,Partner,2,252.51,505.02,2025-06
511375,2025-05-27,East,Smart Blinds,Rep A,Referral,4,354.23,1416.92,2025-05
511376,2025-05-04,Midwest,Window Treatments,Rep E,Inbound Call,2,642.99,1285.98,2025-05
511377,2025-07-07,East,Smart Blinds,Rep D,Partner,1,535.93,535.93,2025-07
511378,2024-05-25,Midwest,Window Treatments,Rep D,Partner,1,352.37,352.37,2024-05
511379,2025-04-21,East,Smart Blinds,Rep B,Referral,5,867.74,4338.7,2025-04
511380,2024-11-11,South,Window Treatments,Rep B,Website,3,669.25,2007.75,2024-11
511381,2025-05-02,South,Window Treatments,Rep B,Website,5,236.06,1180.3,2025-05
511382,2025-01-27,South,Outdoor Shades,Rep A,Partner,4,422.35,1689.4,2025-01
511383,2025-08-14,West,Smart Blinds,Rep B,Website,4,545.71,2182.84,2025-08
511384,2025-03-16,Midwest,Window Treatments,Rep E,Partner,1,230.93,230.93,2025-03
511385,2025-01-04,East,Window Treatments,Rep A,Canvassing,5,733.5,3667.5,2025-01
511386,2025-10-03,Midwest,Accessories,Rep A,Partner,2,952.89,1905.78,2025-10
511387,2025-04-02,East,Accessories,Rep E,Website,3,973.33,2919.99,2025-04
511388,2025-12-06,East,Window Treatments,Rep B,Website,4,202.98,811.92,2025-12
511389,2024-11-10,Midwest,Window Treatments,Rep E,Inbound Call,4,1054.03,4216.12,2024-11
511390,2024-06-07,South,Smart Blinds,Rep E,Partner,4,1071.95,4287.8,2024-06
511391,2025-01-14,South,Smart Blinds,Rep C,Referral,5,877.45,4387.25,2025-01
511392,2025-02-27,West,Window Treatments,Rep A,Inbound Call,5,858.48,4292.4,2025-02
511393,2025-10-19,East,Window Treatments,Rep B,Canvassing,5,1093.75,5468.75,2025-10
511394,2024-04-28,South,Smart Blinds,Rep B,Referral,2,417.84,835.68,2024-04
511395,2025-03-14,Midwest,Accessories,Rep E,Website,5,254.64,1273.2,2025-03
511396,2024-12-07,Midwest,Outdoor Shades,Rep B,Website,1,149.74,149.74,2024-12
511397,2025-08-13,South,Outdoor Shades,Rep A,Partner,2,626.35,1252.7,2025-08
511398,2025-04-02,West,Window Treatments,Rep A,Inbound Call,1,815.73,815.73,2025-04
511399,2025-06-14,East,Outdoor Shades,Rep D,Inbound Call,5,385.94,1929.7,2025-06
511400,2024-08-29,South,Window Treatments,Rep C,Referral,1,629.66,629.66,2024-08
511401,2025-08-17,Midwest,Accessories,Rep A,Inbound Call,3,536.79,1610.37,2025-08
511402,2024-10-10,Midwest,Window Treatments,Rep B,Website,3,955.19,2865.57,2024-10
511403,2024-05-22,Midwest,Smart Blinds,Rep D,Partner,2,967.95,1935.9,2024-05
511404,2024-06-10,West,Smart Blinds,Rep B,Website,4,506.25,2025.0,2024-06
511405,2024-01-28,East,Window Treatments,Rep E,Website,4,310.58,1242.32,2024-01
511406,2025-09-21,Midwest,Smart Blinds,Rep C,Partner,1,686.67,686.67,2025-09
511407,2024-12-26,West,Window Treatments,Rep C,Inbound Call,4,360.54,1442.16,2024-12
511408,2024-11-17,South,Outdoor Shades,Rep A,Website,2,335.77,671.54,2024-11
511409,2025-12-08,West,Smart Blinds,Rep B,Inbound Call,2,902.09,1804.18,2025-12
511410,2025-04-29,Midwest,Window Treatments,Rep B,Canvassing,4,1013.03,4052.12,2025-04
511411,2025-08-28,Midwest,Window Treatments,Rep C,Website,2,726.63,1453.26,2025-08
511412,2025-04-15,East,Window Treatments,Rep B,Website,3,135.91,407.73,2025-04
511413,2025-10-20,Midwest,Smart Blinds,Rep A,Inbound Call,1,393.33,393.33,2025-10
511414,2025-08-01,Midwest,Outdoor Shades,Rep C,Inbound Call,2,646.99,1293.98,2025-08
511415,2024-06-14,Midwest,Window Treatments,Rep B,Website,5,653.51,3267.55,2024-06
511416,2025-07-04,West,Smart Blinds,Rep D,Referral,3,138.05,414.15,2025-07
511417,2024-11-18,West,Outdoor Shades,Rep C,Canvassing,3,900.39,2701.17,2024-11
511418,2025-02-10,East,Outdoor Shades,Rep D,Website,1,780.29,780.29,2025-02
511419,2024-10-05,West,Smart Blinds,Rep C,Inbound Call,2,892.22,1784.44,2024-10
511420,2024-03-05,Midwest,Smart Blinds,Rep D,Canvassing,5,657.31,3286.55,2024-03
511421,2025-04-03,West,Window Treatments,Rep D,Partner,1,1036.86,1036.86,2025-04
511422,2025-11-20,East,Outdoor Shades,Rep A,Inbound Call,2,936.8,1873.6,2025-11
511423,2025-05-22,South,Smart Blinds,Rep B,Inbound Call,2,160.04,320.08,2025-05
511424,2024-07-01,Midwest,Outdoor Shades,Rep A,Referral,1,178.77,178.77,2024-07
511425,2024-08-06,Midwest,Outdoor Shades,Rep D,Website,4,964.13,3856.52,2024-08
511426,2025-02-09,West,Window Treatments,Rep D,Canvassing,1,452.76,452.76,2025-02
511427,2024-07-02,West,Smart Blinds,Rep B,Inbound Call,5,553.8,2769.0,2024-07
511428,2025-12-29,East,Window Treatments,Rep C,Canvassing,4,968.89,3875.56,2025-12
511429,2024-02-02,West,Smart Blinds,Rep C,Canvassing,2,644.95,1289.9,2024-02
511430,2024-10-05,East,Accessories,Rep B,Partner,4,600.81,2403.24,2024-10
511431,2024-05-15,West,Outdoor Shades,Rep D,Website,5,339.67,1698.35,2024-05
511432,2024-03-21,West,Smart Blinds,Rep D,Referral,1,681.33,681.33,2024-03
511433,2024-02-25,West,Smart Blinds,Rep E,Inbound Call,5,561.9,2809.5,2024-02
511434,2025-09-25,East,Window Treatments,Rep D,Inbound Call,3,333.4,1000.2,2025-09
511435,2025-04-16,East,Outdoor Shades,Rep B,Referral,5,607.45,3037.25,2025-04
511436,2024-04-03,Midwest,Window Treatments,Rep E,Website,5,858.37,4291.85,2024-04
511437,2025-07-26,East,Window Treatments,Rep D,Referral,5,367.97,1839.85,2025-07
511438,2024-01-08,South,Smart Blinds,Rep E,Inbound Call,4,1011.17,4044.68,2024-01
511439,2024-07-02,West,Outdoor Shades,Rep C,Website,1,1088.22,1088.22,2024-07
511440,2024-07-14,East,Accessories,Rep D,Referral,4,544.77,2179.08,2024-07
511441,2024-01-31,East,Window Treatments,Rep A,Canvassing,4,1019.53,4078.12,2024-01
511442,2024-04-08,South,Outdoor Shades,Rep A,Inbound Call,4,948.27,3793.08,2024-04
511443,2024-03-15,West,Window Treatments,Rep C,Partner,5,365.35,1826.75,2024-03
511444,2025-12-01,West,Smart Blinds,Rep B,Referral,2,579.67,1159.34,2025-12
511445,2024-03-08,South,Window Treatments,Rep A,Partner,2,594.04,1188.08,2024-03
511446,2024-09-22,East,Smart Blinds,Rep D,Inbound Call,4,158.56,634.24,2024-09
511447,2024-04-04,South,Smart Blinds,Rep E,Website,5,326.55,1632.75,2024-04
511448,2024-02-22,East,Smart Blinds,Rep D,Website,1,200.03,200.03,2024-02
511449,2025-03-14,West,Outdoor Shades,Rep B,Partner,3,639.2,1917.6,2025-03
511450,2024-06-24,South,Accessories,Rep A,Website,1,556.39,556.39,2024-06
511451,2024-04-25,Midwest,Outdoor Shades,Rep B,Referral,5,179.66,898.3,2024-04
511452,2025-05-13,Midwest,Window Treatments,Rep D,Partner,5,357.2,1786.0,2025-05
511453,2024-04-06,West,Window Treatments,Rep E,Referral,4,358.55,1434.2,2024-04
511454,2024-01-23,East,Outdoor Shades,Rep A,Canvassing,5,152.95,764.75,2024-01
511455,2025-02-27,South,Window Treatments,Rep A,Inbound Call,3,174.68,524.04,2025-02
511456,2025-09-02,South,Outdoor Shades,Rep D,Canvassing,3,679.41,2038.23,2025-09
511457,2024-12-31,Midwest,Outdoor Shades,Rep A,Canvassing,1,290.71,290.71,2024-12
511458,2025-09-10,South,Window Treatments,Rep D,Partner,2,372.33,744.66,2025-09
511459,2025-10-31,South,Window Treatments,Rep C,Inbound Call,1,628.49,628.49,2025-10
511460,2024-06-30,South,Smart Blinds,Rep C,Canvassing,4,636.99,2547.96,2024-06
511461,2024-12-23,West,Window Treatments,Rep A,Canvassing,2,806.4,1612.8,2024-12
511462,2024-05-25,West,Accessories,Rep A,Inbound Call,5,369.5,1847.5,2024-05
511463,2025-12-06,South,Accessories,Rep A,Partner,2,990.66,1981.32,2025-12
511464,2024-02-27,West,Smart Blinds,Rep B,Website,2,333.38,666.76,2024-02
511465,2025-01-24,Midwest,Outdoor Shades,Rep E,Canvassing,4,1097.63,4390.52,2025-01
511466,2024-10-17,East,Window Treatments,Rep C,Inbound Call,1,287.44,287.44,2024-10
511467,2024-12-05,West,Outdoor Shades,Rep A,Referral,3,1082.02,3246.06,2024-12
511468,2024-12-16,West,Window Treatments,Rep B,Inbound Call,2,206.27,412.54,2024-12
511469,2024-04-08,Midwest,Smart Blinds,Rep B,Website,3,470.25,1410.75,2024-04
511470,2025-09-27,Midwest,Window Treatments,Rep A,Referral,4,739.1,2956.4,2025-09
511471,2024-03-03,East,Smart Blinds,Rep B,Canvassing,1,1033.87,1033.87,2024-03
511472,2024-05-23,East,Window Treatments,Rep D,Website,3,565.88,1697.64,2024-05
511473,2025-10-14,West,Window Treatments,Rep C,Referral,2,624.75,1249.5,2025-10
511474,2024-11-06,Midwest,Window Treatments,Rep D,Referral,1,224.05,224.05,2024-11
511475,2025-08-17,East,Window Treatments,Rep A,Canvassing,5,601.14,3005.7,2025-08
511476,2025-09-09,South,Accessories,Rep C,Website,2,1071.46,2142.92,2025-09
511477,2025-09-13,East,Smart Blinds,Rep C,Inbound Call,1,166.67,166.67,2025-09
511478,2024-03-17,Midwest,Outdoor Shades,Rep C,Inbound Call,1,979.67,979.67,2024-03
511479,2025-04-05,Midwest,Window Treatments,Rep E,Partner,5,524.61,2623.05,2025-04
511480,2025-02-27,East,Window Treatments,Rep A,Website,5,122.56,612.8,2025-02
511481,2024-05-08,Midwest,Outdoor Shades,Rep E,Website,4,764.73,3058.92,2024-05
511482,2025-12-25,Midwest,Window Treatments,Rep A,Website,1,403.65,403.65,2025-12
511483,2025-11-23,West,Smart Blinds,Rep D,Partner,1,483.95,483.95,2025-11
511484,2025-06-09,West,Window Treatments,Rep C,Partner,5,255.01,1275.05,2025-06
511485,2025-12-06,Midwest,Smart Blinds,Rep C,Website,3,904.48,2713.44,2025-12
511486,2025-07-11,West,Outdoor Shades,Rep C,Referral,3,1085.15,3255.45,2025-07
511487,2025-09-02,Midwest,Window Treatments,Rep C,Referral,5,879.97,4399.85,2025-09
511488,2024-07-13,South,Window Treatments,Rep B,Canvassing,4,719.82,2879.28,2024-07
511489,2025-03-01,South,Window Treatments,Rep B,Partner,3,346.55,1039.65,2025-03
511490,2025-03-14,Midwest,Window Treatments,Rep B,Partner,2,932.28,1864.56,2025-03
511491,2025-06-06,East,Accessories,Rep B,Partner,2,975.59,1951.18,2025-06
511492,2024-02-09,Midwest,Accessories,Rep D,Referral,3,288.01,864.03,2024-02
511493,2024-03-21,South,Outdoor Shades,Rep D,Partner,3,1065.08,3195.24,2024-03
511494,2024-02-23,East,Window Treatments,Rep A,Canvassing,5,529.72,2648.6,2024-02
511495,2025-12-20,South,Accessories,Rep B,Canvassing,4,321.44,1285.76,2025-12
511496,2025-10-04,East,Window Treatments,Rep B,Canvassing,3,1022.67,3068.01,2025-10
511497,2024-11-03,Midwest,Window Treatments,Rep A,Canvassing,2,428.88,857.76,2024-11
511498,2025-08-11,Midwest,Smart Blinds,Rep C,Canvassing,2,832.91,1665.82,2025-08
511499,2025-05-31,East,Outdoor Shades,Rep C,Referral,3,198.37,595.11,2025-05
511500,2024-05-29,West,Window Treatments,Rep B,Website,5,622.56,3112.8,2024-05
511501,2024-07-21,East,Outdoor Shades,Rep D,Partner,5,611.8,3059.0,2024-07
511502,2024-06-26,South,Outdoor Shades,Rep D,Partner,3,485.96,1457.88,2024-06
511503,2025-09-04,South,Outdoor Shades,Rep B,Referral,1,476.51,476.51,2025-09
511504,2024-04-04,Midwest,Accessories,Rep C,Canvassing,1,677.26,677.26,2024-04
511505,2024-06-30,Midwest,Smart Blinds,Rep D,Website,5,594.71,2973.55,2024-06
511506,2025-05-12,South,Window Treatments,Rep D,Canvassing,1,849.63,849.63,2025-05
511507,2025-01-04,West,Window Treatments,Rep A,Inbound Call,2,694.61,1389.22,2025-01
511508,2024-05-08,East,Smart Blinds,Rep B,Website,5,449.73,2248.65,2024-05
511509,2024-12-06,East,Window Treatments,Rep C,Inbound Call,4,341.27,1365.08,2024-12
511510,2024-01-06,East,Window Treatments,Rep E,Canvassing,2,504.56,1009.12,2024-01
511511,2024-11-11,West,Smart Blinds,Rep C,Partner,1,982.97,982.97,2024-11
511512,2025-02-25,South,Accessories,Rep B,Inbound Call,1,719.35,719.35,2025-02
511513,2024-02-01,South,Outdoor Shades,Rep A,Partner,2,863.85,1727.7,2024-02
511514,2025-01-04,East,Window Treatments,Rep E,Inbound Call,5,882.95,4414.75,2025-01
511515,2024-06-29,South,Smart Blinds,Rep A,Referral,2,992.49,1984.98,2024-06
511516,2025-12-10,West,Accessories,Rep C,Website,4,259.3,1037.2,2025-12
511517,2025-09-16,South,Outdoor Shades,Rep C,Website,5,521.24,2606.2,2025-09
511518,2024-07-17,South,Window Treatments,Rep E,Referral,3,1063.72,3191.16,2024-07
511519,2025-09-06,West,Outdoor Shades,Rep B,Canvassing,1,969.03,969.03,2025-09
511520,2024-10-02,East,Window Treatments,Rep C,Inbound Call,1,588.67,588.67,2024-10
511521,2024-10-19,East,Smart Blinds,Rep C,Website,2,587.27,1174.54,2024-10
511522,2024-06-14,Midwest,Window Treatments,Rep D,Canvassing,2,336.41,672.82,2024-06
511523,2024-01-25,Midwest,Accessories,Rep C,Referral,3,130.92,392.76,2024-01
511524,2024-05-30,South,Outdoor Shades,Rep A,Canvassing,5,154.34,771.7,2024-05
511525,2025-09-09,Midwest,Window Treatments,Rep C,Partner,1,1036.33,1036.33,2025-09
511526,2024-04-17,South,Outdoor Shades,Rep C,Referral,4,433.36,1733.44,2024-04
511527,2024-02-27,West,Outdoor Shades,Rep A,Referral,4,911.92,3647.68,2024-02
511528,2024-04-02,West,Window Treatments,Rep B,Website,3,697.21,2091.63,2024-04
511529,2025-11-04,Midwest,Window Treatments,Rep E,Referral,4,688.38,2753.52,2025-11
511530,2024-11-17,South,Window Treatments,Rep E,Canvassing,4,198.64,794.56,2024-11
511531,2025-11-17,Midwest,Window Treatments,Rep C,Canvassing,1,324.66,324.66,2025-11
511532,2024-07-17,East,Smart Blinds,Rep E,Partner,3,161.65,484.95,2024-07
511533,2025-07-15,West,Window Treatments,Rep A,Website,3,348.83,1046.49,2025-07
511534,2025-12-04,Midwest,Window Treatments,Rep E,Inbound Call,2,954.95,1909.9,2025-12
511535,2024-09-23,South,Smart Blinds,Rep B,Referral,1,167.0,167.0,2024-09
511536,2024-07-06,South,Accessories,Rep E,Website,4,642.35,2569.4,2024-07
511537,2024-04-26,East,Window Treatments,Rep E,Referral,2,634.24,1268.48,2024-04
511538,2024-12-25,West,Outdoor Shades,Rep B,Referral,2,1077.16,2154.32,2024-12
511539,2024-10-27,West,Window Treatments,Rep E,Canvassing,2,157.81,315.62,2024-10
511540,2024-10-31,West,Outdoor Shades,Rep B,Partner,3,451.6,1354.8,2024-10
511541,2025-02-12,East,Outdoor Shades,Rep D,Website,3,799.4,2398.2,2025-02
511542,2024-07-21,West,Window Treatments,Rep D,Referral,4,402.38,1609.52,2024-07
511543,2025-12-18,West,Outdoor Shades,Rep B,Partner,5,784.3,3921.5,2025-12
511544,2025-06-26,East,Window Treatments,Rep A,Inbound Call,2,450.36,900.72,2025-06
511545,2024-03-23,East,Outdoor Shades,Rep D,Canvassing,5,408.27,2041.35,2024-03
511546,2025-03-12,South,Window Treatments,Rep D,Canvassing,2,173.96,347.92,2025-03
511547,2025-12-12,West,Smart Blinds,Rep A,Canvassing,1,1096.66,1096.66,2025-12
511548,2024-06-21,West,Smart Blinds,Rep E,Canvassing,4,140.71,562.84,2024-06
511549,2025-08-05,Midwest,Outdoor Shades,Rep C,Partner,3,374.54,1123.62,2025-08
511550,2025-06-17,Midwest,Window Treatments,Rep B,Partner,1,210.37,210.37,2025-06
511551,2024-02-12,West,Outdoor Shades,Rep B,Inbound Call,4,966.27,3865.08,2024-02
511552,2024-11-30,South,Window Treatments,Rep D,Website,1,675.74,675.74,2024-11
511553,2024-05-08,Midwest,Smart Blinds,Rep A,Website,4,1013.88,4055.52,2024-05
511554,2025-04-09,East,Outdoor Shades,Rep C,Canvassing,2,222.55,445.1,2025-04
511555,2024-09-20,South,Outdoor Shades,Rep A,Canvassing,1,517.41,517.41,2024-09
511556,2025-07-27,West,Outdoor Shades,Rep A,Inbound Call,1,604.18,604.18,2025-07
511557,2025-01-18,West,Window Treatments,Rep A,Inbound Call,3,744.04,2232.12,2025-01
511558,2024-11-04,East,Outdoor Shades,Rep D,Canvassing,3,476.32,1428.96,2024-11
511559,2024-08-22,West,Outdoor Shades,Rep D,Referral,1,959.48,959.48,2024-08
511560,2024-05-15,South,Window Treatments,Rep A,Partner,5,561.37,2806.85,2024-05
511561,2024-07-07,East,Outdoor Shades,Rep E,Referral,3,624.07,1872.21,2024-07
511562,2025-09-21,West,Outdoor Shades,Rep B,Referral,2,174.6,349.2,2025-09
511563,2024-05-09,West,Window Treatments,Rep B,Canvassing,2,634.23,1268.46,2024-05
511564,2025-08-14,West,Accessories,Rep E,Canvassing,5,585.93,2929.65,2025-08
511565,2024-07-16,Midwest,Window Treatments,Rep B,Website,5,554.48,2772.4,2024-07
511566,2024-10-05,South,Outdoor Shades,Rep C,Canvassing,5,849.47,4247.35,2024-10
511567,2025-12-27,South,Outdoor Shades,Rep A,Canvassing,4,773.95,3095.8,2025-12
511568,2024-08-14,South,Window Treatments,Rep C,Canvassing,4,227.02,908.08,2024-08
511569,2025-11-11,Midwest,Smart Blinds,Rep A,Inbound Call,1,611.28,611.28,2025-11
511570,2025-05-07,West,Outdoor Shades,Rep E,Canvassing,4,1059.41,4237.64,2025-05
511571,2024-08-04,East,Window Treatments,Rep A,Inbound Call,2,201.14,402.28,2024-08
511572,2025-09-03,Midwest,Window Treatments,Rep C,Inbound Call,2,495.75,991.5,2025-09
511573,2025-02-10,East,Outdoor Shades,Rep B,Referral,3,360.53,1081.59,2025-02
511574,2025-11-24,East,Window Treatments,Rep A,Canvassing,1,249.26,249.26,2025-11
511575,2025-03-09,Midwest,Outdoor Shades,Rep B,Website,5,567.16,2835.8,2025-03
511576,2024-06-26,East,Outdoor Shades,Rep C,Website,1,997.25,997.25,2024-06
511577,2025-04-24,South,Window Treatments,Rep A,Referral,2,194.54,389.08,2025-04
511578,2025-06-25,East,Outdoor Shades,Rep B,Canvassing,1,616.77,616.77,2025-06
511579,2024-04-28,West,Smart Blinds,Rep C,Partner,3,283.49,850.47,2024-04
511580,2025-07-06,West,Outdoor Shades,Rep B,Referral,1,366.75,366.75,2025-07
511581,2025-01-01,East,Outdoor Shades,Rep D,Canvassing,4,380.85,1523.4,2025-01
511582,2025-12-30,South,Outdoor Shades,Rep B,Canvassing,5,723.14,3615.7,2025-12
511583,2025-01-07,Midwest,Window Treatments,Rep B,Canvassing,1,535.07,535.07,2025-01
511584,2025-12-17,West,Window Treatments,Rep C,Referral,4,742.6,2970.4,2025-12
511585,2025-10-31,Midwest,Outdoor Shades,Rep A,Referral,4,388.13,1552.52,2025-10
511586,2025-12-03,West,Window Treatments,Rep B,Partner,5,404.18,2020.9,2025-12
511587,2024-02-21,West,Outdoor Shades,Rep D,Referral,4,352.87,1411.48,2024-02
511588,2024-03-29,South,Smart Blinds,Rep D,Inbound Call,5,843.22,4216.1,2024-03
511589,2025-05-16,East,Outdoor Shades,Rep D,Inbound Call,1,163.67,163.67,2025-05
511590,2024-08-11,East,Window Treatments,Rep E,Website,5,226.37,1131.85,2024-08
511591,2024-12-28,East,Window Treatments,Rep E,Website,3,668.27,2004.81,2024-12
511592,2025-08-09,East,Window Treatments,Rep B,Website,2,259.09,518.18,2025-08
511593,2024-03-14,West,Smart Blinds,Rep D,Canvassing,2,901.93,1803.86,2024-03
511594,2024-05-19,West,Window Treatments,Rep E,Partner,2,502.19,1004.38,2024-05
511595,2024-04-24,East,Outdoor Shades,Rep E,Canvassing,3,344.38,1033.14,2024-04
511596,2024-03-07,Midwest,Window Treatments,Rep B,Canvassing,3,356.63,1069.89,2024-03
511597,2025-09-22,South,Outdoor Shades,Rep E,Website,3,146.58,439.74,2025-09
511598,2024-05-10,South,Outdoor Shades,Rep A,Inbound Call,5,627.08,3135.4,2024-05
511599,2024-10-20,West,Window Treatments,Rep C,Referral,3,262.86,788.58,2024-10
511600,2024-04-22,South,Window Treatments,Rep C,Referral,2,653.26,1306.52,2024-04
511601,2025-03-12,Midwest,Window Treatments,Rep D,Inbound Call,3,941.72,2825.16,2025-03
511602,2025-07-27,South,Window Treatments,Rep B,Referral,4,714.07,2856.28,2025-07
511603,2025-05-18,West,Accessories,Rep D,Website,3,1085.46,3256.38,2025-05
511604,2025-12-20,South,Outdoor Shades,Rep A,Partner,2,586.93,1173.86,2025-12
511605,2024-12-01,South,Window Treatments,Rep D,Referral,3,195.86,587.58,2024-12
511606,2025-05-04,West,Window Treatments,Rep A,Canvassing,3,683.45,2050.35,2025-05
511607,2025-08-22,Midwest,Window Treatments,Rep B,Referral,1,994.89,994.89,2025-08
511608,2025-03-10,South,Smart Blinds,Rep C,Partner,5,825.01,4125.05,2025-03
511609,2024-06-18,West,Window Treatments,Rep C,Canvassing,4,419.49,1677.96,2024-06
511610,2024-08-27,East,Window Treatments,Rep B,Inbound Call,2,222.3,444.6,2024-08
511611,2024-06-03,East,Window Treatments,Rep A,Website,3,344.5,1033.5,2024-06
511612,2024-10-10,East,Window Treatments,Rep D,Website,2,406.34,812.68,2024-10
511613,2025-08-25,West,Window Treatments,Rep B,Referral,1,479.04,479.04,2025-08
511614,2025-10-21,Midwest,Window Treatments,Rep D,Canvassing,1,491.34,491.34,2025-10
511615,2025-10-09,Midwest,Window Treatments,Rep C,Partner,2,697.37,1394.74,2025-10
511616,2024-08-19,East,Smart Blinds,Rep A,Canvassing,5,208.75,1043.75,2024-08
511617,2025-03-05,Midwest,Window Treatments,Rep A,Referral,1,572.77,572.77,2025-03
511618,2025-11-06,Midwest,Window Treatments,Rep A,Referral,1,128.48,128.48,2025-11
511619,2024-01-12,East,Window Treatments,Rep C,Partner,3,826.13,2478.39,2024-01
511620,2024-02-10,East,Outdoor Shades,Rep D,Website,3,812.15,2436.45,2024-02
511621,2024-01-29,West,Smart Blinds,Rep E,Website,5,368.83,1844.15,2024-01
511622,2024-09-04,Midwest,Outdoor Shades,Rep C,Canvassing,5,650.5,3252.5,2024-09
511623,2025-06-13,East,Outdoor Shades,Rep C,Canvassing,3,970.81,2912.43,2025-06
511624,2025-12-24,Midwest,Smart Blinds,Rep B,Canvassing,2,208.96,417.92,2025-12
511625,2025-04-12,Midwest,Accessories,Rep A,Inbound Call,1,602.75,602.75,2025-04
511626,2024-03-23,South,Window Treatments,Rep A,Partner,2,319.33,638.66,2024-03
511627,2024-08-11,South,Window Treatments,Rep D,Website,2,120.78,241.56,2024-08
511628,2024-04-11,West,Outdoor Shades,Rep D,Inbound Call,1,352.17,352.17,2024-04
511629,2024-07-16,East,Window Treatments,Rep E,Partner,5,672.9,3364.5,2024-07
511630,2025-01-07,East,Outdoor Shades,Rep C,Partner,4,494.74,1978.96,2025-01
511631,2024-10-22,West,Smart Blinds,Rep C,Inbound Call,1,632.78,632.78,2024-10
511632,2024-06-29,Midwest,Window Treatments,Rep E,Canvassing,4,630.3,2521.2,2024-06
511633,2025-10-02,Midwest,Accessories,Rep D,Inbound Call,4,852.21,3408.84,2025-10
511634,2025-11-09,Midwest,Outdoor Shades,Rep D,Partner,3,162.42,487.26,2025-11
511635,2025-06-11,South,Window Treatments,Rep E,Canvassing,5,439.15,2195.75,2025-06
511636,2024-01-29,East,Window Treatments,Rep C,Website,2,435.83,871.66,2024-01
511637,2025-02-10,East,Window Treatments,Rep D,Partner,3,878.22,2634.66,2025-02
511638,2025-11-08,Midwest,Window Treatments,Rep E,Inbound Call,2,965.57,1931.14,2025-11
511639,2024-11-22,Midwest,Outdoor Shades,Rep D,Referral,3,770.96,2312.88,2024-11
511640,2024-12-10,East,Window Treatments,Rep C,Canvassing,5,199.57,997.85,2024-12
511641,2024-03-27,Midwest,Smart Blinds,Rep D,Inbound Call,4,1063.54,4254.16,2024-03
511642,2024-12-13,East,Smart Blinds,Rep B,Inbound Call,3,198.76,596.28,2024-12
511643,2025-04-11,South,Outdoor Shades,Rep A,Website,4,459.27,1837.08,2025-04
511644,2024-05-03,West,Window Treatments,Rep B,Referral,4,356.11,1424.44,2024-05
511645,2024-09-12,West,Window Treatments,Rep C,Referral,4,541.83,2167.32,2024-09
511646,2024-01-03,South,Window Treatments,Rep D,Canvassing,1,721.16,721.16,2024-01
511647,2025-10-01,South,Window Treatments,Rep D,Partner,1,605.35,605.35,2025-10
511648,2025-09-26,Midwest,Smart Blinds,Rep C,Partner,1,1025.86,1025.86,2025-09
511649,2024-03-16,South,Smart Blinds,Rep B,Referral,4,504.79,2019.16,2024-03
511650,2025-02-25,East,Accessories,Rep A,Canvassing,1,932.66,932.66,2025-02
511651,2025-06-23,West,Smart Blinds,Rep E,Inbound Call,2,941.24,1882.48,2025-06
511652,2024-09-30,South,Outdoor Shades,Rep D,Referral,1,628.6,628.6,2024-09
511653,2025-08-24,West,Window Treatments,Rep B,Referral,5,619.78,3098.9,2025-08
511654,2025-07-13,Midwest,Window Treatments,Rep B,Canvassing,2,306.82,613.64,2025-07
511655,2024-05-14,South,Window Treatments,Rep E,Referral,5,848.93,4244.65,2024-05
511656,2024-07-20,East,Outdoor Shades,Rep C,Inbound Call,4,196.04,784.16,2024-07
511657,2025-08-23,Midwest,Outdoor Shades,Rep C,Website,3,541.87,1625.61,2025-08
511658,2025-01-24,East,Window Treatments,Rep C,Partner,3,906.21,2718.63,2025-01
511659,2025-09-08,West,Accessories,Rep B,Partner,5,277.73,1388.65,2025-09
511660,2024-09-22,Midwest,Smart Blinds,Rep D,Website,5,191.62,958.1,2024-09
511661,2024-06-05,South,Window Treatments,Rep A,Referral,1,514.24,514.24,2024-06
511662,2024-05-02,East,Outdoor Shades,Rep B,Website,3,374.79,1124.37,2024-05
511663,2024-06-27,East,Window Treatments,Rep E,Partner,5,128.76,643.8,2024-06
511664,2024-04-17,West,Outdoor Shades,Rep B,Website,3,233.25,699.75,2024-04
511665,2025-07-24,Midwest,Smart Blinds,Rep E,Partner,1,605.82,605.82,2025-07
511666,2024-10-14,South,Window Treatments,Rep C,Website,5,619.67,3098.35,2024-10
511667,2025-06-28,East,Outdoor Shades,Rep C,Referral,1,179.14,179.14,2025-06
511668,2025-08-24,Midwest,Outdoor Shades,Rep D,Website,3,666.44,1999.32,2025-08
511669,2024-06-15,South,Outdoor Shades,Rep C,Inbound Call,2,181.94,363.88,2024-06
511670,2024-05-16,South,Outdoor Shades,Rep C,Referral,2,806.71,1613.42,2024-05
511671,2024-12-11,Midwest,Outdoor Shades,Rep D,Referral,3,1081.2,3243.6,2024-12
511672,2024-04-30,West,Smart Blinds,Rep C,Inbound Call,4,1012.28,4049.12,2024-04
511673,2025-06-30,South,Outdoor Shades,Rep E,Partner,2,612.12,1224.24,2025-06
511674,2025-11-18,West,Window Treatments,Rep A,Website,2,213.31,426.62,2025-11
511675,2024-06-05,East,Outdoor Shades,Rep C,Referral,2,321.66,643.32,2024-06
511676,2025-03-17,West,Window Treatments,Rep C,Inbound Call,1,643.95,643.95,2025-03
511677,2025-06-09,West,Outdoor Shades,Rep C,Partner,2,432.95,865.9,2025-06
511678,2024-07-18,West,Outdoor Shades,Rep E,Referral,2,273.88,547.76,2024-07
511679,2025-04-17,Midwest,Outdoor Shades,Rep C,Partner,1,693.79,693.79,2025-04
511680,2024-07-21,East,Smart Blinds,Rep A,Inbound Call,4,360.98,1443.92,2024-07
511681,2025-09-12,Midwest,Window Treatments,Rep D,Website,3,1038.43,3115.29,2025-09
511682,2024-06-21,West,Smart Blinds,Rep B,Canvassing,5,630.78,3153.9,2024-06
511683,2025-11-24,South,Window Treatments,Rep B,Referral,3,468.51,1405.53,2025-11
511684,2025-07-23,Midwest,Window Treatments,Rep C,Inbound Call,2,341.33,682.66,2025-07
511685,2024-03-05,Midwest,Accessories,Rep A,Referral,5,182.21,911.05,2024-03
511686,2024-05-13,South,Outdoor Shades,Rep C,Referral,2,692.63,1385.26,2024-05
511687,2025-08-24,West,Smart Blinds,Rep A,Inbound Call,5,724.01,3620.05,2025-08
511688,2024-01-26,West,Accessories,Rep E,Referral,2,316.64,633.28,2024-01
511689,2025-04-21,South,Outdoor Shades,Rep A,Canvassing,1,836.02,836.02,2025-04
511690,2024-06-07,South,Window Treatments,Rep A,Canvassing,2,705.37,1410.74,2024-06
511691,2025-08-10,East,Smart Blinds,Rep A,Inbound Call,1,257.12,257.12,2025-08
511692,2024-11-20,South,Outdoor Shades,Rep B,Inbound Call,4,483.63,1934.52,2024-11
511693,2024-01-19,West,Smart Blinds,Rep E,Referral,2,745.49,1490.98,2024-01
511694,2025-01-08,Midwest,Smart Blinds,Rep D,Inbound Call,1,441.97,441.97,2025-01
511695,2024-08-15,East,Accessories,Rep A,Inbound Call,3,591.74,1775.22,2024-08
511696,2025-10-29,South,Smart Blinds,Rep A,Referral,3,312.68,938.04,2025-10
511697,2024-06-29,West,Window Treatments,Rep B,Partner,4,690.68,2762.72,2024-06
511698,2024-04-04,South,Window Treatments,Rep B,Referral,5,922.2,4611.0,2024-04
511699,2024-12-22,West,Smart Blinds,Rep E,Inbound Call,3,694.99,2084.97,2024-12
511700,2024-03-04,Midwest,Window Treatments,Rep A,Referral,1,326.71,326.71,2024-03
511701,2024-06-26,East,Window Treatments,Rep E,Referral,4,1073.01,4292.04,2024-06
511702,2024-09-23,East,Window Treatments,Rep D,Website,1,675.58,675.58,2024-09
511703,2024-07-10,South,Outdoor Shades,Rep B,Canvassing,4,848.97,3395.88,2024-07
511704,2025-09-22,Midwest,Smart Blinds,Rep E,Inbound Call,5,289.52,1447.6,2025-09
511705,2024-09-30,South,Accessories,Rep B,Website,4,377.36,1509.44,2024-09
511706,2025-01-07,South,Accessories,Rep C,Inbound Call,3,169.91,509.73,2025-01
511707,2025-06-19,East,Smart Blinds,Rep B,Canvassing,4,624.03,2496.12,2025-06
511708,2025-05-23,East,Outdoor Shades,Rep E,Partner,4,317.27,1269.08,2025-05
511709,2024-04-11,South,Window Treatments,Rep C,Website,3,339.35,1018.05,2024-04
511710,2025-07-11,South,Window Treatments,Rep D,Referral,4,445.73,1782.92,2025-07
511711,2025-06-03,Midwest,Smart Blinds,Rep E,Inbound Call,5,679.52,3397.6,2025-06
511712,2025-08-11,West,Smart Blinds,Rep D,Inbound Call,5,152.42,762.1,2025-08
511713,2025-09-22,East,Window Treatments,Rep B,Website,2,381.47,762.94,2025-09
511714,2024-10-30,Midwest,Window Treatments,Rep B,Canvassing,2,703.1,1406.2,2024-10
511715,2025-09-19,Midwest,Accessories,Rep B,Referral,4,710.5,2842.0,2025-09
511716,2025-05-06,East,Smart Blinds,Rep C,Partner,5,768.46,3842.3,2025-05
511717,2025-10-15,South,Window Treatments,Rep A,Website,1,713.75,713.75,2025-10
511718,2025-04-15,East,Window Treatments,Rep A,Inbound Call,5,238.27,1191.35,2025-04
511719,2024-09-01,West,Outdoor Shades,Rep D,Website,1,378.31,378.31,2024-09
511720,2024-08-17,Midwest,Outdoor Shades,Rep B,Referral,4,887.88,3551.52,2024-08
511721,2024-04-09,West,Accessories,Rep E,Referral,4,513.92,2055.68,2024-04
511722,2024-10-10,Midwest,Window Treatments,Rep E,Website,5,464.55,2322.75,2024-10
511723,2025-03-13,East,Window Treatments,Rep B,Partner,1,742.96,742.96,2025-03
511724,2024-08-18,East,Window Treatments,Rep A,Canvassing,1,366.1,366.1,2024-08
511725,2024-01-09,South,Smart Blinds,Rep B,Inbound Call,1,940.5,940.5,2024-01
511726,2025-03-22,Midwest,Outdoor Shades,Rep D,Canvassing,1,890.88,890.88,2025-03
511727,2025-01-17,West,Accessories,Rep A,Website,3,284.05,852.15,2025-01
511728,2025-09-05,West,Smart Blinds,Rep D,Partner,5,678.61,3393.05,2025-09
511729,2024-07-05,East,Window Treatments,Rep A,Website,1,419.04,419.04,2024-07
511730,2024-08-31,West,Outdoor Shades,Rep D,Canvassing,1,309.18,309.18,2024-08
511731,2025-09-30,West,Smart Blinds,Rep B,Website,4,941.92,3767.68,2025-09
511732,2025-02-24,West,Smart Blinds,Rep D,Canvassing,2,401.18,802.36,2025-02
511733,2024-09-06,Midwest,Window Treatments,Rep D,Inbound Call,5,519.89,2599.45,2024-09
511734,2024-11-25,South,Smart Blinds,Rep B,Website,5,681.11,3405.55,2024-11
511735,2024-01-06,Midwest,Outdoor Shades,Rep C,Website,5,692.56,3462.8,2024-01
511736,2025-02-17,South,Smart Blinds,Rep C,Canvassing,2,602.94,1205.88,2025-02
511737,2024-06-25,South,Window Treatments,Rep A,Canvassing,5,383.69,1918.45,2024-06
511738,2025-09-30,East,Outdoor Shades,Rep B,Website,1,205.04,205.04,2025-09
511739,2024-07-11,Midwest,Window Treatments,Rep C,Partner,1,365.27,365.27,2024-07
511740,2024-11-01,West,Window Treatments,Rep C,Referral,2,410.16,820.32,2024-11
511741,2024-07-26,East,Window Treatments,Rep B,Website,4,714.24,2856.96,2024-07
511742,2024-03-15,East,Accessories,Rep A,Referral,3,691.64,2074.92,2024-03
511743,2025-12-17,South,Outdoor Shades,Rep E,Inbound Call,3,133.72,401.16,2025-12
511744,2024-11-27,West,Accessories,Rep B,Partner,4,788.7,3154.8,2024-11
511745,2024-06-16,East,Window Treatments,Rep E,Partner,5,1098.23,5491.15,2024-06
511746,2025-04-01,West,Outdoor Shades,Rep C,Canvassing,3,219.8,659.4,2025-04
511747,2025-06-16,West,Window Treatments,Rep A,Website,2,801.81,1603.62,2025-06
511748,2024-09-19,West,Window Treatments,Rep B,Referral,1,393.72,393.72,2024-09
511749,2025-06-03,Midwest,Outdoor Shades,Rep C,Website,2,201.85,403.7,2025-06
511750,2025-07-03,Midwest,Window Treatments,Rep A,Partner,5,542.05,2710.25,2025-07
511751,2025-07-25,West,Smart Blinds,Rep C,Partner,1,787.91,787.91,2025-07
511752,2024-01-04,South,Window Treatments,Rep D,Inbound Call,5,466.35,2331.75,2024-01
511753,2025-11-10,Midwest,Smart Blinds,Rep A,Website,4,147.59,590.36,2025-11
511754,2024-08-31,East,Smart Blinds,Rep B,Canvassing,3,913.58,2740.74,2024-08
511755,2025-06-27,West,Window Treatments,Rep C,Canvassing,4,597.0,2388.0,2025-06
511756,2024-09-04,South,Smart Blinds,Rep E,Canvassing,1,448.34,448.34,2024-09
511757,2025-10-19,Midwest,Window Treatments,Rep D,Canvassing,5,834.25,4171.25,2025-10
511758,2025-02-23,Midwest,Outdoor Shades,Rep E,Inbound Call,3,1014.19,3042.57,2025-02
511759,2025-05-21,West,Window Treatments,Rep A,Website,1,555.02,555.02,2025-05
511760,2025-02-16,South,Outdoor Shades,Rep C,Referral,5,504.34,2521.7,2025-02
511761,2024-04-11,Midwest,Window Treatments,Rep D,Partner,5,622.38,3111.9,2024-04
511762,2025-01-16,Midwest,Outdoor Shades,Rep B,Canvassing,1,285.24,285.24,2025-01
511763,2024-11-02,South,Accessories,Rep D,Partner,1,796.37,796.37,2024-11
511764,2025-09-30,South,Smart Blinds,Rep B,Partner,4,656.24,2624.96,2025-09
511765,2024-08-13,East,Window Treatments,Rep E,Partner,4,633.4,2533.6,2024-08
511766,2025-07-11,Midwest,Accessories,Rep C,Partner,5,215.84,1079.2,2025-07
511767,2025-04-02,Midwest,Window Treatments,Rep E,Partner,5,743.29,3716.45,2025-04
511768,2024-12-19,West,Smart Blinds,Rep A,Inbound Call,5,1071.22,5356.1,2024-12
511769,2025-05-12,West,Smart Blinds,Rep A,Referral,5,220.74,1103.7,2025-05
511770,2025-11-23,Midwest,Outdoor Shades,Rep E,Referral,2,948.95,1897.9,2025-11
511771,2024-05-14,South,Window Treatments,Rep D,Website,2,781.74,1563.48,2024-05
511772,2025-01-15,East,Window Treatments,Rep C,Website,3,777.4,2332.2,2025-01
511773,2024-09-26,South,Smart Blinds,Rep C,Partner,2,702.25,1404.5,2024-09
511774,2025-05-30,East,Accessories,Rep D,Partner,2,789.75,1579.5,2025-05
511775,2024-08-01,Midwest,Accessories,Rep D,Website,3,941.39,2824.17,2024-08
511776,2025-01-04,East,Window Treatments,Rep B,Canvassing,3,303.92,911.76,2025-01
511777,2025-06-09,West,Window Treatments,Rep C,Referral,2,1028.78,2057.56,2025-06
511778,2024-07-26,Midwest,Window Treatments,Rep D,Referral,2,275.0,550.0,2024-07
511779,2024-06-04,West,Smart Blinds,Rep E,Partner,5,188.65,943.25,2024-06
511780,2025-06-29,Midwest,Outdoor Shades,Rep C,Inbound Call,4,126.41,505.64,2025-06
511781,2024-01-18,South,Outdoor Shades,Rep B,Canvassing,1,329.09,329.09,2024-01
511782,2024-08-17,East,Smart Blinds,Rep C,Inbound Call,3,878.76,2636.28,2024-08
511783,2024-12-21,East,Outdoor Shades,Rep A,Partner,3,580.77,1742.31,2024-12
511784,2024-06-25,Midwest,Window Treatments,Rep D,Partner,2,586.66,1173.32,2024-06
511785,2024-03-08,South,Window Treatments,Rep D,Website,4,645.11,2580.44,2024-03
511786,2024-09-04,West,Outdoor Shades,Rep E,Canvassing,1,486.69,486.69,2024-09
511787,2025-12-16,West,Smart Blinds,Rep E,Website,2,538.34,1076.68,2025-12
511788,2024-07-01,East,Accessories,Rep B,Partner,3,404.58,1213.74,2024-07
511789,2025-09-26,East,Smart Blinds,Rep E,Inbound Call,5,887.69,4438.45,2025-09
511790,2024-03-06,Midwest,Outdoor Shades,Rep B,Inbound Call,5,892.3,4461.5,2024-03
511791,2024-08-25,South,Window Treatments,Rep D,Partner,3,416.45,1249.35,2024-08
511792,2024-09-18,Midwest,Window Treatments,Rep D,Inbound Call,3,310.08,930.24,2024-09
511793,2025-05-09,East,Window Treatments,Rep C,Website,3,150.93,452.79,2025-05
511794,2025-03-07,South,Outdoor Shades,Rep A,Canvassing,2,908.81,1817.62,2025-03
511795,2025-03-09,South,Accessories,Rep C,Inbound Call,4,374.87,1499.48,2025-03
511796,2025-09-06,Midwest,Outdoor Shades,Rep C,Website,5,926.86,4634.3,2025-09
511797,2025-06-29,Midwest,Smart Blinds,Rep C,Referral,3,893.49,2680.47,2025-06
511798,2025-01-28,East,Window Treatments,Rep C,Referral,3,669.86,2009.58,2025-01
511799,2025-11-11,Midwest,Window Treatments,Rep C,Referral,2,1003.49,2006.98,2025-11
511800,2024-01-14,East,Outdoor Shades,Rep D,Partner,1,706.08,706.08,2024-01
511801,2024-12-14,West,Window Treatments,Rep E,Partner,3,312.22,936.66,2024-12
511802,2024-11-11,East,Outdoor Shades,Rep B,Referral,3,578.95,1736.85,2024-11
511803,2024-11-09,South,Window Treatments,Rep B,Canvassing,4,946.57,3786.28,2024-11
511804,2024-08-24,Midwest,Window Treatments,Rep D,Website,2,851.78,1703.56,2024-08
511805,2024-09-20,South,Smart Blinds,Rep E,Inbound Call,2,879.38,1758.76,2024-09
511806,2024-04-29,East,Smart Blinds,Rep C,Inbound Call,5,621.38,3106.9,2024-04
511807,2025-07-16,East,Window Treatments,Rep E,Partner,3,268.34,805.02,2025-07
511808,2025-11-01,East,Accessories,Rep B,Partner,2,639.93,1279.86,2025-11
511809,2024-12-10,Midwest,Window Treatments,Rep C,Inbound Call,2,569.93,1139.86,2024-12
511810,2024-04-16,West,Accessories,Rep C,Referral,3,325.04,975.12,2024-04
511811,2025-06-24,West,Outdoor Shades,Rep E,Partner,2,737.47,1474.94,2025-06
511812,2025-04-03,South,Accessories,Rep E,Partner,5,791.15,3955.75,2025-04
511813,2024-12-11,South,Window Treatments,Rep B,Website,5,1049.09,5245.45,2024-12
511814,2024-08-13,East,Outdoor Shades,Rep C,Inbound Call,4,568.61,2274.44,2024-08
511815,2025-07-23,East,Window Treatments,Rep B,Inbound Call,4,818.25,3273.0,2025-07
511816,2025-08-16,South,Outdoor Shades,Rep E,Website,1,692.04,692.04,2025-08
511817,2024-05-02,Midwest,Window Treatments,Rep D,Inbound Call,2,795.02,1590.04,2024-05
511818,2025-10-28,East,Accessories,Rep E,Website,1,867.02,867.02,2025-10
511819,2024-10-20,East,Smart Blinds,Rep C,Canvassing,4,284.76,1139.04,2024-10
511820,2024-04-12,Midwest,Window Treatments,Rep C,Canvassing,2,383.01,766.02,2024-04
511821,2024-03-10,Midwest,Window Treatments,Rep B,Canvassing,4,237.48,949.92,2024-03
511822,2025-05-30,Midwest,Window Treatments,Rep D,Referral,4,333.25,1333.0,2025-05
511823,2024-06-16,South,Outdoor Shades,Rep A,Inbound Call,1,660.06,660.06,2024-06
511824,2024-01-30,East,Smart Blinds,Rep C,Partner,2,878.7,1757.4,2024-01
511825,2024-12-02,South,Outdoor Shades,Rep A,Partner,1,461.85,461.85,2024-12
511826,2025-10-30,Midwest,Outdoor Shades,Rep D,Referral,3,342.24,1026.72,2025-10
511827,2025-03-16,South,Outdoor Shades,Rep E,Referral,2,839.53,1679.06,2025-03
511828,2025-05-21,South,Window Treatments,Rep B,Canvassing,4,798.78,3195.12,2025-05
511829,2024-07-07,East,Window Treatments,Rep D,Canvassing,1,508.04,508.04,2024-07
511830,2024-08-05,South,Window Treatments,Rep D,Inbound Call,5,676.71,3383.55,2024-08
511831,2025-01-28,Midwest,Outdoor Shades,Rep B,Referral,3,831.03,2493.09,2025-01
511832,2024-03-22,Midwest,Window Treatments,Rep C,Partner,3,1044.65,3133.95,2024-03
511833,2025-11-06,West,Window Treatments,Rep C,Referral,4,381.7,1526.8,2025-11
511834,2024-05-16,Midwest,Outdoor Shades,Rep C,Website,5,331.8,1659.0,2024-05
511835,2024-06-08,East,Outdoor Shades,Rep D,Referral,3,731.18,2193.54,2024-06
511836,2024-03-16,West,Accessories,Rep E,Inbound Call,2,320.96,641.92,2024-03
511837,2025-06-18,Midwest,Window Treatments,Rep D,Partner,5,841.49,4207.45,2025-06
511838,2024-03-30,West,Window Treatments,Rep B,Canvassing,2,1050.35,2100.7,2024-03
511839,2024-04-15,Midwest,Window Treatments,Rep D,Website,1,304.99,304.99,2024-04
511840,2025-08-15,South,Smart Blinds,Rep A,Website,5,883.32,4416.6,2025-08
511841,2024-09-13,Midwest,Window Treatments,Rep B,Partner,2,473.99,947.98,2024-09
511842,2025-07-13,Midwest,Accessories,Rep C,Referral,3,178.65,535.95,2025-07
511843,2025-09-16,East,Smart Blinds,Rep D,Website,4,819.57,3278.28,2025-09
511844,2025-10-13,West,Window Treatments,Rep A,Canvassing,5,167.28,836.4,2025-10
511845,2025-09-09,East,Outdoor Shades,Rep B,Inbound Call,4,571.91,2287.64,2025-09
511846,2024-02-05,South,Window Treatments,Rep D,Referral,5,154.94,774.7,2024-02
511847,2024-12-11,East,Smart Blinds,Rep A,Inbound Call,1,712.3,712.3,2024-12
511848,2024-09-05,East,Smart Blinds,Rep E,Website,5,286.38,1431.9,2024-09
511849,2024-10-18,South,Outdoor Shades,Rep A,Website,2,368.39,736.78,2024-10
511850,2025-08-17,East,Smart Blinds,Rep C,Website,3,180.0,540.0,2025-08
511851,2024-08-23,West,Accessories,Rep A,Referral,5,782.04,3910.2,2024-08
511852,2025-10-07,West,Smart Blinds,Rep B,Referral,3,688.04,2064.12,2025-10
511853,2025-04-18,West,Accessories,Rep D,Referral,4,335.15,1340.6,2025-04
511854,2024-12-09,Midwest,Smart Blinds,Rep E,Referral,1,844.86,844.86,2024-12
511855,2025-06-21,West,Outdoor Shades,Rep A,Website,3,624.23,1872.69,2025-06
511856,2025-06-07,West,Outdoor Shades,Rep B,Inbound Call,4,836.49,3345.96,2025-06
511857,2025-09-03,Midwest,Smart Blinds,Rep B,Partner,1,818.28,818.28,2025-09
511858,2024-11-04,West,Window Treatments,Rep B,Canvassing,1,1018.17,1018.17,2024-11
511859,2024-04-10,West,Smart Blinds,Rep A,Partner,1,238.38,238.38,2024-04
511860,2025-11-19,East,Smart Blinds,Rep C,Partner,4,875.2,3500.8,2025-11
511861,2025-01-07,South,Accessories,Rep E,Inbound Call,2,686.4,1372.8,2025-01
511862,2024-04-25,Midwest,Outdoor Shades,Rep E,Canvassing,2,1030.48,2060.96,2024-04
511863,2025-10-24,South,Smart Blinds,Rep C,Website,4,271.06,1084.24,2025-10
511864,2024-02-21,East,Window Treatments,Rep E,Canvassing,5,499.26,2496.3,2024-02
511865,2025-02-04,East,Accessories,Rep D,Referral,5,680.19,3400.95,2025-02
511866,2024-04-01,South,Accessories,Rep B,Referral,1,555.94,555.94,2024-04
511867,2025-06-17,Midwest,Window Treatments,Rep A,Referral,2,411.42,822.84,2025-06
511868,2025-07-29,East,Window Treatments,Rep E,Canvassing,3,657.71,1973.13,2025-07
511869,2024-05-08,Midwest,Outdoor Shades,Rep E,Inbound Call,5,1013.62,5068.1,2024-05
511870,2025-08-16,Midwest,Accessories,Rep E,Website,2,660.85,1321.7,2025-08
511871,2024-11-22,Midwest,Accessories,Rep B,Partner,4,270.5,1082.0,2024-11
511872,2024-04-24,Midwest,Window Treatments,Rep C,Inbound Call,2,925.93,1851.86,2024-04
511873,2025-12-07,East,Smart Blinds,Rep D,Website,4,193.98,775.92,2025-12
511874,2025-02-17,Midwest,Smart Blinds,Rep D,Partner,4,360.73,1442.92,2025-02
511875,2024-11-05,West,Window Treatments,Rep B,Website,4,362.61,1450.44,2024-11
511876,2025-08-01,East,Window Treatments,Rep E,Website,3,717.89,2153.67,2025-08
511877,2025-07-29,South,Smart Blinds,Rep E,Inbound Call,4,841.48,3365.92,2025-07
511878,2024-04-02,East,Outdoor Shades,Rep C,Canvassing,4,236.83,947.32,2024-04
511879,2024-02-14,East,Accessories,Rep E,Canvassing,1,280.0,280.0,2024-02
511880,2024-07-17,South,Outdoor Shades,Rep B,Website,1,1042.89,1042.89,2024-07
511881,2025-12-05,East,Outdoor Shades,Rep E,Canvassing,2,693.28,1386.56,2025-12
511882,2024-06-13,West,Window Treatments,Rep A,Referral,4,189.58,758.32,2024-06
511883,2024-02-14,West,Window Treatments,Rep C,Canvassing,3,268.46,805.38,2024-02
511884,2025-03-18,East,Window Treatments,Rep E,Referral,4,196.35,785.4,2025-03
511885,2024-08-25,Midwest,Outdoor Shades,Rep B,Canvassing,5,507.85,2539.25,2024-08
511886,2024-11-07,East,Window Treatments,Rep A,Inbound Call,1,938.19,938.19,2024-11
511887,2024-01-29,Midwest,Accessories,Rep C,Referral,4,819.24,3276.96,2024-01
511888,2024-05-19,Midwest,Window Treatments,Rep E,Canvassing,1,1071.71,1071.71,2024-05
511889,2025-07-09,West,Smart Blinds,Rep B,Canvassing,2,846.45,1692.9,2025-07
511890,2025-09-03,South,Accessories,Rep E,Website,1,818.59,818.59,2025-09
511891,2025-10-08,East,Window Treatments,Rep D,Referral,2,860.01,1720.02,2025-10
511892,2025-09-11,South,Accessories,Rep D,Canvassing,5,255.68,1278.4,2025-09
511893,2025-04-01,Midwest,Smart Blinds,Rep D,Referral,1,799.32,799.32,2025-04
511894,2024-12-08,Midwest,Smart Blinds,Rep E,Website,5,793.79,3968.95,2024-12
511895,2025-12-17,West,Smart Blinds,Rep C,Canvassing,2,130.73,261.46,2025-12
511896,2024-12-19,Midwest,Outdoor Shades,Rep D,Inbound Call,3,782.63,2347.89,2024-12
511897,2025-05-02,Midwest,Window Treatments,Rep D,Website,5,231.51,1157.55,2025-05
511898,2025-03-21,Midwest,Smart Blinds,Rep A,Referral,2,1051.63,2103.26,2025-03
511899,2024-11-17,Midwest,Window Treatments,Rep A,Partner,2,790.03,1580.06,2024-11
511900,2025-03-23,East,Window Treatments,Rep E,Referral,4,472.6,1890.4,2025-03
511901,2025-05-23,South,Accessories,Rep C,Website,2,325.66,651.32,2025-05
511902,2024-04-18,West,Accessories,Rep D,Partner,3,474.74,1424.22,2024-04
511903,2025-09-25,West,Window Treatments,Rep B,Partner,3,373.01,1119.03,2025-09
511904,2025-08-20,West,Window Treatments,Rep A,Inbound Call,2,560.6,1121.2,2025-08
511905,2024-05-15,Midwest,Smart Blinds,Rep A,Referral,2,218.63,437.26,2024-05
511906,2025-06-15,East,Smart Blinds,Rep D,Website,3,1019.26,3057.78,2025-06
511907,2024-01-08,Midwest,Outdoor Shades,Rep E,Partner,4,182.36,729.44,2024-01
511908,2025-05-29,Midwest,Accessories,Rep C,Canvassing,1,357.73,357.73,2025-05
511909,2025-01-05,Midwest,Window Treatments,Rep B,Canvassing,5,544.17,2720.85,2025-01
511910,2024-02-15,West,Accessories,Rep E,Partner,3,508.68,1526.04,2024-02
511911,2025-05-03,South,Outdoor Shades,Rep A,Inbound Call,4,621.04,2484.16,2025-05
511912,2024-06-27,South,Window Treatments,Rep C,Inbound Call,3,350.24,1050.72,2024-06
511913,2024-09-23,Midwest,Outdoor Shades,Rep C,Canvassing,3,175.44,526.32,2024-09
511914,2025-03-09,West,Outdoor Shades,Rep A,Partner,4,958.6,3834.4,2025-03
511915,2025-07-22,Midwest,Outdoor Shades,Rep B,Referral,1,232.33,232.33,2025-07
511916,2025-01-11,East,Accessories,Rep C,Inbound Call,5,780.0,3900.0,2025-01
511917,2024-01-26,East,Outdoor Shades,Rep D,Website,3,772.69,2318.07,2024-01
511918,2025-09-29,West,Window Treatments,Rep D,Inbound Call,1,208.58,208.58,2025-09
511919,2025-12-20,Midwest,Accessories,Rep D,Canvassing,4,622.16,2488.64,2025-12
511920,2025-02-28,Midwest,Outdoor Shades,Rep D,Inbound Call,3,693.54,2080.62,2025-02
511921,2024-12-26,East,Window Treatments,Rep E,Referral,4,447.29,1789.16,2024-12
511922,2024-07-16,South,Smart Blinds,Rep C,Canvassing,1,455.89,455.89,2024-07
511923,2024-03-22,West,Window Treatments,Rep D,Website,3,936.11,2808.33,2024-03
511924,2024-03-22,Midwest,Outdoor Shades,Rep A,Referral,1,707.87,707.87,2024-03
511925,2025-04-05,West,Accessories,Rep C,Inbound Call,2,590.39,1180.78,2025-04
511926,2024-01-01,Midwest,Window Treatments,Rep B,Canvassing,1,415.17,415.17,2024-01
511927,2025-04-01,Midwest,Outdoor Shades,Rep A,Inbound Call,5,596.18,2980.9,2025-04
511928,2025-03-25,Midwest,Outdoor Shades,Rep E,Referral,3,468.42,1405.26,2025-03
511929,2025-11-29,West,Outdoor Shades,Rep C,Partner,1,392.82,392.82,2025-11
511930,2025-08-30,West,Smart Blinds,Rep A,Canvassing,1,516.58,516.58,2025-08
511931,2024-06-26,East,Window Treatments,Rep A,Partner,2,402.36,804.72,2024-06
511932,2024-02-13,East,Window Treatments,Rep D,Partner,4,622.89,2491.56,2024-02
511933,2024-01-26,East,Window Treatments,Rep A,Referral,5,701.0,3505.0,2024-01
511934,2025-04-27,Midwest,Window Treatments,Rep D,Inbound Call,5,719.88,3599.4,2025-04
511935,2024-02-06,East,Smart Blinds,Rep D,Canvassing,5,963.81,4819.05,2024-02
511936,2024-09-20,West,Window Treatments,Rep B,Inbound Call,3,749.88,2249.64,2024-09
511937,2024-06-20,Midwest,Window Treatments,Rep C,Canvassing,5,360.88,1804.4,2024-06
511938,2025-11-01,South,Window Treatments,Rep E,Partner,5,937.02,4685.1,2025-11
511939,2025-06-05,West,Outdoor Shades,Rep D,Website,1,321.33,321.33,2025-06
511940,2025-01-10,South,Window Treatments,Rep D,Referral,1,917.92,917.92,2025-01
511941,2024-12-03,South,Window Treatments,Rep A,Partner,3,129.06,387.18,2024-12
511942,2024-08-07,Midwest,Outdoor Shades,Rep E,Website,3,478.67,1436.01,2024-08
511943,2024-02-23,East,Outdoor Shades,Rep D,Referral,3,1095.04,3285.12,2024-02
511944,2024-03-01,Midwest,Outdoor Shades,Rep A,Website,4,926.03,3704.12,2024-03
511945,2024-12-23,Midwest,Window Treatments,Rep D,Inbound Call,3,686.95,2060.85,2024-12
511946,2025-05-05,Midwest,Smart Blinds,Rep C,Inbound Call,2,538.56,1077.12,2025-05
511947,2024-05-10,Midwest,Accessories,Rep E,Inbound Call,3,789.96,2369.88,2024-05
511948,2024-11-03,West,Outdoor Shades,Rep B,Canvassing,4,1079.38,4317.52,2024-11
511949,2024-02-24,Midwest,Smart Blinds,Rep C,Inbound Call,1,867.86,867.86,2024-02
511950,2025-07-13,South,Smart Blinds,Rep B,Canvassing,1,320.12,320.12,2025-07
511951,2025-07-08,West,Window Treatments,Rep B,Inbound Call,3,136.14,408.42,2025-07
511952,2025-11-20,West,Window Treatments,Rep B,Website,5,935.47,4677.35,2025-11
511953,2024-04-25,South,Window Treatments,Rep C,Canvassing,4,647.73,2590.92,2024-04
511954,2024-08-11,Midwest,Outdoor Shades,Rep B,Canvassing,5,1057.52,5287.6,2024-08
511955,2024-01-27,West,Outdoor Shades,Rep D,Website,3,939.6,2818.8,2024-01
511956,2025-11-26,East,Window Treatments,Rep C,Partner,2,269.8,539.6,2025-11
511957,2024-04-14,East,Smart Blinds,Rep B,Inbound Call,2,211.27,422.54,2024-04
511958,2025-07-13,East,Window Treatments,Rep C,Website,5,425.69,2128.45,2025-07
511959,2025-02-12,East,Smart Blinds,Rep A,Canvassing,4,977.93,3911.72,2025-02
511960,2024-01-27,West,Accessories,Rep D,Partner,1,816.12,816.12,2024-01
511961,2025-10-23,West,Outdoor Shades,Rep C,Referral,2,915.03,1830.06,2025-10
511962,2025-01-23,South,Window Treatments,Rep E,Referral,5,191.92,959.6,2025-01
511963,2025-12-26,West,Window Treatments,Rep D,Website,4,344.11,1376.44,2025-12
511964,2024-11-18,East,Outdoor Shades,Rep B,Website,3,217.38,652.14,2024-11
511965,2025-03-29,Midwest,Smart Blinds,Rep B,Website,4,873.33,3493.32,2025-03
511966,2024-09-08,Midwest,Window Treatments,Rep A,Canvassing,2,615.89,1231.78,2024-09
511967,2025-06-02,West,Window Treatments,Rep D,Inbound Call,1,794.54,794.54,2025-06
511968,2025-07-08,Midwest,Window Treatments,Rep C,Inbound Call,2,368.64,737.28,2025-07
511969,2024-06-28,East,Smart Blinds,Rep D,Website,5,141.73,708.65,2024-06
511970,2025-09-20,East,Window Treatments,Rep A,Canvassing,3,197.41,592.23,2025-09
511971,2025-02-06,South,Smart Blinds,Rep D,Inbound Call,5,398.99,1994.95,2025-02
511972,2025-09-16,East,Window Treatments,Rep B,Canvassing,4,901.36,3605.44,2025-09
511973,2025-02-14,East,Window Treatments,Rep C,Inbound Call,2,436.14,872.28,2025-02
511974,2025-05-15,West,Accessories,Rep C,Referral,2,769.25,1538.5,2025-05
511975,2025-04-27,East,Smart Blinds,Rep B,Partner,3,264.97,794.91,2025-04
511976,2024-02-24,East,Outdoor Shades,Rep D,Website,3,370.53,1111.59,2024-02
511977,2025-05-27,Midwest,Window Treatments,Rep C,Inbound Call,4,187.19,748.76,2025-05
511978,2025-11-11,West,Accessories,Rep C,Referral,4,848.45,3393.8,2025-11
511979,2024-09-14,West,Window Treatments,Rep C,Website,5,157.97,789.85,2024-09
511980,2025-11-29,West,Smart Blinds,Rep D,Website,3,207.45,622.35,2025-11
511981,2025-11-21,East,Window Treatments,Rep D,Inbound Call,3,347.19,1041.57,2025-11
511982,2025-02-08,West,Window Treatments,Rep C,Referral,5,157.95,789.75,2025-02
511983,2024-05-26,West,Accessories,Rep E,Canvassing,4,1030.07,4120.28,2024-05
511984,2025-12-20,South,Outdoor Shades,Rep A,Canvassing,2,1033.08,2066.16,2025-12
511985,2024-06-17,East,Outdoor Shades,Rep D,Canvassing,1,454.0,454.0,2024-06
511986,2024-06-27,Midwest,Window Treatments,Rep A,Canvassing,4,691.97,2767.88,2024-06
511987,2024-03-15,South,Window Treatments,Rep C,Canvassing,2,977.09,1954.18,2024-03
511988,2025-12-14,Midwest,Window Treatments,Rep A,Inbound Call,2,299.34,598.68,2025-12
511989,2024-02-17,East,Accessories,Rep B,Referral,1,775.84,775.84,2024-02
511990,2024-03-09,South,Window Treatments,Rep C,Referral,4,383.12,1532.48,2024-03
511991,2025-06-19,East,Outdoor Shades,Rep C,Inbound Call,1,248.25,248.25,2025-06
511992,2024-04-28,Midwest,Window Treatments,Rep E,Inbound Call,2,218.16,436.32,2024-04
511993,2025-06-14,West,Accessories,Rep C,Partner,3,476.49,1429.47,2025-06
511994,2024-10-05,Midwest,Window Treatments,Rep A,Website,2,1035.98,2071.96,2024-10
511995,2025-02-15,West,Window Treatments,Rep C,Website,3,1007.58,3022.74,2025-02
511996,2025-09-20,West,Smart Blinds,Rep C,Canvassing,4,1073.28,4293.12,2025-09
511997,2025-05-17,West,Accessories,Rep B,Inbound Call,3,802.98,2408.94,2025-05
511998,2025-05-08,South,Window Treatments,Rep B,Website,5,333.77,1668.85,2025-05
511999,2024-02-29,East,Window Treatments,Rep A,Canvassing,1,767.21,767.21,2024-02
512000,2024-06-26,East,Window Treatments,Rep B,Referral,3,915.87,2747.61,2024-06
